ISO-10303-21;
HEADER;
/* Generated by software containing ST-Developer
 * from STEP Tools, Inc. (www.steptools.com) 
 */
/* OPTION: using custom renumber hook */

FILE_DESCRIPTION(
/* description */ ('STEP AP242 Edition 2',
'CAx-IF Rec.Pracs.---Representation and Presentation of Product Manufa
cturing Information (PMI)---4.0---2014-10-13',
'CAx-IF Rec.Pracs.---3D Tessellated Geometry---0.4---2014-09-14','2;1',
'CAx-IF Rec.Pracs.---User Defined Attributes---1.5---2016-08-15'),
/* implementation_level */ '2;1');

FILE_NAME(
/* name */ '6aad3e587adf128f302be3c7',
/* time_stamp */ '2026-09-18T13:36:24Z',
/* author */ (''),
/* organization */ (''),
/* preprocessor_version */ 'ST-DEVELOPER v20',
/* originating_system */ 'ONSHAPE BY PTC INC, 1.220',
/* authorisation */ '  ');

FILE_SCHEMA (('AP242_MANAGED_MODEL_BASED_3D_ENGINEERING_MIM_LF { 1 0 10303 442 3 1 4 }'));
ENDSEC;

DATA;
#10=OVER_RIDING_STYLED_ITEM('',(#1238),#1211,#1232);
#11=OVER_RIDING_STYLED_ITEM('',(#1239),#1212,#1232);
#12=OVER_RIDING_STYLED_ITEM('',(#1240),#1213,#1232);
#13=OVER_RIDING_STYLED_ITEM('',(#1241),#1217,#1232);
#14=OVER_RIDING_STYLED_ITEM('',(#1242),#1219,#1232);
#15=B_SPLINE_SURFACE_WITH_KNOTS('',3,3,((#2750,#2751,#2752,#2753,#2754,
#2755,#2756,#2757,#2758,#2759,#2760,#2761,#2762,#2763,#2764,#2765,#2766,
#2767,#2768,#2769,#2770,#2771,#2772,#2773,#2774,#2775,#2776,#2777,#2778,
#2779,#2780,#2781,#2782,#2783,#2784,#2785,#2786,#2787,#2788,#2789),(#2790,
#2791,#2792,#2793,#2794,#2795,#2796,#2797,#2798,#2799,#2800,#2801,#2802,
#2803,#2804,#2805,#2806,#2807,#2808,#2809,#2810,#2811,#2812,#2813,#2814,
#2815,#2816,#2817,#2818,#2819,#2820,#2821,#2822,#2823,#2824,#2825,#2826,
#2827,#2828,#2829),(#2830,#2831,#2832,#2833,#2834,#2835,#2836,#2837,#2838,
#2839,#2840,#2841,#2842,#2843,#2844,#2845,#2846,#2847,#2848,#2849,#2850,
#2851,#2852,#2853,#2854,#2855,#2856,#2857,#2858,#2859,#2860,#2861,#2862,
#2863,#2864,#2865,#2866,#2867,#2868,#2869),(#2870,#2871,#2872,#2873,#2874,
#2875,#2876,#2877,#2878,#2879,#2880,#2881,#2882,#2883,#2884,#2885,#2886,
#2887,#2888,#2889,#2890,#2891,#2892,#2893,#2894,#2895,#2896,#2897,#2898,
#2899,#2900,#2901,#2902,#2903,#2904,#2905,#2906,#2907,#2908,#2909),(#2910,
#2911,#2912,#2913,#2914,#2915,#2916,#2917,#2918,#2919,#2920,#2921,#2922,
#2923,#2924,#2925,#2926,#2927,#2928,#2929,#2930,#2931,#2932,#2933,#2934,
#2935,#2936,#2937,#2938,#2939,#2940,#2941,#2942,#2943,#2944,#2945,#2946,
#2947,#2948,#2949),(#2950,#2951,#2952,#2953,#2954,#2955,#2956,#2957,#2958,
#2959,#2960,#2961,#2962,#2963,#2964,#2965,#2966,#2967,#2968,#2969,#2970,
#2971,#2972,#2973,#2974,#2975,#2976,#2977,#2978,#2979,#2980,#2981,#2982,
#2983,#2984,#2985,#2986,#2987,#2988,#2989),(#2990,#2991,#2992,#2993,#2994,
#2995,#2996,#2997,#2998,#2999,#3000,#3001,#3002,#3003,#3004,#3005,#3006,
#3007,#3008,#3009,#3010,#3011,#3012,#3013,#3014,#3015,#3016,#3017,#3018,
#3019,#3020,#3021,#3022,#3023,#3024,#3025,#3026,#3027,#3028,#3029)),
 .UNSPECIFIED.,.F.,.F.,.F.,(4,1,1,1,4),(4,1,1,1,1,1,1,1,1,1,1,1,1,1,1,1,
1,1,1,1,1,1,1,1,1,1,1,1,1,1,1,1,1,1,1,1,1,4),(0.217077034353788,0.417432918134031,
0.560544263691347,0.703655609248663,0.904011493028906),(0.209227319299696,
0.24556069150525,0.260699596590897,0.272810720659415,0.281894063710804,
0.290977406762192,0.300060749813581,0.309144092864969,0.318227435916358,
0.327310778967746,0.339421903036264,0.354560808121911,0.372727494224688,
0.396949742361724,0.42117199049876,0.445394238635796,0.463560924738573,
0.48172761084135,0.499894296944127,0.518060983046904,0.536227669149681,
0.554394355252458,0.578616603389494,0.602838851526529,0.627061099663565,
0.645227785766342,0.66036669085199,0.672477814920508,0.680047267463331,
0.68610282949759,0.692158391531849,0.699727844074673,0.708811187126062,
0.71789453017745,0.726977873228838,0.739088997297356,0.754227902383004,
0.790561274588558),.UNSPECIFIED.);
#16=B_SPLINE_SURFACE_WITH_KNOTS('',3,3,((#3047,#3048,#3049,#3050,#3051,
#3052,#3053,#3054,#3055,#3056,#3057,#3058,#3059,#3060,#3061,#3062,#3063,
#3064,#3065,#3066,#3067,#3068,#3069,#3070,#3071,#3072,#3073,#3074,#3075,
#3076,#3077,#3078,#3079,#3080,#3081,#3082,#3083,#3084,#3085,#3086),(#3087,
#3088,#3089,#3090,#3091,#3092,#3093,#3094,#3095,#3096,#3097,#3098,#3099,
#3100,#3101,#3102,#3103,#3104,#3105,#3106,#3107,#3108,#3109,#3110,#3111,
#3112,#3113,#3114,#3115,#3116,#3117,#3118,#3119,#3120,#3121,#3122,#3123,
#3124,#3125,#3126),(#3127,#3128,#3129,#3130,#3131,#3132,#3133,#3134,#3135,
#3136,#3137,#3138,#3139,#3140,#3141,#3142,#3143,#3144,#3145,#3146,#3147,
#3148,#3149,#3150,#3151,#3152,#3153,#3154,#3155,#3156,#3157,#3158,#3159,
#3160,#3161,#3162,#3163,#3164,#3165,#3166),(#3167,#3168,#3169,#3170,#3171,
#3172,#3173,#3174,#3175,#3176,#3177,#3178,#3179,#3180,#3181,#3182,#3183,
#3184,#3185,#3186,#3187,#3188,#3189,#3190,#3191,#3192,#3193,#3194,#3195,
#3196,#3197,#3198,#3199,#3200,#3201,#3202,#3203,#3204,#3205,#3206),(#3207,
#3208,#3209,#3210,#3211,#3212,#3213,#3214,#3215,#3216,#3217,#3218,#3219,
#3220,#3221,#3222,#3223,#3224,#3225,#3226,#3227,#3228,#3229,#3230,#3231,
#3232,#3233,#3234,#3235,#3236,#3237,#3238,#3239,#3240,#3241,#3242,#3243,
#3244,#3245,#3246),(#3247,#3248,#3249,#3250,#3251,#3252,#3253,#3254,#3255,
#3256,#3257,#3258,#3259,#3260,#3261,#3262,#3263,#3264,#3265,#3266,#3267,
#3268,#3269,#3270,#3271,#3272,#3273,#3274,#3275,#3276,#3277,#3278,#3279,
#3280,#3281,#3282,#3283,#3284,#3285,#3286),(#3287,#3288,#3289,#3290,#3291,
#3292,#3293,#3294,#3295,#3296,#3297,#3298,#3299,#3300,#3301,#3302,#3303,
#3304,#3305,#3306,#3307,#3308,#3309,#3310,#3311,#3312,#3313,#3314,#3315,
#3316,#3317,#3318,#3319,#3320,#3321,#3322,#3323,#3324,#3325,#3326),(#3327,
#3328,#3329,#3330,#3331,#3332,#3333,#3334,#3335,#3336,#3337,#3338,#3339,
#3340,#3341,#3342,#3343,#3344,#3345,#3346,#3347,#3348,#3349,#3350,#3351,
#3352,#3353,#3354,#3355,#3356,#3357,#3358,#3359,#3360,#3361,#3362,#3363,
#3364,#3365,#3366),(#3367,#3368,#3369,#3370,#3371,#3372,#3373,#3374,#3375,
#3376,#3377,#3378,#3379,#3380,#3381,#3382,#3383,#3384,#3385,#3386,#3387,
#3388,#3389,#3390,#3391,#3392,#3393,#3394,#3395,#3396,#3397,#3398,#3399,
#3400,#3401,#3402,#3403,#3404,#3405,#3406)),.UNSPECIFIED.,.F.,.F.,.F.,(4,
1,1,1,1,1,4),(4,1,1,1,1,1,1,1,1,1,1,1,1,1,1,1,1,1,1,1,1,1,1,1,1,1,1,1,1,
1,1,1,1,1,1,1,1,4),(0.0952619758068013,0.297630987903402,0.398815493951702,
0.500000000000002,0.601184506048303,0.702369012096603,0.904738024193204),
(0.209187568895603,0.245523440318909,0.260663386745286,0.272775343886389,
0.281859311742215,0.290943279598042,0.300027247453868,0.309111215309695,
0.318195183165521,0.327279151021348,0.33939110816245,0.354531054588828,
0.372698990300481,0.396922904582685,0.421146818864889,0.445370733147093,
0.463538668858746,0.481706604570399,0.499874540282052,0.518042475993706,
0.536210411705359,0.554378347417012,0.578602261699216,0.60282617598142,
0.627050090263624,0.645218025975277,0.660357972401655,0.672469929542757,
0.680039902755946,0.686095881326497,0.692151859897048,0.699721833110237,
0.708805800966063,0.71788976882189,0.726973736677716,0.739085693818818,
0.754225640245196,0.790561511668502),.UNSPECIFIED.);
#17=B_SPLINE_SURFACE_WITH_KNOTS('',3,3,((#3424,#3425,#3426,#3427,#3428,
#3429,#3430,#3431,#3432,#3433,#3434,#3435,#3436,#3437,#3438,#3439,#3440,
#3441,#3442,#3443,#3444,#3445,#3446,#3447,#3448,#3449,#3450,#3451,#3452,
#3453,#3454,#3455,#3456,#3457,#3458,#3459,#3460,#3461,#3462,#3463),(#3464,
#3465,#3466,#3467,#3468,#3469,#3470,#3471,#3472,#3473,#3474,#3475,#3476,
#3477,#3478,#3479,#3480,#3481,#3482,#3483,#3484,#3485,#3486,#3487,#3488,
#3489,#3490,#3491,#3492,#3493,#3494,#3495,#3496,#3497,#3498,#3499,#3500,
#3501,#3502,#3503),(#3504,#3505,#3506,#3507,#3508,#3509,#3510,#3511,#3512,
#3513,#3514,#3515,#3516,#3517,#3518,#3519,#3520,#3521,#3522,#3523,#3524,
#3525,#3526,#3527,#3528,#3529,#3530,#3531,#3532,#3533,#3534,#3535,#3536,
#3537,#3538,#3539,#3540,#3541,#3542,#3543),(#3544,#3545,#3546,#3547,#3548,
#3549,#3550,#3551,#3552,#3553,#3554,#3555,#3556,#3557,#3558,#3559,#3560,
#3561,#3562,#3563,#3564,#3565,#3566,#3567,#3568,#3569,#3570,#3571,#3572,
#3573,#3574,#3575,#3576,#3577,#3578,#3579,#3580,#3581,#3582,#3583),(#3584,
#3585,#3586,#3587,#3588,#3589,#3590,#3591,#3592,#3593,#3594,#3595,#3596,
#3597,#3598,#3599,#3600,#3601,#3602,#3603,#3604,#3605,#3606,#3607,#3608,
#3609,#3610,#3611,#3612,#3613,#3614,#3615,#3616,#3617,#3618,#3619,#3620,
#3621,#3622,#3623),(#3624,#3625,#3626,#3627,#3628,#3629,#3630,#3631,#3632,
#3633,#3634,#3635,#3636,#3637,#3638,#3639,#3640,#3641,#3642,#3643,#3644,
#3645,#3646,#3647,#3648,#3649,#3650,#3651,#3652,#3653,#3654,#3655,#3656,
#3657,#3658,#3659,#3660,#3661,#3662,#3663),(#3664,#3665,#3666,#3667,#3668,
#3669,#3670,#3671,#3672,#3673,#3674,#3675,#3676,#3677,#3678,#3679,#3680,
#3681,#3682,#3683,#3684,#3685,#3686,#3687,#3688,#3689,#3690,#3691,#3692,
#3693,#3694,#3695,#3696,#3697,#3698,#3699,#3700,#3701,#3702,#3703),(#3704,
#3705,#3706,#3707,#3708,#3709,#3710,#3711,#3712,#3713,#3714,#3715,#3716,
#3717,#3718,#3719,#3720,#3721,#3722,#3723,#3724,#3725,#3726,#3727,#3728,
#3729,#3730,#3731,#3732,#3733,#3734,#3735,#3736,#3737,#3738,#3739,#3740,
#3741,#3742,#3743),(#3744,#3745,#3746,#3747,#3748,#3749,#3750,#3751,#3752,
#3753,#3754,#3755,#3756,#3757,#3758,#3759,#3760,#3761,#3762,#3763,#3764,
#3765,#3766,#3767,#3768,#3769,#3770,#3771,#3772,#3773,#3774,#3775,#3776,
#3777,#3778,#3779,#3780,#3781,#3782,#3783)),.UNSPECIFIED.,.F.,.F.,.F.,(4,
1,1,1,1,1,4),(4,1,1,1,1,1,1,1,1,1,1,1,1,1,1,1,1,1,1,1,1,1,1,1,1,1,1,1,1,
1,1,1,1,1,1,1,1,4),(0.0952619758067976,0.297630987903398,0.398815493951699,
0.499999999999999,0.6011845060483,0.7023690120966,0.904738024193201),(0.209187568895606,
0.245523440318911,0.260663386745288,0.272775343886389,0.281859311742216,
0.290943279598042,0.300027247453868,0.309111215309694,0.31819518316552,
0.327279151021347,0.339391108162448,0.354531054588825,0.372698990300478,
0.396922904582681,0.421146818864884,0.445370733147087,0.463538668858739,
0.481706604570392,0.499874540282044,0.518042475993697,0.536210411705349,
0.554378347417001,0.578602261699204,0.602826175981408,0.627050090263611,
0.645218025975263,0.66035797240164,0.672469929542742,0.68003990275593,0.686095881326481,
0.692151859897032,0.699721833110221,0.708805800966047,0.717889768821873,
0.726973736677699,0.739085693818801,0.754225640245178,0.790561511668482),
 .UNSPECIFIED.);
#18=B_SPLINE_SURFACE_WITH_KNOTS('',3,3,((#3801,#3802,#3803,#3804,#3805,
#3806,#3807,#3808,#3809,#3810,#3811,#3812,#3813,#3814,#3815,#3816,#3817,
#3818,#3819,#3820,#3821,#3822,#3823,#3824,#3825,#3826,#3827,#3828,#3829,
#3830,#3831,#3832,#3833,#3834,#3835,#3836,#3837,#3838,#3839,#3840),(#3841,
#3842,#3843,#3844,#3845,#3846,#3847,#3848,#3849,#3850,#3851,#3852,#3853,
#3854,#3855,#3856,#3857,#3858,#3859,#3860,#3861,#3862,#3863,#3864,#3865,
#3866,#3867,#3868,#3869,#3870,#3871,#3872,#3873,#3874,#3875,#3876,#3877,
#3878,#3879,#3880),(#3881,#3882,#3883,#3884,#3885,#3886,#3887,#3888,#3889,
#3890,#3891,#3892,#3893,#3894,#3895,#3896,#3897,#3898,#3899,#3900,#3901,
#3902,#3903,#3904,#3905,#3906,#3907,#3908,#3909,#3910,#3911,#3912,#3913,
#3914,#3915,#3916,#3917,#3918,#3919,#3920),(#3921,#3922,#3923,#3924,#3925,
#3926,#3927,#3928,#3929,#3930,#3931,#3932,#3933,#3934,#3935,#3936,#3937,
#3938,#3939,#3940,#3941,#3942,#3943,#3944,#3945,#3946,#3947,#3948,#3949,
#3950,#3951,#3952,#3953,#3954,#3955,#3956,#3957,#3958,#3959,#3960),(#3961,
#3962,#3963,#3964,#3965,#3966,#3967,#3968,#3969,#3970,#3971,#3972,#3973,
#3974,#3975,#3976,#3977,#3978,#3979,#3980,#3981,#3982,#3983,#3984,#3985,
#3986,#3987,#3988,#3989,#3990,#3991,#3992,#3993,#3994,#3995,#3996,#3997,
#3998,#3999,#4000),(#4001,#4002,#4003,#4004,#4005,#4006,#4007,#4008,#4009,
#4010,#4011,#4012,#4013,#4014,#4015,#4016,#4017,#4018,#4019,#4020,#4021,
#4022,#4023,#4024,#4025,#4026,#4027,#4028,#4029,#4030,#4031,#4032,#4033,
#4034,#4035,#4036,#4037,#4038,#4039,#4040),(#4041,#4042,#4043,#4044,#4045,
#4046,#4047,#4048,#4049,#4050,#4051,#4052,#4053,#4054,#4055,#4056,#4057,
#4058,#4059,#4060,#4061,#4062,#4063,#4064,#4065,#4066,#4067,#4068,#4069,
#4070,#4071,#4072,#4073,#4074,#4075,#4076,#4077,#4078,#4079,#4080)),
 .UNSPECIFIED.,.F.,.F.,.F.,(4,1,1,1,4),(4,1,1,1,1,1,1,1,1,1,1,1,1,1,1,1,
1,1,1,1,1,1,1,1,1,1,1,1,1,1,1,1,1,1,1,1,1,4),(0.0959885075017487,0.296344365176703,
0.439455692087384,0.582567018998065,0.782922876673019),(0.209186370511419,
0.24553487490133,0.260680085063793,0.272796253193764,0.281883379291241,
0.290970505388719,0.300057631486197,0.309144757583675,0.318231883681153,
0.32731900977863,0.339435177908601,0.354580388071064,0.372754640266019,
0.39698697652596,0.421219312785901,0.445451649045842,0.463625901240797,
0.481800153435753,0.499974405630708,0.518148657825664,0.536322910020619,
0.554497162215575,0.578729498475516,0.602961834735457,0.627194170995397,
0.645368423190353,0.660513633352816,0.672629801482786,0.680202406564018,
0.686260490629003,0.692318574693988,0.69989117977522,0.708978305872697,
0.718065431970175,0.727152558067653,0.739268726197623,0.754413936360086,
0.790762440749997),.UNSPECIFIED.);
#19=B_SPLINE_SURFACE_WITH_KNOTS('',3,3,((#4081,#4082,#4083,#4084,#4085,
#4086,#4087,#4088,#4089,#4090,#4091,#4092,#4093,#4094,#4095,#4096,#4097,
#4098,#4099,#4100,#4101,#4102,#4103,#4104,#4105,#4106,#4107,#4108,#4109,
#4110,#4111,#4112,#4113,#4114,#4115,#4116,#4117,#4118,#4119,#4120,#4121,
#4122,#4123,#4124,#4125,#4126,#4127,#4128,#4129,#4130),(#4131,#4132,#4133,
#4134,#4135,#4136,#4137,#4138,#4139,#4140,#4141,#4142,#4143,#4144,#4145,
#4146,#4147,#4148,#4149,#4150,#4151,#4152,#4153,#4154,#4155,#4156,#4157,
#4158,#4159,#4160,#4161,#4162,#4163,#4164,#4165,#4166,#4167,#4168,#4169,
#4170,#4171,#4172,#4173,#4174,#4175,#4176,#4177,#4178,#4179,#4180),(#4181,
#4182,#4183,#4184,#4185,#4186,#4187,#4188,#4189,#4190,#4191,#4192,#4193,
#4194,#4195,#4196,#4197,#4198,#4199,#4200,#4201,#4202,#4203,#4204,#4205,
#4206,#4207,#4208,#4209,#4210,#4211,#4212,#4213,#4214,#4215,#4216,#4217,
#4218,#4219,#4220,#4221,#4222,#4223,#4224,#4225,#4226,#4227,#4228,#4229,
#4230),(#4231,#4232,#4233,#4234,#4235,#4236,#4237,#4238,#4239,#4240,#4241,
#4242,#4243,#4244,#4245,#4246,#4247,#4248,#4249,#4250,#4251,#4252,#4253,
#4254,#4255,#4256,#4257,#4258,#4259,#4260,#4261,#4262,#4263,#4264,#4265,
#4266,#4267,#4268,#4269,#4270,#4271,#4272,#4273,#4274,#4275,#4276,#4277,
#4278,#4279,#4280),(#4281,#4282,#4283,#4284,#4285,#4286,#4287,#4288,#4289,
#4290,#4291,#4292,#4293,#4294,#4295,#4296,#4297,#4298,#4299,#4300,#4301,
#4302,#4303,#4304,#4305,#4306,#4307,#4308,#4309,#4310,#4311,#4312,#4313,
#4314,#4315,#4316,#4317,#4318,#4319,#4320,#4321,#4322,#4323,#4324,#4325,
#4326,#4327,#4328,#4329,#4330),(#4331,#4332,#4333,#4334,#4335,#4336,#4337,
#4338,#4339,#4340,#4341,#4342,#4343,#4344,#4345,#4346,#4347,#4348,#4349,
#4350,#4351,#4352,#4353,#4354,#4355,#4356,#4357,#4358,#4359,#4360,#4361,
#4362,#4363,#4364,#4365,#4366,#4367,#4368,#4369,#4370,#4371,#4372,#4373,
#4374,#4375,#4376,#4377,#4378,#4379,#4380),(#4381,#4382,#4383,#4384,#4385,
#4386,#4387,#4388,#4389,#4390,#4391,#4392,#4393,#4394,#4395,#4396,#4397,
#4398,#4399,#4400,#4401,#4402,#4403,#4404,#4405,#4406,#4407,#4408,#4409,
#4410,#4411,#4412,#4413,#4414,#4415,#4416,#4417,#4418,#4419,#4420,#4421,
#4422,#4423,#4424,#4425,#4426,#4427,#4428,#4429,#4430),(#4431,#4432,#4433,
#4434,#4435,#4436,#4437,#4438,#4439,#4440,#4441,#4442,#4443,#4444,#4445,
#4446,#4447,#4448,#4449,#4450,#4451,#4452,#4453,#4454,#4455,#4456,#4457,
#4458,#4459,#4460,#4461,#4462,#4463,#4464,#4465,#4466,#4467,#4468,#4469,
#4470,#4471,#4472,#4473,#4474,#4475,#4476,#4477,#4478,#4479,#4480)),
 .UNSPECIFIED.,.F.,.F.,.F.,(4,1,1,1,1,4),(4,1,1,1,1,1,1,1,1,1,1,1,1,1,1,
1,1,1,1,1,1,1,1,1,1,1,1,1,1,1,1,1,1,1,1,1,1,1,1,1,1,1,1,1,1,1,1,4),(0.0403080968704153,
0.259555216991032,0.384839285631384,0.510123354271737,0.604086405752001,
0.79201250871253),(0.0851209549252263,0.136957877364397,0.158556595047385,
0.175835569193776,0.18663492803527,0.195274415108465,0.201754030413361,
0.208233645718258,0.213633325139005,0.217953068675602,0.2222728122122,0.227672491632947,
0.234152106937843,0.242791594011038,0.253590952852532,0.270869926998923,
0.292468644681911,0.318387105901496,0.344305567121082,0.370224028340667,
0.396142489560253,0.422060950779839,0.447979411999424,0.47389787321901,
0.499816334438595,0.525734795658181,0.551653256877766,0.577571718097352,
0.603490179316937,0.629408640536523,0.655327101756108,0.681245562975694,
0.70716402419528,0.728762741878268,0.746041716024658,0.759000946634451,
0.769800305475945,0.777359856664991,0.781679600201588,0.785999343738186,
0.791399023158933,0.797878638463829,0.804358253768725,0.81299774084192,
0.823797099683415,0.841076073829805,0.862674791512793,0.914511713951964),
 .UNSPECIFIED.);
#20=CONTEXT_DEPENDENT_SHAPE_REPRESENTATION(#34,#9953);
#21=CONTEXT_DEPENDENT_SHAPE_REPRESENTATION(#35,#9955);
#22=CONTEXT_DEPENDENT_SHAPE_REPRESENTATION(#36,#9956);
#23=CONTEXT_DEPENDENT_SHAPE_REPRESENTATION(#37,#9959);
#24=CONTEXT_DEPENDENT_SHAPE_REPRESENTATION(#38,#9961);
#25=CONTEXT_DEPENDENT_SHAPE_REPRESENTATION(#39,#9963);
#26=CONTEXT_DEPENDENT_SHAPE_REPRESENTATION(#40,#9964);
#27=NEXT_ASSEMBLY_USAGE_OCCURRENCE('NAUO1','Bottle project(cap)-1',
'Bottle project(cap)-1',#9966,#9967,'');
#28=NEXT_ASSEMBLY_USAGE_OCCURRENCE('NAUO2','Bottle project(cap)-1',
'Bottle project(cap)-1',#9966,#9968,'');
#29=NEXT_ASSEMBLY_USAGE_OCCURRENCE('NAUO3',
'Bottle project(cap)-1 (2) <1>','Bottle project(cap)-1 (2) <1>',#9965,#9966,
'');
#30=NEXT_ASSEMBLY_USAGE_OCCURRENCE('NAUO4','Bottle project(Bottle)-1',
'Bottle project(Bottle)-1',#9969,#9970,'');
#31=NEXT_ASSEMBLY_USAGE_OCCURRENCE('NAUO5','Bottle project(Bottle)-1',
'Bottle project(Bottle)-1',#9969,#9971,'');
#32=NEXT_ASSEMBLY_USAGE_OCCURRENCE('NAUO6','Bottle project(Bottle)-1',
'Bottle project(Bottle)-1',#9969,#9972,'');
#33=NEXT_ASSEMBLY_USAGE_OCCURRENCE('NAUO7',
'Bottle project(Bottle)-1 (3) <1>','Bottle project(Bottle)-1 (3) <1>',#9965,
#9969,'');
#34=(
REPRESENTATION_RELATIONSHIP(' ',' ',#1311,#1310)
REPRESENTATION_RELATIONSHIP_WITH_TRANSFORMATION(#41)
SHAPE_REPRESENTATION_RELATIONSHIP()
);
#35=(
REPRESENTATION_RELATIONSHIP(' ',' ',#1312,#1310)
REPRESENTATION_RELATIONSHIP_WITH_TRANSFORMATION(#42)
SHAPE_REPRESENTATION_RELATIONSHIP()
);
#36=(
REPRESENTATION_RELATIONSHIP(' ',' ',#1310,#1309)
REPRESENTATION_RELATIONSHIP_WITH_TRANSFORMATION(#43)
SHAPE_REPRESENTATION_RELATIONSHIP()
);
#37=(
REPRESENTATION_RELATIONSHIP(' ',' ',#1314,#1313)
REPRESENTATION_RELATIONSHIP_WITH_TRANSFORMATION(#44)
SHAPE_REPRESENTATION_RELATIONSHIP()
);
#38=(
REPRESENTATION_RELATIONSHIP(' ',' ',#1315,#1313)
REPRESENTATION_RELATIONSHIP_WITH_TRANSFORMATION(#45)
SHAPE_REPRESENTATION_RELATIONSHIP()
);
#39=(
REPRESENTATION_RELATIONSHIP(' ',' ',#1316,#1313)
REPRESENTATION_RELATIONSHIP_WITH_TRANSFORMATION(#46)
SHAPE_REPRESENTATION_RELATIONSHIP()
);
#40=(
REPRESENTATION_RELATIONSHIP(' ',' ',#1313,#1309)
REPRESENTATION_RELATIONSHIP_WITH_TRANSFORMATION(#47)
SHAPE_REPRESENTATION_RELATIONSHIP()
);
#41=ITEM_DEFINED_TRANSFORMATION(' ',' ',#1317,#1346);
#42=ITEM_DEFINED_TRANSFORMATION(' ',' ',#1317,#1375);
#43=ITEM_DEFINED_TRANSFORMATION(' ',' ',#1317,#1376);
#44=ITEM_DEFINED_TRANSFORMATION(' ',' ',#1317,#1381);
#45=ITEM_DEFINED_TRANSFORMATION(' ',' ',#1317,#1412);
#46=ITEM_DEFINED_TRANSFORMATION(' ',' ',#1317,#1417);
#47=ITEM_DEFINED_TRANSFORMATION(' ',' ',#1317,#1418);
#48=SHAPE_REPRESENTATION_RELATIONSHIP('','',#1311,#53);
#49=SHAPE_REPRESENTATION_RELATIONSHIP('','',#1312,#54);
#50=SHAPE_REPRESENTATION_RELATIONSHIP('','',#1314,#55);
#51=SHAPE_REPRESENTATION_RELATIONSHIP('','',#1315,#56);
#52=SHAPE_REPRESENTATION_RELATIONSHIP('','',#1316,#57);
#53=ADVANCED_BREP_SHAPE_REPRESENTATION('',(#1296),#9933);
#54=ADVANCED_BREP_SHAPE_REPRESENTATION('',(#1297),#9934);
#55=ADVANCED_BREP_SHAPE_REPRESENTATION('',(#1298),#9936);
#56=ADVANCED_BREP_SHAPE_REPRESENTATION('',(#1299),#9937);
#57=ADVANCED_BREP_SHAPE_REPRESENTATION('',(#1300),#9938);
#58=CONICAL_SURFACE('',#1344,0.01778,0.785398163397448);
#59=CONICAL_SURFACE('',#1345,0.01524,0.78539816339745);
#60=CONICAL_SURFACE('',#1373,0.01524,0.78539816339745);
#61=CONICAL_SURFACE('',#1374,0.01778,0.785398163397448);
#62=DEGENERATE_TOROIDAL_SURFACE('',#1343,0.000381,0.000508,.T.);
#63=DEGENERATE_TOROIDAL_SURFACE('',#1372,0.000381,0.000508,.T.);
#64=(
BOUNDED_SURFACE()
B_SPLINE_SURFACE(1,2,((#2019,#2020,#2021,#2022,#2023,#2024,#2025,#2026,
#2027,#2028,#2029),(#2030,#2031,#2032,#2033,#2034,#2035,#2036,#2037,#2038,
#2039,#2040)),.UNSPECIFIED.,.F.,.F.,.F.)
B_SPLINE_SURFACE_WITH_KNOTS((2,2),(3,2,2,2,2,3),(0.,1.),(0.549989196497481,
0.553571428571429,0.571428571428571,0.589285714285714,0.607142857142857,
0.625),.PIECEWISE_BEZIER_KNOTS.)
GEOMETRIC_REPRESENTATION_ITEM()
RATIONAL_B_SPLINE_SURFACE(((0.997983346862255,0.998738637889898,1.,0.993712209893243,
1.,0.993712209893243,1.,0.993712209893243,1.,0.993712209893243,1.),(0.997983346862255,
0.998738637889898,1.,0.993712209893243,1.,0.993712209893243,1.,0.993712209893243,
1.,0.993712209893243,1.)))
REPRESENTATION_ITEM('')
SURFACE()
);
#65=(
BOUNDED_SURFACE()
B_SPLINE_SURFACE(1,2,((#2042,#2043,#2044,#2045,#2046,#2047,#2048,#2049,
#2050,#2051,#2052,#2053,#2054,#2055,#2056),(#2057,#2058,#2059,#2060,#2061,
#2062,#2063,#2064,#2065,#2066,#2067,#2068,#2069,#2070,#2071)),
 .UNSPECIFIED.,.F.,.F.,.F.)
B_SPLINE_SURFACE_WITH_KNOTS((2,2),(3,2,2,2,2,2,2,3),(0.,1.),(0.5,0.517857142857143,
0.535714285714286,0.553571428571429,0.571428571428571,0.589285714285714,
0.607142857142857,0.625),.PIECEWISE_BEZIER_KNOTS.)
GEOMETRIC_REPRESENTATION_ITEM()
RATIONAL_B_SPLINE_SURFACE(((1.,0.993712209893243,1.,0.993712209893243,1.,
0.993712209893243,1.,0.993712209893243,1.,0.993712209893243,1.,0.993712209893243,
1.,0.993712209893243,1.),(1.,0.993712209893243,1.,0.993712209893243,1.,
0.993712209893243,1.,0.993712209893243,1.,0.993712209893243,1.,0.993712209893243,
1.,0.993712209893243,1.)))
REPRESENTATION_ITEM('')
SURFACE()
);
#66=(
BOUNDED_SURFACE()
B_SPLINE_SURFACE(1,2,((#2437,#2438,#2439,#2440,#2441,#2442,#2443,#2444,
#2445,#2446,#2447),(#2448,#2449,#2450,#2451,#2452,#2453,#2454,#2455,#2456,
#2457,#2458)),.UNSPECIFIED.,.F.,.F.,.F.)
B_SPLINE_SURFACE_WITH_KNOTS((2,2),(3,2,2,2,2,3),(0.,1.),(0.549989196497481,
0.553571428571429,0.571428571428571,0.589285714285714,0.607142857142857,
0.625),.PIECEWISE_BEZIER_KNOTS.)
GEOMETRIC_REPRESENTATION_ITEM()
RATIONAL_B_SPLINE_SURFACE(((0.997983346862255,0.998738637889898,1.,0.993712209893243,
1.,0.993712209893243,1.,0.993712209893243,1.,0.993712209893243,1.),(0.997983346862255,
0.998738637889898,1.,0.993712209893243,1.,0.993712209893243,1.,0.993712209893243,
1.,0.993712209893243,1.)))
REPRESENTATION_ITEM('')
SURFACE()
);
#67=(
BOUNDED_SURFACE()
B_SPLINE_SURFACE(1,2,((#2460,#2461,#2462,#2463,#2464,#2465,#2466,#2467,
#2468,#2469,#2470,#2471,#2472,#2473,#2474),(#2475,#2476,#2477,#2478,#2479,
#2480,#2481,#2482,#2483,#2484,#2485,#2486,#2487,#2488,#2489)),
 .UNSPECIFIED.,.F.,.F.,.F.)
B_SPLINE_SURFACE_WITH_KNOTS((2,2),(3,2,2,2,2,2,2,3),(0.,1.),(0.5,0.517857142857143,
0.535714285714286,0.553571428571429,0.571428571428571,0.589285714285714,
0.607142857142857,0.625),.PIECEWISE_BEZIER_KNOTS.)
GEOMETRIC_REPRESENTATION_ITEM()
RATIONAL_B_SPLINE_SURFACE(((1.,0.993712209893243,1.,0.993712209893243,1.,
0.993712209893243,1.,0.993712209893243,1.,0.993712209893243,1.,0.993712209893243,
1.,0.993712209893243,1.),(1.,0.993712209893243,1.,0.993712209893243,1.,
0.993712209893243,1.,0.993712209893243,1.,0.993712209893243,1.,0.993712209893243,
1.,0.993712209893243,1.)))
REPRESENTATION_ITEM('')
SURFACE()
);
#68=(
BOUNDED_SURFACE()
B_SPLINE_SURFACE(3,2,((#4803,#4804,#4805,#4806,#4807,#4808,#4809,#4810,
#4811,#4812,#4813,#4814,#4815,#4816,#4817,#4818,#4819,#4820,#4821,#4822,
#4823,#4824,#4825,#4826,#4827,#4828,#4829,#4830,#4831,#4832,#4833,#4834,
#4835,#4836,#4837,#4838,#4839,#4840,#4841,#4842,#4843,#4844,#4845,#4846,
#4847,#4848,#4849,#4850,#4851,#4852,#4853,#4854,#4855,#4856,#4857,#4858,
#4859,#4860,#4861,#4862,#4863,#4864,#4865,#4866,#4867,#4868,#4869,#4870,
#4871,#4872,#4873,#4874,#4875,#4876,#4877,#4878,#4879,#4880,#4881,#4882,
#4883,#4884,#4885,#4886,#4887,#4888,#4889,#4890,#4891,#4892,#4893,#4894,
#4895,#4896,#4897,#4898,#4899),(#4900,#4901,#4902,#4903,#4904,#4905,#4906,
#4907,#4908,#4909,#4910,#4911,#4912,#4913,#4914,#4915,#4916,#4917,#4918,
#4919,#4920,#4921,#4922,#4923,#4924,#4925,#4926,#4927,#4928,#4929,#4930,
#4931,#4932,#4933,#4934,#4935,#4936,#4937,#4938,#4939,#4940,#4941,#4942,
#4943,#4944,#4945,#4946,#4947,#4948,#4949,#4950,#4951,#4952,#4953,#4954,
#4955,#4956,#4957,#4958,#4959,#4960,#4961,#4962,#4963,#4964,#4965,#4966,
#4967,#4968,#4969,#4970,#4971,#4972,#4973,#4974,#4975,#4976,#4977,#4978,
#4979,#4980,#4981,#4982,#4983,#4984,#4985,#4986,#4987,#4988,#4989,#4990,
#4991,#4992,#4993,#4994,#4995,#4996),(#4997,#4998,#4999,#5000,#5001,#5002,
#5003,#5004,#5005,#5006,#5007,#5008,#5009,#5010,#5011,#5012,#5013,#5014,
#5015,#5016,#5017,#5018,#5019,#5020,#5021,#5022,#5023,#5024,#5025,#5026,
#5027,#5028,#5029,#5030,#5031,#5032,#5033,#5034,#5035,#5036,#5037,#5038,
#5039,#5040,#5041,#5042,#5043,#5044,#5045,#5046,#5047,#5048,#5049,#5050,
#5051,#5052,#5053,#5054,#5055,#5056,#5057,#5058,#5059,#5060,#5061,#5062,
#5063,#5064,#5065,#5066,#5067,#5068,#5069,#5070,#5071,#5072,#5073,#5074,
#5075,#5076,#5077,#5078,#5079,#5080,#5081,#5082,#5083,#5084,#5085,#5086,
#5087,#5088,#5089,#5090,#5091,#5092,#5093),(#5094,#5095,#5096,#5097,#5098,
#5099,#5100,#5101,#5102,#5103,#5104,#5105,#5106,#5107,#5108,#5109,#5110,
#5111,#5112,#5113,#5114,#5115,#5116,#5117,#5118,#5119,#5120,#5121,#5122,
#5123,#5124,#5125,#5126,#5127,#5128,#5129,#5130,#5131,#5132,#5133,#5134,
#5135,#5136,#5137,#5138,#5139,#5140,#5141,#5142,#5143,#5144,#5145,#5146,
#5147,#5148,#5149,#5150,#5151,#5152,#5153,#5154,#5155,#5156,#5157,#5158,
#5159,#5160,#5161,#5162,#5163,#5164,#5165,#5166,#5167,#5168,#5169,#5170,
#5171,#5172,#5173,#5174,#5175,#5176,#5177,#5178,#5179,#5180,#5181,#5182,
#5183,#5184,#5185,#5186,#5187,#5188,#5189,#5190),(#5191,#5192,#5193,#5194,
#5195,#5196,#5197,#5198,#5199,#5200,#5201,#5202,#5203,#5204,#5205,#5206,
#5207,#5208,#5209,#5210,#5211,#5212,#5213,#5214,#5215,#5216,#5217,#5218,
#5219,#5220,#5221,#5222,#5223,#5224,#5225,#5226,#5227,#5228,#5229,#5230,
#5231,#5232,#5233,#5234,#5235,#5236,#5237,#5238,#5239,#5240,#5241,#5242,
#5243,#5244,#5245,#5246,#5247,#5248,#5249,#5250,#5251,#5252,#5253,#5254,
#5255,#5256,#5257,#5258,#5259,#5260,#5261,#5262,#5263,#5264,#5265,#5266,
#5267,#5268,#5269,#5270,#5271,#5272,#5273,#5274,#5275,#5276,#5277,#5278,
#5279,#5280,#5281,#5282,#5283,#5284,#5285,#5286,#5287),(#5288,#5289,#5290,
#5291,#5292,#5293,#5294,#5295,#5296,#5297,#5298,#5299,#5300,#5301,#5302,
#5303,#5304,#5305,#5306,#5307,#5308,#5309,#5310,#5311,#5312,#5313,#5314,
#5315,#5316,#5317,#5318,#5319,#5320,#5321,#5322,#5323,#5324,#5325,#5326,
#5327,#5328,#5329,#5330,#5331,#5332,#5333,#5334,#5335,#5336,#5337,#5338,
#5339,#5340,#5341,#5342,#5343,#5344,#5345,#5346,#5347,#5348,#5349,#5350,
#5351,#5352,#5353,#5354,#5355,#5356,#5357,#5358,#5359,#5360,#5361,#5362,
#5363,#5364,#5365,#5366,#5367,#5368,#5369,#5370,#5371,#5372,#5373,#5374,
#5375,#5376,#5377,#5378,#5379,#5380,#5381,#5382,#5383,#5384),(#5385,#5386,
#5387,#5388,#5389,#5390,#5391,#5392,#5393,#5394,#5395,#5396,#5397,#5398,
#5399,#5400,#5401,#5402,#5403,#5404,#5405,#5406,#5407,#5408,#5409,#5410,
#5411,#5412,#5413,#5414,#5415,#5416,#5417,#5418,#5419,#5420,#5421,#5422,
#5423,#5424,#5425,#5426,#5427,#5428,#5429,#5430,#5431,#5432,#5433,#5434,
#5435,#5436,#5437,#5438,#5439,#5440,#5441,#5442,#5443,#5444,#5445,#5446,
#5447,#5448,#5449,#5450,#5451,#5452,#5453,#5454,#5455,#5456,#5457,#5458,
#5459,#5460,#5461,#5462,#5463,#5464,#5465,#5466,#5467,#5468,#5469,#5470,
#5471,#5472,#5473,#5474,#5475,#5476,#5477,#5478,#5479,#5480,#5481)),
 .UNSPECIFIED.,.F.,.F.,.F.)
B_SPLINE_SURFACE_WITH_KNOTS((4,3,4),(3,2,2,2,2,2,2,2,2,2,2,2,2,2,2,2,2,
2,2,2,2,2,2,2,2,2,2,2,2,2,2,2,2,2,2,2,2,2,2,2,2,2,2,2,2,2,2,2,3),(0.,1.,
1.01),(-0.00465599492284925,0.0041265858373669,0.0207943710538002,0.0374621562702335,
0.0541299414866668,0.0707977267031001,0.0874655119195335,0.104133297135967,
0.1208010823524,0.137468867568833,0.154136652785266,0.1708044380017,0.187472223218134,
0.204140008434566,0.220807793651,0.237475578867433,0.254143364083867,0.2708111493003,
0.287478934516733,0.304146719733167,0.3208145049496,0.337482290166033,0.354150075382467,
0.370817860598899,0.387485645815333,0.404153431031766,0.4208212162482,0.437489001464633,
0.454156786681066,0.4708245718975,0.487492357113933,0.504160142330366,0.5208279275468,
0.537495712763233,0.554163497979666,0.570831283196099,0.587499068412533,
0.604166853628966,0.620834638845399,0.637502424061833,0.654170209278266,
0.670837994494699,0.687505779711133,0.704173564927566,0.720841350143999,
0.737509135360433,0.754176920576866,0.770844705793299,0.779511142735082),
 .PIECEWISE_BEZIER_KNOTS.)
GEOMETRIC_REPRESENTATION_ITEM()
RATIONAL_B_SPLINE_SURFACE(((0.971008288724347,0.970667053074855,0.977005132750657,
0.964976578319429,0.977005132750657,0.964976578319429,0.977005132750657,
0.964976578319429,0.977005132750657,0.964976578319429,0.977005132750657,
0.964976578319429,0.977005132750657,0.964976578319429,0.977005132750657,
0.964976578319429,0.977005132750657,0.964976578319429,0.977005132750657,
0.964976578319429,0.977005132750657,0.964976578319429,0.977005132750657,
0.964976578319429,0.977005132750657,0.964976578319429,0.977005132750657,
0.964976578319429,0.977005132750657,0.964976578319429,0.977005132750657,
0.964976578319429,0.977005132750657,0.964976578319429,0.977005132750657,
0.964976578319429,0.977005132750657,0.964976578319429,0.977005132750657,
0.964976578319429,0.977005132750657,0.964976578319429,0.977005132750657,
0.964976578319429,0.977005132750657,0.964976578319429,0.977005132750657,
0.964976578319429,0.977005132750657,0.964976578319429,0.977005132750657,
0.964976578319429,0.977005132750657,0.964976578319429,0.977005132750657,
0.964976578319429,0.977005132750657,0.964976578319429,0.977005132750657,
0.964976578319429,0.977005132750657,0.964976578319429,0.977005132750657,
0.964976578319429,0.977005132750657,0.964976578319429,0.977005132750657,
0.964976578319429,0.977005132750657,0.964976578319429,0.977005132750657,
0.964976578319429,0.977005132750657,0.964976578319429,0.977005132750657,
0.964976578319429,0.977005132750657,0.964976578319429,0.977005132750657,
0.964976578319429,0.977005132750657,0.964976578319429,0.977005132750657,
0.964976578319429,0.977005132750657,0.964976578319429,0.977005132750657,
0.964976578319429,0.977005132750657,0.964976578319429,0.977005132750657,
0.964976578319429,0.977005132750657,0.964976578319429,0.977005132750657,
0.970750869984164,0.971000431592575),(0.884281326455144,0.883970568744555,
0.889742553976793,0.878788346694218,0.889742553976793,0.878788346694218,
0.889742553976793,0.878788346694218,0.889742553976793,0.878788346694218,
0.889742553976793,0.878788346694218,0.889742553976793,0.878788346694218,
0.889742553976793,0.878788346694218,0.889742553976793,0.878788346694218,
0.889742553976793,0.878788346694218,0.889742553976793,0.878788346694218,
0.889742553976793,0.878788346694218,0.889742553976793,0.878788346694218,
0.889742553976793,0.878788346694218,0.889742553976793,0.878788346694218,
0.889742553976793,0.878788346694218,0.889742553976793,0.878788346694218,
0.889742553976793,0.878788346694218,0.889742553976793,0.878788346694218,
0.889742553976793,0.878788346694218,0.889742553976793,0.878788346694218,
0.889742553976793,0.878788346694218,0.889742553976793,0.878788346694218,
0.889742553976793,0.878788346694218,0.889742553976793,0.878788346694218,
0.889742553976793,0.878788346694218,0.889742553976793,0.878788346694218,
0.889742553976793,0.878788346694218,0.889742553976793,0.878788346694218,
0.889742553976793,0.878788346694218,0.889742553976793,0.878788346694218,
0.889742553976793,0.878788346694218,0.889742553976793,0.878788346694218,
0.889742553976793,0.878788346694218,0.889742553976793,0.878788346694218,
0.889742553976793,0.878788346694218,0.889742553976793,0.878788346694218,
0.889742553976793,0.878788346694218,0.889742553976793,0.878788346694218,
0.889742553976793,0.878788346694218,0.889742553976793,0.878788346694218,
0.889742553976793,0.878788346694218,0.889742553976793,0.878788346694218,
0.889742553976793,0.878788346694218,0.889742553976793,0.878788346694218,
0.889742553976793,0.878788346694218,0.889742553976793,0.878788346694218,
0.889742553976793,0.884046899429477,0.884274171094077),(0.884281326455144,
0.883970568744555,0.889742553976793,0.878788346694218,0.889742553976793,
0.878788346694218,0.889742553976793,0.878788346694218,0.889742553976793,
0.878788346694218,0.889742553976793,0.878788346694218,0.889742553976793,
0.878788346694218,0.889742553976793,0.878788346694218,0.889742553976793,
0.878788346694218,0.889742553976793,0.878788346694218,0.889742553976793,
0.878788346694218,0.889742553976793,0.878788346694218,0.889742553976793,
0.878788346694218,0.889742553976793,0.878788346694218,0.889742553976793,
0.878788346694218,0.889742553976793,0.878788346694218,0.889742553976793,
0.878788346694218,0.889742553976793,0.878788346694218,0.889742553976793,
0.878788346694218,0.889742553976793,0.878788346694218,0.889742553976793,
0.878788346694218,0.889742553976793,0.878788346694218,0.889742553976793,
0.878788346694218,0.889742553976793,0.878788346694218,0.889742553976793,
0.878788346694218,0.889742553976793,0.878788346694218,0.889742553976793,
0.878788346694218,0.889742553976793,0.878788346694218,0.889742553976793,
0.878788346694218,0.889742553976793,0.878788346694218,0.889742553976793,
0.878788346694218,0.889742553976793,0.878788346694218,0.889742553976793,
0.878788346694218,0.889742553976793,0.878788346694218,0.889742553976793,
0.878788346694218,0.889742553976793,0.878788346694218,0.889742553976793,
0.878788346694218,0.889742553976793,0.878788346694218,0.889742553976793,
0.878788346694218,0.889742553976793,0.878788346694218,0.889742553976793,
0.878788346694218,0.889742553976793,0.878788346694218,0.889742553976793,
0.878788346694218,0.889742553976793,0.878788346694218,0.889742553976793,
0.878788346694218,0.889742553976793,0.878788346694218,0.889742553976793,
0.878788346694218,0.889742553976793,0.884046899429477,0.884274171094077),
(0.971008288724347,0.970667053074855,0.977005132750657,0.964976578319429,
0.977005132750657,0.964976578319429,0.977005132750657,0.964976578319429,
0.977005132750657,0.964976578319429,0.977005132750657,0.964976578319429,
0.977005132750657,0.964976578319429,0.977005132750657,0.964976578319429,
0.977005132750657,0.964976578319429,0.977005132750657,0.964976578319429,
0.977005132750657,0.964976578319429,0.977005132750657,0.964976578319429,
0.977005132750657,0.964976578319429,0.977005132750657,0.964976578319429,
0.977005132750657,0.964976578319429,0.977005132750657,0.964976578319429,
0.977005132750657,0.964976578319429,0.977005132750657,0.964976578319429,
0.977005132750657,0.964976578319429,0.977005132750657,0.964976578319429,
0.977005132750657,0.964976578319429,0.977005132750657,0.964976578319429,
0.977005132750657,0.964976578319429,0.977005132750657,0.964976578319429,
0.977005132750657,0.964976578319429,0.977005132750657,0.964976578319429,
0.977005132750657,0.964976578319429,0.977005132750657,0.964976578319429,
0.977005132750657,0.964976578319429,0.977005132750657,0.964976578319429,
0.977005132750657,0.964976578319429,0.977005132750657,0.964976578319429,
0.977005132750657,0.964976578319429,0.977005132750657,0.964976578319429,
0.977005132750657,0.964976578319429,0.977005132750657,0.964976578319429,
0.977005132750657,0.964976578319429,0.977005132750657,0.964976578319429,
0.977005132750657,0.964976578319429,0.977005132750657,0.964976578319429,
0.977005132750657,0.964976578319429,0.977005132750657,0.964976578319429,
0.977005132750657,0.964976578319429,0.977005132750657,0.964976578319429,
0.977005132750657,0.964976578319429,0.977005132750657,0.964976578319429,
0.977005132750657,0.964976578319429,0.977005132750657,0.970750869984164,
0.971000431592575),(0.971008288724347,0.970667053074855,0.977005132750657,
0.964976578319429,0.977005132750657,0.964976578319429,0.977005132750657,
0.964976578319429,0.977005132750657,0.964976578319429,0.977005132750657,
0.964976578319429,0.977005132750657,0.964976578319429,0.977005132750657,
0.964976578319429,0.977005132750657,0.964976578319429,0.977005132750657,
0.964976578319429,0.977005132750657,0.964976578319429,0.977005132750657,
0.964976578319429,0.977005132750657,0.964976578319429,0.977005132750657,
0.964976578319429,0.977005132750657,0.964976578319429,0.977005132750657,
0.964976578319429,0.977005132750657,0.964976578319429,0.977005132750657,
0.964976578319429,0.977005132750657,0.964976578319429,0.977005132750657,
0.964976578319429,0.977005132750657,0.964976578319429,0.977005132750657,
0.964976578319429,0.977005132750657,0.964976578319429,0.977005132750657,
0.964976578319429,0.977005132750657,0.964976578319429,0.977005132750657,
0.964976578319429,0.977005132750657,0.964976578319429,0.977005132750657,
0.964976578319429,0.977005132750657,0.964976578319429,0.977005132750657,
0.964976578319429,0.977005132750657,0.964976578319429,0.977005132750657,
0.964976578319429,0.977005132750657,0.964976578319429,0.977005132750657,
0.964976578319429,0.977005132750657,0.964976578319429,0.977005132750657,
0.964976578319429,0.977005132750657,0.964976578319429,0.977005132750657,
0.964976578319429,0.977005132750657,0.964976578319429,0.977005132750657,
0.964976578319429,0.977005132750657,0.964976578319429,0.977005132750657,
0.964976578319429,0.977005132750657,0.964976578319429,0.977005132750657,
0.964976578319429,0.977005132750657,0.964976578319429,0.977005132750657,
0.964976578319429,0.977005132750657,0.964976578319429,0.977005132750657,
0.970750869984164,0.971000431592575),(0.971008288724347,0.970667053074855,
0.977005132750657,0.964976578319429,0.977005132750657,0.964976578319429,
0.977005132750657,0.964976578319429,0.977005132750657,0.964976578319429,
0.977005132750657,0.964976578319429,0.977005132750657,0.964976578319429,
0.977005132750657,0.964976578319429,0.977005132750657,0.964976578319429,
0.977005132750657,0.964976578319429,0.977005132750657,0.964976578319429,
0.977005132750657,0.964976578319429,0.977005132750657,0.964976578319429,
0.977005132750657,0.964976578319429,0.977005132750657,0.964976578319429,
0.977005132750657,0.964976578319429,0.977005132750657,0.964976578319429,
0.977005132750657,0.964976578319429,0.977005132750657,0.964976578319429,
0.977005132750657,0.964976578319429,0.977005132750657,0.964976578319429,
0.977005132750657,0.964976578319429,0.977005132750657,0.964976578319429,
0.977005132750657,0.964976578319429,0.977005132750657,0.964976578319429,
0.977005132750657,0.964976578319429,0.977005132750657,0.964976578319429,
0.977005132750657,0.964976578319429,0.977005132750657,0.964976578319429,
0.977005132750657,0.964976578319429,0.977005132750657,0.964976578319429,
0.977005132750657,0.964976578319429,0.977005132750657,0.964976578319429,
0.977005132750657,0.964976578319429,0.977005132750657,0.964976578319429,
0.977005132750657,0.964976578319429,0.977005132750657,0.964976578319429,
0.977005132750657,0.964976578319429,0.977005132750657,0.964976578319429,
0.977005132750657,0.964976578319429,0.977005132750657,0.964976578319429,
0.977005132750657,0.964976578319429,0.977005132750657,0.964976578319429,
0.977005132750657,0.964976578319429,0.977005132750657,0.964976578319429,
0.977005132750657,0.964976578319429,0.977005132750657,0.964976578319429,
0.977005132750657,0.970750869984164,0.971000431592575),(0.971008288724347,
0.970667053074855,0.977005132750657,0.964976578319429,0.977005132750657,
0.964976578319429,0.977005132750657,0.964976578319429,0.977005132750657,
0.964976578319429,0.977005132750657,0.964976578319429,0.977005132750657,
0.964976578319429,0.977005132750657,0.964976578319429,0.977005132750657,
0.964976578319429,0.977005132750657,0.964976578319429,0.977005132750657,
0.964976578319429,0.977005132750657,0.964976578319429,0.977005132750657,
0.964976578319429,0.977005132750657,0.964976578319429,0.977005132750657,
0.964976578319429,0.977005132750657,0.964976578319429,0.977005132750657,
0.964976578319429,0.977005132750657,0.964976578319429,0.977005132750657,
0.964976578319429,0.977005132750657,0.964976578319429,0.977005132750657,
0.964976578319429,0.977005132750657,0.964976578319429,0.977005132750657,
0.964976578319429,0.977005132750657,0.964976578319429,0.977005132750657,
0.964976578319429,0.977005132750657,0.964976578319429,0.977005132750657,
0.964976578319429,0.977005132750657,0.964976578319429,0.977005132750657,
0.964976578319429,0.977005132750657,0.964976578319429,0.977005132750657,
0.964976578319429,0.977005132750657,0.964976578319429,0.977005132750657,
0.964976578319429,0.977005132750657,0.964976578319429,0.977005132750657,
0.964976578319429,0.977005132750657,0.964976578319429,0.977005132750657,
0.964976578319429,0.977005132750657,0.964976578319429,0.977005132750657,
0.964976578319429,0.977005132750657,0.964976578319429,0.977005132750657,
0.964976578319429,0.977005132750657,0.964976578319429,0.977005132750657,
0.964976578319429,0.977005132750657,0.964976578319429,0.977005132750657,
0.964976578319429,0.977005132750657,0.964976578319429,0.977005132750657,
0.964976578319429,0.977005132750657,0.970750869984164,0.971000431592575)))
REPRESENTATION_ITEM('')
SURFACE()
);
#69=(
BOUNDED_SURFACE()
B_SPLINE_SURFACE(1,2,((#5517,#5518,#5519,#5520,#5521,#5522,#5523,#5524,
#5525,#5526,#5527,#5528,#5529,#5530,#5531,#5532,#5533,#5534,#5535,#5536,
#5537,#5538,#5539,#5540,#5541,#5542,#5543,#5544,#5545,#5546,#5547,#5548,
#5549,#5550,#5551,#5552,#5553,#5554,#5555,#5556,#5557,#5558,#5559,#5560,
#5561,#5562,#5563,#5564,#5565,#5566,#5567,#5568,#5569,#5570,#5571,#5572,
#5573,#5574,#5575,#5576,#5577,#5578,#5579,#5580,#5581,#5582,#5583,#5584,
#5585,#5586,#5587,#5588,#5589,#5590,#5591,#5592,#5593,#5594,#5595,#5596,
#5597,#5598,#5599,#5600,#5601,#5602,#5603,#5604,#5605,#5606,#5607,#5608,
#5609,#5610,#5611,#5612,#5613),(#5614,#5615,#5616,#5617,#5618,#5619,#5620,
#5621,#5622,#5623,#5624,#5625,#5626,#5627,#5628,#5629,#5630,#5631,#5632,
#5633,#5634,#5635,#5636,#5637,#5638,#5639,#5640,#5641,#5642,#5643,#5644,
#5645,#5646,#5647,#5648,#5649,#5650,#5651,#5652,#5653,#5654,#5655,#5656,
#5657,#5658,#5659,#5660,#5661,#5662,#5663,#5664,#5665,#5666,#5667,#5668,
#5669,#5670,#5671,#5672,#5673,#5674,#5675,#5676,#5677,#5678,#5679,#5680,
#5681,#5682,#5683,#5684,#5685,#5686,#5687,#5688,#5689,#5690,#5691,#5692,
#5693,#5694,#5695,#5696,#5697,#5698,#5699,#5700,#5701,#5702,#5703,#5704,
#5705,#5706,#5707,#5708,#5709,#5710),(#5711,#5712,#5713,#5714,#5715,#5716,
#5717,#5718,#5719,#5720,#5721,#5722,#5723,#5724,#5725,#5726,#5727,#5728,
#5729,#5730,#5731,#5732,#5733,#5734,#5735,#5736,#5737,#5738,#5739,#5740,
#5741,#5742,#5743,#5744,#5745,#5746,#5747,#5748,#5749,#5750,#5751,#5752,
#5753,#5754,#5755,#5756,#5757,#5758,#5759,#5760,#5761,#5762,#5763,#5764,
#5765,#5766,#5767,#5768,#5769,#5770,#5771,#5772,#5773,#5774,#5775,#5776,
#5777,#5778,#5779,#5780,#5781,#5782,#5783,#5784,#5785,#5786,#5787,#5788,
#5789,#5790,#5791,#5792,#5793,#5794,#5795,#5796,#5797,#5798,#5799,#5800,
#5801,#5802,#5803,#5804,#5805,#5806,#5807)),.RULED_SURF.,.F.,.F.,.F.)
B_SPLINE_SURFACE_WITH_KNOTS((2,1,2),(3,2,2,2,2,2,2,2,2,2,2,2,2,2,2,2,2,
2,2,2,2,2,2,2,2,2,2,2,2,2,2,2,2,2,2,2,2,2,2,2,2,2,2,2,2,2,2,2,3),(0.,1.,
1.00543694745564),(-0.00465599290878248,0.0041265651771207,0.0207943503952059,
0.037462135613291,0.0541299208313762,0.0707977060494613,0.0874654912675465,
0.104133276485632,0.120801061703717,0.137468846921802,0.154136632139887,
0.170804417357972,0.187472202576057,0.204139987794142,0.220807773012228,
0.237475558230313,0.254143343448398,0.270811128666483,0.287478913884568,
0.304146699102654,0.320814484320739,0.337482269538824,0.354150054756909,
0.370817839974994,0.387485625193079,0.404153410411164,0.420821195629249,
0.437488980847335,0.45415676606542,0.470824551283505,0.48749233650159,0.504160121719675,
0.52082790693776,0.537495692155846,0.554163477373931,0.570831262592016,
0.587499047810101,0.604166833028186,0.620834618246271,0.637502403464356,
0.654170188682442,0.670837973900527,0.687505759118612,0.704173544336697,
0.720841329554782,0.737509114772867,0.754176899990953,0.770844685209038,
0.779510803429298),.PIECEWISE_BEZIER_KNOTS.)
GEOMETRIC_REPRESENTATION_ITEM()
RATIONAL_B_SPLINE_SURFACE(((0.971008272249749,0.970667054731294,0.977005117947181,
0.964976563698208,0.977005117947181,0.964976563698208,0.977005117947181,
0.964976563698208,0.977005117947181,0.964976563698208,0.977005117947181,
0.964976563698208,0.977005117947181,0.964976563698208,0.977005117947181,
0.964976563698208,0.977005117947181,0.964976563698208,0.977005117947181,
0.964976563698208,0.977005117947181,0.964976563698208,0.977005117947181,
0.964976563698208,0.977005117947181,0.964976563698208,0.977005117947181,
0.964976563698208,0.977005117947181,0.964976563698208,0.977005117947181,
0.964976563698208,0.977005117947181,0.964976563698208,0.977005117947181,
0.964976563698208,0.977005117947181,0.964976563698208,0.977005117947181,
0.964976563698208,0.977005117947181,0.964976563698208,0.977005117947181,
0.964976563698208,0.977005117947181,0.964976563698208,0.977005117947181,
0.964976563698208,0.977005117947181,0.964976563698208,0.977005117947181,
0.964976563698208,0.977005117947181,0.964976563698208,0.977005117947181,
0.964976563698208,0.977005117947181,0.964976563698208,0.977005117947181,
0.964976563698208,0.977005117947181,0.964976563698208,0.977005117947181,
0.964976563698208,0.977005117947181,0.964976563698208,0.977005117947181,
0.964976563698208,0.977005117947181,0.964976563698208,0.977005117947181,
0.964976563698208,0.977005117947181,0.964976563698208,0.977005117947181,
0.964976563698208,0.977005117947181,0.964976563698208,0.977005117947181,
0.964976563698208,0.977005117947181,0.964976563698208,0.977005117947181,
0.964976563698208,0.977005117947181,0.964976563698208,0.977005117947181,
0.964976563698208,0.977005117947181,0.964976563698208,0.977005117947181,
0.964976563698208,0.977005117947181,0.964976563698208,0.977005117947181,
0.970751085286183,0.971000398532806),(0.971008272249749,0.970667054731294,
0.977005117947181,0.964976563698208,0.977005117947181,0.964976563698208,
0.977005117947181,0.964976563698208,0.977005117947181,0.964976563698208,
0.977005117947181,0.964976563698208,0.977005117947181,0.964976563698208,
0.977005117947181,0.964976563698208,0.977005117947181,0.964976563698208,
0.977005117947181,0.964976563698208,0.977005117947181,0.964976563698208,
0.977005117947181,0.964976563698208,0.977005117947181,0.964976563698208,
0.977005117947181,0.964976563698208,0.977005117947181,0.964976563698208,
0.977005117947181,0.964976563698208,0.977005117947181,0.964976563698208,
0.977005117947181,0.964976563698208,0.977005117947181,0.964976563698208,
0.977005117947181,0.964976563698208,0.977005117947181,0.964976563698208,
0.977005117947181,0.964976563698208,0.977005117947181,0.964976563698208,
0.977005117947181,0.964976563698208,0.977005117947181,0.964976563698208,
0.977005117947181,0.964976563698208,0.977005117947181,0.964976563698208,
0.977005117947181,0.964976563698208,0.977005117947181,0.964976563698208,
0.977005117947181,0.964976563698208,0.977005117947181,0.964976563698208,
0.977005117947181,0.964976563698208,0.977005117947181,0.964976563698208,
0.977005117947181,0.964976563698208,0.977005117947181,0.964976563698208,
0.977005117947181,0.964976563698208,0.977005117947181,0.964976563698208,
0.977005117947181,0.964976563698208,0.977005117947181,0.964976563698208,
0.977005117947181,0.964976563698208,0.977005117947181,0.964976563698208,
0.977005117947181,0.964976563698208,0.977005117947181,0.964976563698208,
0.977005117947181,0.964976563698208,0.977005117947181,0.964976563698208,
0.977005117947181,0.964976563698208,0.977005117947181,0.964976563698208,
0.977005117947181,0.970751085286183,0.971000398532806),(0.971008272249749,
0.970667054731294,0.977005117947181,0.964976563698208,0.977005117947181,
0.964976563698208,0.977005117947181,0.964976563698208,0.977005117947181,
0.964976563698208,0.977005117947181,0.964976563698208,0.977005117947181,
0.964976563698208,0.977005117947181,0.964976563698208,0.977005117947181,
0.964976563698208,0.977005117947181,0.964976563698208,0.977005117947181,
0.964976563698208,0.977005117947181,0.964976563698208,0.977005117947181,
0.964976563698208,0.977005117947181,0.964976563698208,0.977005117947181,
0.964976563698208,0.977005117947181,0.964976563698208,0.977005117947181,
0.964976563698208,0.977005117947181,0.964976563698208,0.977005117947181,
0.964976563698208,0.977005117947181,0.964976563698208,0.977005117947181,
0.964976563698208,0.977005117947181,0.964976563698208,0.977005117947181,
0.964976563698208,0.977005117947181,0.964976563698208,0.977005117947181,
0.964976563698208,0.977005117947181,0.964976563698208,0.977005117947181,
0.964976563698208,0.977005117947181,0.964976563698208,0.977005117947181,
0.964976563698208,0.977005117947181,0.964976563698208,0.977005117947181,
0.964976563698208,0.977005117947181,0.964976563698208,0.977005117947181,
0.964976563698208,0.977005117947181,0.964976563698208,0.977005117947181,
0.964976563698208,0.977005117947181,0.964976563698208,0.977005117947181,
0.964976563698208,0.977005117947181,0.964976563698208,0.977005117947181,
0.964976563698208,0.977005117947181,0.964976563698208,0.977005117947181,
0.964976563698208,0.977005117947181,0.964976563698208,0.977005117947181,
0.964976563698208,0.977005117947181,0.964976563698208,0.977005117947181,
0.964976563698208,0.977005117947181,0.964976563698208,0.977005117947181,
0.964976563698208,0.977005117947181,0.970751085286183,0.971000398532806)))
REPRESENTATION_ITEM('')
SURFACE()
);
#70=(
BOUNDED_SURFACE()
B_SPLINE_SURFACE(3,2,((#5843,#5844,#5845,#5846,#5847,#5848,#5849,#5850,
#5851,#5852,#5853,#5854,#5855,#5856,#5857,#5858,#5859,#5860,#5861,#5862,
#5863,#5864,#5865,#5866,#5867,#5868,#5869,#5870,#5871,#5872,#5873,#5874,
#5875,#5876,#5877,#5878,#5879,#5880,#5881,#5882,#5883,#5884,#5885,#5886,
#5887,#5888,#5889,#5890,#5891,#5892,#5893,#5894,#5895,#5896,#5897,#5898,
#5899,#5900,#5901,#5902,#5903,#5904,#5905,#5906,#5907,#5908,#5909,#5910,
#5911,#5912,#5913,#5914,#5915,#5916,#5917,#5918,#5919,#5920,#5921,#5922,
#5923,#5924,#5925,#5926,#5927,#5928,#5929,#5930,#5931,#5932,#5933,#5934,
#5935,#5936,#5937,#5938,#5939),(#5940,#5941,#5942,#5943,#5944,#5945,#5946,
#5947,#5948,#5949,#5950,#5951,#5952,#5953,#5954,#5955,#5956,#5957,#5958,
#5959,#5960,#5961,#5962,#5963,#5964,#5965,#5966,#5967,#5968,#5969,#5970,
#5971,#5972,#5973,#5974,#5975,#5976,#5977,#5978,#5979,#5980,#5981,#5982,
#5983,#5984,#5985,#5986,#5987,#5988,#5989,#5990,#5991,#5992,#5993,#5994,
#5995,#5996,#5997,#5998,#5999,#6000,#6001,#6002,#6003,#6004,#6005,#6006,
#6007,#6008,#6009,#6010,#6011,#6012,#6013,#6014,#6015,#6016,#6017,#6018,
#6019,#6020,#6021,#6022,#6023,#6024,#6025,#6026,#6027,#6028,#6029,#6030,
#6031,#6032,#6033,#6034,#6035,#6036),(#6037,#6038,#6039,#6040,#6041,#6042,
#6043,#6044,#6045,#6046,#6047,#6048,#6049,#6050,#6051,#6052,#6053,#6054,
#6055,#6056,#6057,#6058,#6059,#6060,#6061,#6062,#6063,#6064,#6065,#6066,
#6067,#6068,#6069,#6070,#6071,#6072,#6073,#6074,#6075,#6076,#6077,#6078,
#6079,#6080,#6081,#6082,#6083,#6084,#6085,#6086,#6087,#6088,#6089,#6090,
#6091,#6092,#6093,#6094,#6095,#6096,#6097,#6098,#6099,#6100,#6101,#6102,
#6103,#6104,#6105,#6106,#6107,#6108,#6109,#6110,#6111,#6112,#6113,#6114,
#6115,#6116,#6117,#6118,#6119,#6120,#6121,#6122,#6123,#6124,#6125,#6126,
#6127,#6128,#6129,#6130,#6131,#6132,#6133),(#6134,#6135,#6136,#6137,#6138,
#6139,#6140,#6141,#6142,#6143,#6144,#6145,#6146,#6147,#6148,#6149,#6150,
#6151,#6152,#6153,#6154,#6155,#6156,#6157,#6158,#6159,#6160,#6161,#6162,
#6163,#6164,#6165,#6166,#6167,#6168,#6169,#6170,#6171,#6172,#6173,#6174,
#6175,#6176,#6177,#6178,#6179,#6180,#6181,#6182,#6183,#6184,#6185,#6186,
#6187,#6188,#6189,#6190,#6191,#6192,#6193,#6194,#6195,#6196,#6197,#6198,
#6199,#6200,#6201,#6202,#6203,#6204,#6205,#6206,#6207,#6208,#6209,#6210,
#6211,#6212,#6213,#6214,#6215,#6216,#6217,#6218,#6219,#6220,#6221,#6222,
#6223,#6224,#6225,#6226,#6227,#6228,#6229,#6230),(#6231,#6232,#6233,#6234,
#6235,#6236,#6237,#6238,#6239,#6240,#6241,#6242,#6243,#6244,#6245,#6246,
#6247,#6248,#6249,#6250,#6251,#6252,#6253,#6254,#6255,#6256,#6257,#6258,
#6259,#6260,#6261,#6262,#6263,#6264,#6265,#6266,#6267,#6268,#6269,#6270,
#6271,#6272,#6273,#6274,#6275,#6276,#6277,#6278,#6279,#6280,#6281,#6282,
#6283,#6284,#6285,#6286,#6287,#6288,#6289,#6290,#6291,#6292,#6293,#6294,
#6295,#6296,#6297,#6298,#6299,#6300,#6301,#6302,#6303,#6304,#6305,#6306,
#6307,#6308,#6309,#6310,#6311,#6312,#6313,#6314,#6315,#6316,#6317,#6318,
#6319,#6320,#6321,#6322,#6323,#6324,#6325,#6326,#6327),(#6328,#6329,#6330,
#6331,#6332,#6333,#6334,#6335,#6336,#6337,#6338,#6339,#6340,#6341,#6342,
#6343,#6344,#6345,#6346,#6347,#6348,#6349,#6350,#6351,#6352,#6353,#6354,
#6355,#6356,#6357,#6358,#6359,#6360,#6361,#6362,#6363,#6364,#6365,#6366,
#6367,#6368,#6369,#6370,#6371,#6372,#6373,#6374,#6375,#6376,#6377,#6378,
#6379,#6380,#6381,#6382,#6383,#6384,#6385,#6386,#6387,#6388,#6389,#6390,
#6391,#6392,#6393,#6394,#6395,#6396,#6397,#6398,#6399,#6400,#6401,#6402,
#6403,#6404,#6405,#6406,#6407,#6408,#6409,#6410,#6411,#6412,#6413,#6414,
#6415,#6416,#6417,#6418,#6419,#6420,#6421,#6422,#6423,#6424),(#6425,#6426,
#6427,#6428,#6429,#6430,#6431,#6432,#6433,#6434,#6435,#6436,#6437,#6438,
#6439,#6440,#6441,#6442,#6443,#6444,#6445,#6446,#6447,#6448,#6449,#6450,
#6451,#6452,#6453,#6454,#6455,#6456,#6457,#6458,#6459,#6460,#6461,#6462,
#6463,#6464,#6465,#6466,#6467,#6468,#6469,#6470,#6471,#6472,#6473,#6474,
#6475,#6476,#6477,#6478,#6479,#6480,#6481,#6482,#6483,#6484,#6485,#6486,
#6487,#6488,#6489,#6490,#6491,#6492,#6493,#6494,#6495,#6496,#6497,#6498,
#6499,#6500,#6501,#6502,#6503,#6504,#6505,#6506,#6507,#6508,#6509,#6510,
#6511,#6512,#6513,#6514,#6515,#6516,#6517,#6518,#6519,#6520,#6521),(#6522,
#6523,#6524,#6525,#6526,#6527,#6528,#6529,#6530,#6531,#6532,#6533,#6534,
#6535,#6536,#6537,#6538,#6539,#6540,#6541,#6542,#6543,#6544,#6545,#6546,
#6547,#6548,#6549,#6550,#6551,#6552,#6553,#6554,#6555,#6556,#6557,#6558,
#6559,#6560,#6561,#6562,#6563,#6564,#6565,#6566,#6567,#6568,#6569,#6570,
#6571,#6572,#6573,#6574,#6575,#6576,#6577,#6578,#6579,#6580,#6581,#6582,
#6583,#6584,#6585,#6586,#6587,#6588,#6589,#6590,#6591,#6592,#6593,#6594,
#6595,#6596,#6597,#6598,#6599,#6600,#6601,#6602,#6603,#6604,#6605,#6606,
#6607,#6608,#6609,#6610,#6611,#6612,#6613,#6614,#6615,#6616,#6617,#6618),
(#6619,#6620,#6621,#6622,#6623,#6624,#6625,#6626,#6627,#6628,#6629,#6630,
#6631,#6632,#6633,#6634,#6635,#6636,#6637,#6638,#6639,#6640,#6641,#6642,
#6643,#6644,#6645,#6646,#6647,#6648,#6649,#6650,#6651,#6652,#6653,#6654,
#6655,#6656,#6657,#6658,#6659,#6660,#6661,#6662,#6663,#6664,#6665,#6666,
#6667,#6668,#6669,#6670,#6671,#6672,#6673,#6674,#6675,#6676,#6677,#6678,
#6679,#6680,#6681,#6682,#6683,#6684,#6685,#6686,#6687,#6688,#6689,#6690,
#6691,#6692,#6693,#6694,#6695,#6696,#6697,#6698,#6699,#6700,#6701,#6702,
#6703,#6704,#6705,#6706,#6707,#6708,#6709,#6710,#6711,#6712,#6713,#6714,
#6715),(#6716,#6717,#6718,#6719,#6720,#6721,#6722,#6723,#6724,#6725,#6726,
#6727,#6728,#6729,#6730,#6731,#6732,#6733,#6734,#6735,#6736,#6737,#6738,
#6739,#6740,#6741,#6742,#6743,#6744,#6745,#6746,#6747,#6748,#6749,#6750,
#6751,#6752,#6753,#6754,#6755,#6756,#6757,#6758,#6759,#6760,#6761,#6762,
#6763,#6764,#6765,#6766,#6767,#6768,#6769,#6770,#6771,#6772,#6773,#6774,
#6775,#6776,#6777,#6778,#6779,#6780,#6781,#6782,#6783,#6784,#6785,#6786,
#6787,#6788,#6789,#6790,#6791,#6792,#6793,#6794,#6795,#6796,#6797,#6798,
#6799,#6800,#6801,#6802,#6803,#6804,#6805,#6806,#6807,#6808,#6809,#6810,
#6811,#6812)),.UNSPECIFIED.,.F.,.F.,.F.)
B_SPLINE_SURFACE_WITH_KNOTS((4,3,3,4),(3,2,2,2,2,2,2,2,2,2,2,2,2,2,2,2,
2,2,2,2,2,2,2,2,2,2,2,2,2,2,2,2,2,2,2,2,2,2,2,2,2,2,2,2,2,2,2,2,3),(-0.030375012817238,
0.,1.,1.005),(-0.00465594024952475,0.00412645178415641,0.0207942370113075,
0.0374620222384585,0.0541298074656095,0.0707975926927606,0.0874653779199116,
0.104133163147063,0.120800948374214,0.137468733601365,0.154136518828516,
0.170804304055667,0.187472089282818,0.204139874509969,0.22080765973712,
0.237475444964271,0.254143230191422,0.270811015418573,0.287478800645724,
0.304146585872875,0.320814371100026,0.337482156327177,0.354149941554328,
0.37081772678148,0.38748551200863,0.404153297235782,0.420821082462933,0.437488867690083,
0.454156652917234,0.470824438144386,0.487492223371537,0.504160008598688,
0.520827793825839,0.53749557905299,0.554163364280141,0.570831149507292,
0.587498934734443,0.604166719961594,0.620834505188745,0.637502290415896,
0.654170075643047,0.670837860870198,0.687505646097349,0.7041734313245,0.720841216551651,
0.737509001778802,0.754176787005953,0.770844572233104,0.779510706690858),
 .PIECEWISE_BEZIER_KNOTS.)
GEOMETRIC_REPRESENTATION_ITEM()
RATIONAL_B_SPLINE_SURFACE(((0.97100817860065,0.970667093848867,0.977005036700201,
0.964976483451513,0.977005036700201,0.964976483451513,0.977005036700201,
0.964976483451513,0.977005036700201,0.964976483451513,0.977005036700201,
0.964976483451513,0.977005036700201,0.964976483451513,0.977005036700201,
0.964976483451513,0.977005036700201,0.964976483451513,0.977005036700201,
0.964976483451513,0.977005036700201,0.964976483451513,0.977005036700201,
0.964976483451513,0.977005036700201,0.964976483451513,0.977005036700201,
0.964976483451513,0.977005036700201,0.964976483451513,0.977005036700201,
0.964976483451513,0.977005036700201,0.964976483451513,0.977005036700201,
0.964976483451513,0.977005036700201,0.964976483451513,0.977005036700201,
0.964976483451513,0.977005036700201,0.964976483451513,0.977005036700201,
0.964976483451513,0.977005036700201,0.964976483451513,0.977005036700201,
0.964976483451513,0.977005036700201,0.964976483451513,0.977005036700201,
0.964976483451513,0.977005036700201,0.964976483451513,0.977005036700201,
0.964976483451513,0.977005036700201,0.964976483451513,0.977005036700201,
0.964976483451513,0.977005036700201,0.964976483451513,0.977005036700201,
0.964976483451513,0.977005036700201,0.964976483451513,0.977005036700201,
0.964976483451513,0.977005036700201,0.964976483451513,0.977005036700201,
0.964976483451513,0.977005036700201,0.964976483451513,0.977005036700201,
0.964976483451513,0.977005036700201,0.964976483451513,0.977005036700201,
0.964976483451513,0.977005036700201,0.964976483451513,0.977005036700201,
0.964976483451513,0.977005036700201,0.964976483451513,0.977005036700201,
0.964976483451513,0.977005036700201,0.964976483451513,0.977005036700201,
0.964976483451513,0.977005036700201,0.964976483451513,0.977005036700201,
0.970750992844657,0.97100031871919),(0.97100817860065,0.970667093848867,
0.977005036700201,0.964976483451513,0.977005036700201,0.964976483451513,
0.977005036700201,0.964976483451513,0.977005036700201,0.964976483451513,
0.977005036700201,0.964976483451513,0.977005036700201,0.964976483451513,
0.977005036700201,0.964976483451513,0.977005036700201,0.964976483451513,
0.977005036700201,0.964976483451513,0.977005036700201,0.964976483451513,
0.977005036700201,0.964976483451513,0.977005036700201,0.964976483451513,
0.977005036700201,0.964976483451513,0.977005036700201,0.964976483451513,
0.977005036700201,0.964976483451513,0.977005036700201,0.964976483451513,
0.977005036700201,0.964976483451513,0.977005036700201,0.964976483451513,
0.977005036700201,0.964976483451513,0.977005036700201,0.964976483451513,
0.977005036700201,0.964976483451513,0.977005036700201,0.964976483451513,
0.977005036700201,0.964976483451513,0.977005036700201,0.964976483451513,
0.977005036700201,0.964976483451513,0.977005036700201,0.964976483451513,
0.977005036700201,0.964976483451513,0.977005036700201,0.964976483451513,
0.977005036700201,0.964976483451513,0.977005036700201,0.964976483451513,
0.977005036700201,0.964976483451513,0.977005036700201,0.964976483451513,
0.977005036700201,0.964976483451513,0.977005036700201,0.964976483451513,
0.977005036700201,0.964976483451513,0.977005036700201,0.964976483451513,
0.977005036700201,0.964976483451513,0.977005036700201,0.964976483451513,
0.977005036700201,0.964976483451513,0.977005036700201,0.964976483451513,
0.977005036700201,0.964976483451513,0.977005036700201,0.964976483451513,
0.977005036700201,0.964976483451513,0.977005036700201,0.964976483451513,
0.977005036700201,0.964976483451513,0.977005036700201,0.964976483451513,
0.977005036700201,0.970750992844657,0.97100031871919),(0.97100817860065,
0.970667093848867,0.977005036700201,0.964976483451513,0.977005036700201,
0.964976483451513,0.977005036700201,0.964976483451513,0.977005036700201,
0.964976483451513,0.977005036700201,0.964976483451513,0.977005036700201,
0.964976483451513,0.977005036700201,0.964976483451513,0.977005036700201,
0.964976483451513,0.977005036700201,0.964976483451513,0.977005036700201,
0.964976483451513,0.977005036700201,0.964976483451513,0.977005036700201,
0.964976483451513,0.977005036700201,0.964976483451513,0.977005036700201,
0.964976483451513,0.977005036700201,0.964976483451513,0.977005036700201,
0.964976483451513,0.977005036700201,0.964976483451513,0.977005036700201,
0.964976483451513,0.977005036700201,0.964976483451513,0.977005036700201,
0.964976483451513,0.977005036700201,0.964976483451513,0.977005036700201,
0.964976483451513,0.977005036700201,0.964976483451513,0.977005036700201,
0.964976483451513,0.977005036700201,0.964976483451513,0.977005036700201,
0.964976483451513,0.977005036700201,0.964976483451513,0.977005036700201,
0.964976483451513,0.977005036700201,0.964976483451513,0.977005036700201,
0.964976483451513,0.977005036700201,0.964976483451513,0.977005036700201,
0.964976483451513,0.977005036700201,0.964976483451513,0.977005036700201,
0.964976483451513,0.977005036700201,0.964976483451513,0.977005036700201,
0.964976483451513,0.977005036700201,0.964976483451513,0.977005036700201,
0.964976483451513,0.977005036700201,0.964976483451513,0.977005036700201,
0.964976483451513,0.977005036700201,0.964976483451513,0.977005036700201,
0.964976483451513,0.977005036700201,0.964976483451513,0.977005036700201,
0.964976483451513,0.977005036700201,0.964976483451513,0.977005036700201,
0.964976483451513,0.977005036700201,0.970750992844657,0.97100031871919),
(0.97100817860065,0.970667093848867,0.977005036700201,0.964976483451513,
0.977005036700201,0.964976483451513,0.977005036700201,0.964976483451513,
0.977005036700201,0.964976483451513,0.977005036700201,0.964976483451513,
0.977005036700201,0.964976483451513,0.977005036700201,0.964976483451513,
0.977005036700201,0.964976483451513,0.977005036700201,0.964976483451513,
0.977005036700201,0.964976483451513,0.977005036700201,0.964976483451513,
0.977005036700201,0.964976483451513,0.977005036700201,0.964976483451513,
0.977005036700201,0.964976483451513,0.977005036700201,0.964976483451513,
0.977005036700201,0.964976483451513,0.977005036700201,0.964976483451513,
0.977005036700201,0.964976483451513,0.977005036700201,0.964976483451513,
0.977005036700201,0.964976483451513,0.977005036700201,0.964976483451513,
0.977005036700201,0.964976483451513,0.977005036700201,0.964976483451513,
0.977005036700201,0.964976483451513,0.977005036700201,0.964976483451513,
0.977005036700201,0.964976483451513,0.977005036700201,0.964976483451513,
0.977005036700201,0.964976483451513,0.977005036700201,0.964976483451513,
0.977005036700201,0.964976483451513,0.977005036700201,0.964976483451513,
0.977005036700201,0.964976483451513,0.977005036700201,0.964976483451513,
0.977005036700201,0.964976483451513,0.977005036700201,0.964976483451513,
0.977005036700201,0.964976483451513,0.977005036700201,0.964976483451513,
0.977005036700201,0.964976483451513,0.977005036700201,0.964976483451513,
0.977005036700201,0.964976483451513,0.977005036700201,0.964976483451513,
0.977005036700201,0.964976483451513,0.977005036700201,0.964976483451513,
0.977005036700201,0.964976483451513,0.977005036700201,0.964976483451513,
0.977005036700201,0.964976483451513,0.977005036700201,0.970750992844657,
0.97100031871919),(0.884281226167291,0.883970605876772,0.889742466505209,
0.878788260299555,0.889742466505209,0.878788260299555,0.889742466505209,
0.878788260299555,0.889742466505209,0.878788260299555,0.889742466505209,
0.878788260299555,0.889742466505209,0.878788260299555,0.889742466505209,
0.878788260299555,0.889742466505209,0.878788260299555,0.889742466505209,
0.878788260299555,0.889742466505209,0.878788260299555,0.889742466505209,
0.878788260299555,0.889742466505209,0.878788260299555,0.889742466505209,
0.878788260299555,0.889742466505209,0.878788260299555,0.889742466505209,
0.878788260299555,0.889742466505209,0.878788260299555,0.889742466505209,
0.878788260299555,0.889742466505209,0.878788260299555,0.889742466505209,
0.878788260299555,0.889742466505209,0.878788260299555,0.889742466505209,
0.878788260299555,0.889742466505209,0.878788260299555,0.889742466505209,
0.878788260299555,0.889742466505209,0.878788260299555,0.889742466505209,
0.878788260299555,0.889742466505209,0.878788260299555,0.889742466505209,
0.878788260299555,0.889742466505209,0.878788260299555,0.889742466505209,
0.878788260299555,0.889742466505209,0.878788260299555,0.889742466505209,
0.878788260299555,0.889742466505209,0.878788260299555,0.889742466505209,
0.878788260299555,0.889742466505209,0.878788260299555,0.889742466505209,
0.878788260299555,0.889742466505209,0.878788260299555,0.889742466505209,
0.878788260299555,0.889742466505209,0.878788260299555,0.889742466505209,
0.878788260299555,0.889742466505209,0.878788260299555,0.889742466505209,
0.878788260299555,0.889742466505209,0.878788260299555,0.889742466505209,
0.878788260299555,0.889742466505209,0.878788260299555,0.889742466505209,
0.878788260299555,0.889742466505209,0.878788260299555,0.889742466505209,
0.884047011316506,0.884274068302128),(0.884281226167291,0.883970605876772,
0.889742466505209,0.878788260299555,0.889742466505209,0.878788260299555,
0.889742466505209,0.878788260299555,0.889742466505209,0.878788260299555,
0.889742466505209,0.878788260299555,0.889742466505209,0.878788260299555,
0.889742466505209,0.878788260299555,0.889742466505209,0.878788260299555,
0.889742466505209,0.878788260299555,0.889742466505209,0.878788260299555,
0.889742466505209,0.878788260299555,0.889742466505209,0.878788260299555,
0.889742466505209,0.878788260299555,0.889742466505209,0.878788260299555,
0.889742466505209,0.878788260299555,0.889742466505209,0.878788260299555,
0.889742466505209,0.878788260299555,0.889742466505209,0.878788260299555,
0.889742466505209,0.878788260299555,0.889742466505209,0.878788260299555,
0.889742466505209,0.878788260299555,0.889742466505209,0.878788260299555,
0.889742466505209,0.878788260299555,0.889742466505209,0.878788260299555,
0.889742466505209,0.878788260299555,0.889742466505209,0.878788260299555,
0.889742466505209,0.878788260299555,0.889742466505209,0.878788260299555,
0.889742466505209,0.878788260299555,0.889742466505209,0.878788260299555,
0.889742466505209,0.878788260299555,0.889742466505209,0.878788260299555,
0.889742466505209,0.878788260299555,0.889742466505209,0.878788260299555,
0.889742466505209,0.878788260299555,0.889742466505209,0.878788260299555,
0.889742466505209,0.878788260299555,0.889742466505209,0.878788260299555,
0.889742466505209,0.878788260299555,0.889742466505209,0.878788260299555,
0.889742466505209,0.878788260299555,0.889742466505209,0.878788260299555,
0.889742466505209,0.878788260299555,0.889742466505209,0.878788260299555,
0.889742466505209,0.878788260299555,0.889742466505209,0.878788260299555,
0.889742466505209,0.884047011316506,0.884274068302128),(0.97100817860065,
0.970667093848867,0.977005036700201,0.964976483451513,0.977005036700201,
0.964976483451513,0.977005036700201,0.964976483451513,0.977005036700201,
0.964976483451513,0.977005036700201,0.964976483451513,0.977005036700201,
0.964976483451513,0.977005036700201,0.964976483451513,0.977005036700201,
0.964976483451513,0.977005036700201,0.964976483451513,0.977005036700201,
0.964976483451513,0.977005036700201,0.964976483451513,0.977005036700201,
0.964976483451513,0.977005036700201,0.964976483451513,0.977005036700201,
0.964976483451513,0.977005036700201,0.964976483451513,0.977005036700201,
0.964976483451513,0.977005036700201,0.964976483451513,0.977005036700201,
0.964976483451513,0.977005036700201,0.964976483451513,0.977005036700201,
0.964976483451513,0.977005036700201,0.964976483451513,0.977005036700201,
0.964976483451513,0.977005036700201,0.964976483451513,0.977005036700201,
0.964976483451513,0.977005036700201,0.964976483451513,0.977005036700201,
0.964976483451513,0.977005036700201,0.964976483451513,0.977005036700201,
0.964976483451513,0.977005036700201,0.964976483451513,0.977005036700201,
0.964976483451513,0.977005036700201,0.964976483451513,0.977005036700201,
0.964976483451513,0.977005036700201,0.964976483451513,0.977005036700201,
0.964976483451513,0.977005036700201,0.964976483451513,0.977005036700201,
0.964976483451513,0.977005036700201,0.964976483451513,0.977005036700201,
0.964976483451513,0.977005036700201,0.964976483451513,0.977005036700201,
0.964976483451513,0.977005036700201,0.964976483451513,0.977005036700201,
0.964976483451513,0.977005036700201,0.964976483451513,0.977005036700201,
0.964976483451513,0.977005036700201,0.964976483451513,0.977005036700201,
0.964976483451513,0.977005036700201,0.970750992844657,0.97100031871919),
(0.97100817860065,0.970667093848867,0.977005036700201,0.964976483451513,
0.977005036700201,0.964976483451513,0.977005036700201,0.964976483451513,
0.977005036700201,0.964976483451513,0.977005036700201,0.964976483451513,
0.977005036700201,0.964976483451513,0.977005036700201,0.964976483451513,
0.977005036700201,0.964976483451513,0.977005036700201,0.964976483451513,
0.977005036700201,0.964976483451513,0.977005036700201,0.964976483451513,
0.977005036700201,0.964976483451513,0.977005036700201,0.964976483451513,
0.977005036700201,0.964976483451513,0.977005036700201,0.964976483451513,
0.977005036700201,0.964976483451513,0.977005036700201,0.964976483451513,
0.977005036700201,0.964976483451513,0.977005036700201,0.964976483451513,
0.977005036700201,0.964976483451513,0.977005036700201,0.964976483451513,
0.977005036700201,0.964976483451513,0.977005036700201,0.964976483451513,
0.977005036700201,0.964976483451513,0.977005036700201,0.964976483451513,
0.977005036700201,0.964976483451513,0.977005036700201,0.964976483451513,
0.977005036700201,0.964976483451513,0.977005036700201,0.964976483451513,
0.977005036700201,0.964976483451513,0.977005036700201,0.964976483451513,
0.977005036700201,0.964976483451513,0.977005036700201,0.964976483451513,
0.977005036700201,0.964976483451513,0.977005036700201,0.964976483451513,
0.977005036700201,0.964976483451513,0.977005036700201,0.964976483451513,
0.977005036700201,0.964976483451513,0.977005036700201,0.964976483451513,
0.977005036700201,0.964976483451513,0.977005036700201,0.964976483451513,
0.977005036700201,0.964976483451513,0.977005036700201,0.964976483451513,
0.977005036700201,0.964976483451513,0.977005036700201,0.964976483451513,
0.977005036700201,0.964976483451513,0.977005036700201,0.970750992844657,
0.97100031871919),(0.97100817860065,0.970667093848867,0.977005036700201,
0.964976483451513,0.977005036700201,0.964976483451513,0.977005036700201,
0.964976483451513,0.977005036700201,0.964976483451513,0.977005036700201,
0.964976483451513,0.977005036700201,0.964976483451513,0.977005036700201,
0.964976483451513,0.977005036700201,0.964976483451513,0.977005036700201,
0.964976483451513,0.977005036700201,0.964976483451513,0.977005036700201,
0.964976483451513,0.977005036700201,0.964976483451513,0.977005036700201,
0.964976483451513,0.977005036700201,0.964976483451513,0.977005036700201,
0.964976483451513,0.977005036700201,0.964976483451513,0.977005036700201,
0.964976483451513,0.977005036700201,0.964976483451513,0.977005036700201,
0.964976483451513,0.977005036700201,0.964976483451513,0.977005036700201,
0.964976483451513,0.977005036700201,0.964976483451513,0.977005036700201,
0.964976483451513,0.977005036700201,0.964976483451513,0.977005036700201,
0.964976483451513,0.977005036700201,0.964976483451513,0.977005036700201,
0.964976483451513,0.977005036700201,0.964976483451513,0.977005036700201,
0.964976483451513,0.977005036700201,0.964976483451513,0.977005036700201,
0.964976483451513,0.977005036700201,0.964976483451513,0.977005036700201,
0.964976483451513,0.977005036700201,0.964976483451513,0.977005036700201,
0.964976483451513,0.977005036700201,0.964976483451513,0.977005036700201,
0.964976483451513,0.977005036700201,0.964976483451513,0.977005036700201,
0.964976483451513,0.977005036700201,0.964976483451513,0.977005036700201,
0.964976483451513,0.977005036700201,0.964976483451513,0.977005036700201,
0.964976483451513,0.977005036700201,0.964976483451513,0.977005036700201,
0.964976483451513,0.977005036700201,0.964976483451513,0.977005036700201,
0.970750992844657,0.97100031871919),(0.97100817860065,0.970667093848867,
0.977005036700201,0.964976483451513,0.977005036700201,0.964976483451513,
0.977005036700201,0.964976483451513,0.977005036700201,0.964976483451513,
0.977005036700201,0.964976483451513,0.977005036700201,0.964976483451513,
0.977005036700201,0.964976483451513,0.977005036700201,0.964976483451513,
0.977005036700201,0.964976483451513,0.977005036700201,0.964976483451513,
0.977005036700201,0.964976483451513,0.977005036700201,0.964976483451513,
0.977005036700201,0.964976483451513,0.977005036700201,0.964976483451513,
0.977005036700201,0.964976483451513,0.977005036700201,0.964976483451513,
0.977005036700201,0.964976483451513,0.977005036700201,0.964976483451513,
0.977005036700201,0.964976483451513,0.977005036700201,0.964976483451513,
0.977005036700201,0.964976483451513,0.977005036700201,0.964976483451513,
0.977005036700201,0.964976483451513,0.977005036700201,0.964976483451513,
0.977005036700201,0.964976483451513,0.977005036700201,0.964976483451513,
0.977005036700201,0.964976483451513,0.977005036700201,0.964976483451513,
0.977005036700201,0.964976483451513,0.977005036700201,0.964976483451513,
0.977005036700201,0.964976483451513,0.977005036700201,0.964976483451513,
0.977005036700201,0.964976483451513,0.977005036700201,0.964976483451513,
0.977005036700201,0.964976483451513,0.977005036700201,0.964976483451513,
0.977005036700201,0.964976483451513,0.977005036700201,0.964976483451513,
0.977005036700201,0.964976483451513,0.977005036700201,0.964976483451513,
0.977005036700201,0.964976483451513,0.977005036700201,0.964976483451513,
0.977005036700201,0.964976483451513,0.977005036700201,0.964976483451513,
0.977005036700201,0.964976483451513,0.977005036700201,0.964976483451513,
0.977005036700201,0.970750992844657,0.97100031871919)))
REPRESENTATION_ITEM('')
SURFACE()
);
#71=(
BOUNDED_SURFACE()
B_SPLINE_SURFACE(1,2,((#6862,#6863,#6864,#6865,#6866,#6867,#6868,#6869,
#6870,#6871,#6872,#6873,#6874,#6875,#6876,#6877,#6878,#6879,#6880,#6881,
#6882,#6883,#6884,#6885,#6886,#6887,#6888,#6889,#6890,#6891,#6892,#6893,
#6894,#6895,#6896,#6897,#6898,#6899,#6900,#6901,#6902,#6903,#6904,#6905,
#6906,#6907,#6908,#6909,#6910),(#6911,#6912,#6913,#6914,#6915,#6916,#6917,
#6918,#6919,#6920,#6921,#6922,#6923,#6924,#6925,#6926,#6927,#6928,#6929,
#6930,#6931,#6932,#6933,#6934,#6935,#6936,#6937,#6938,#6939,#6940,#6941,
#6942,#6943,#6944,#6945,#6946,#6947,#6948,#6949,#6950,#6951,#6952,#6953,
#6954,#6955,#6956,#6957,#6958,#6959)),.SURF_OF_LINEAR_EXTRUSION.,.F.,.F.,
 .F.)
B_SPLINE_SURFACE_WITH_KNOTS((2,2),(3,2,2,2,2,2,2,2,2,2,2,2,2,2,2,2,2,2,
2,2,2,2,2,2,3),(0.,1.),(0.,0.0333333333333333,0.0666666666666667,0.1,0.133333333333333,
0.166666666666667,0.2,0.233333333333334,0.266666666666666,0.3,0.333333333333334,
0.366666666666666,0.4,0.433333333333334,0.466666666666667,0.5,0.533333333333333,
0.566666666666667,0.6,0.633333333333333,0.666666666666667,0.7,0.733333333333333,
0.766666666666667,0.77485499805756),.PIECEWISE_BEZIER_KNOTS.)
GEOMETRIC_REPRESENTATION_ITEM()
RATIONAL_B_SPLINE_SURFACE(((1.,0.951056516295153,1.,0.951056516295153,1.,
0.951056516295153,1.,0.951056516295153,1.,0.951056516295153,1.,0.951056516295153,
1.,0.951056516295153,1.,0.951056516295153,1.,0.951056516295153,1.,0.951056516295153,
1.,0.951056516295153,1.,0.951056516295153,1.,0.951056516295153,1.,0.951056516295153,
1.,0.951056516295153,1.,0.951056516295153,1.,0.951056516295153,1.,0.951056516295153,
1.,0.951056516295153,1.,0.951056516295153,1.,0.951056516295153,1.,0.951056516295153,
1.,0.951056516295153,1.,0.987977036079998,0.981860952932659),(1.,0.951056516295153,
1.,0.951056516295153,1.,0.951056516295153,1.,0.951056516295153,1.,0.951056516295153,
1.,0.951056516295153,1.,0.951056516295153,1.,0.951056516295153,1.,0.951056516295153,
1.,0.951056516295153,1.,0.951056516295153,1.,0.951056516295153,1.,0.951056516295153,
1.,0.951056516295153,1.,0.951056516295153,1.,0.951056516295153,1.,0.951056516295153,
1.,0.951056516295153,1.,0.951056516295153,1.,0.951056516295153,1.,0.951056516295153,
1.,0.951056516295153,1.,0.951056516295153,1.,0.987977036079998,0.981860952932659)))
REPRESENTATION_ITEM('')
SURFACE()
);
#72=(
BOUNDED_SURFACE()
B_SPLINE_SURFACE(3,2,((#7013,#7014,#7015,#7016,#7017,#7018,#7019,#7020,
#7021,#7022,#7023,#7024,#7025,#7026,#7027,#7028,#7029,#7030,#7031,#7032,
#7033,#7034,#7035,#7036,#7037,#7038,#7039,#7040,#7041,#7042,#7043,#7044,
#7045,#7046,#7047,#7048,#7049,#7050,#7051,#7052,#7053,#7054,#7055,#7056,
#7057,#7058,#7059,#7060,#7061,#7062,#7063,#7064,#7065,#7066,#7067,#7068,
#7069,#7070,#7071,#7072,#7073,#7074,#7075,#7076,#7077,#7078,#7079,#7080,
#7081,#7082,#7083,#7084,#7085,#7086,#7087,#7088,#7089,#7090,#7091,#7092,
#7093,#7094,#7095,#7096,#7097,#7098,#7099,#7100,#7101,#7102,#7103,#7104,
#7105,#7106,#7107,#7108,#7109),(#7110,#7111,#7112,#7113,#7114,#7115,#7116,
#7117,#7118,#7119,#7120,#7121,#7122,#7123,#7124,#7125,#7126,#7127,#7128,
#7129,#7130,#7131,#7132,#7133,#7134,#7135,#7136,#7137,#7138,#7139,#7140,
#7141,#7142,#7143,#7144,#7145,#7146,#7147,#7148,#7149,#7150,#7151,#7152,
#7153,#7154,#7155,#7156,#7157,#7158,#7159,#7160,#7161,#7162,#7163,#7164,
#7165,#7166,#7167,#7168,#7169,#7170,#7171,#7172,#7173,#7174,#7175,#7176,
#7177,#7178,#7179,#7180,#7181,#7182,#7183,#7184,#7185,#7186,#7187,#7188,
#7189,#7190,#7191,#7192,#7193,#7194,#7195,#7196,#7197,#7198,#7199,#7200,
#7201,#7202,#7203,#7204,#7205,#7206),(#7207,#7208,#7209,#7210,#7211,#7212,
#7213,#7214,#7215,#7216,#7217,#7218,#7219,#7220,#7221,#7222,#7223,#7224,
#7225,#7226,#7227,#7228,#7229,#7230,#7231,#7232,#7233,#7234,#7235,#7236,
#7237,#7238,#7239,#7240,#7241,#7242,#7243,#7244,#7245,#7246,#7247,#7248,
#7249,#7250,#7251,#7252,#7253,#7254,#7255,#7256,#7257,#7258,#7259,#7260,
#7261,#7262,#7263,#7264,#7265,#7266,#7267,#7268,#7269,#7270,#7271,#7272,
#7273,#7274,#7275,#7276,#7277,#7278,#7279,#7280,#7281,#7282,#7283,#7284,
#7285,#7286,#7287,#7288,#7289,#7290,#7291,#7292,#7293,#7294,#7295,#7296,
#7297,#7298,#7299,#7300,#7301,#7302,#7303),(#7304,#7305,#7306,#7307,#7308,
#7309,#7310,#7311,#7312,#7313,#7314,#7315,#7316,#7317,#7318,#7319,#7320,
#7321,#7322,#7323,#7324,#7325,#7326,#7327,#7328,#7329,#7330,#7331,#7332,
#7333,#7334,#7335,#7336,#7337,#7338,#7339,#7340,#7341,#7342,#7343,#7344,
#7345,#7346,#7347,#7348,#7349,#7350,#7351,#7352,#7353,#7354,#7355,#7356,
#7357,#7358,#7359,#7360,#7361,#7362,#7363,#7364,#7365,#7366,#7367,#7368,
#7369,#7370,#7371,#7372,#7373,#7374,#7375,#7376,#7377,#7378,#7379,#7380,
#7381,#7382,#7383,#7384,#7385,#7386,#7387,#7388,#7389,#7390,#7391,#7392,
#7393,#7394,#7395,#7396,#7397,#7398,#7399,#7400),(#7401,#7402,#7403,#7404,
#7405,#7406,#7407,#7408,#7409,#7410,#7411,#7412,#7413,#7414,#7415,#7416,
#7417,#7418,#7419,#7420,#7421,#7422,#7423,#7424,#7425,#7426,#7427,#7428,
#7429,#7430,#7431,#7432,#7433,#7434,#7435,#7436,#7437,#7438,#7439,#7440,
#7441,#7442,#7443,#7444,#7445,#7446,#7447,#7448,#7449,#7450,#7451,#7452,
#7453,#7454,#7455,#7456,#7457,#7458,#7459,#7460,#7461,#7462,#7463,#7464,
#7465,#7466,#7467,#7468,#7469,#7470,#7471,#7472,#7473,#7474,#7475,#7476,
#7477,#7478,#7479,#7480,#7481,#7482,#7483,#7484,#7485,#7486,#7487,#7488,
#7489,#7490,#7491,#7492,#7493,#7494,#7495,#7496,#7497),(#7498,#7499,#7500,
#7501,#7502,#7503,#7504,#7505,#7506,#7507,#7508,#7509,#7510,#7511,#7512,
#7513,#7514,#7515,#7516,#7517,#7518,#7519,#7520,#7521,#7522,#7523,#7524,
#7525,#7526,#7527,#7528,#7529,#7530,#7531,#7532,#7533,#7534,#7535,#7536,
#7537,#7538,#7539,#7540,#7541,#7542,#7543,#7544,#7545,#7546,#7547,#7548,
#7549,#7550,#7551,#7552,#7553,#7554,#7555,#7556,#7557,#7558,#7559,#7560,
#7561,#7562,#7563,#7564,#7565,#7566,#7567,#7568,#7569,#7570,#7571,#7572,
#7573,#7574,#7575,#7576,#7577,#7578,#7579,#7580,#7581,#7582,#7583,#7584,
#7585,#7586,#7587,#7588,#7589,#7590,#7591,#7592,#7593,#7594),(#7595,#7596,
#7597,#7598,#7599,#7600,#7601,#7602,#7603,#7604,#7605,#7606,#7607,#7608,
#7609,#7610,#7611,#7612,#7613,#7614,#7615,#7616,#7617,#7618,#7619,#7620,
#7621,#7622,#7623,#7624,#7625,#7626,#7627,#7628,#7629,#7630,#7631,#7632,
#7633,#7634,#7635,#7636,#7637,#7638,#7639,#7640,#7641,#7642,#7643,#7644,
#7645,#7646,#7647,#7648,#7649,#7650,#7651,#7652,#7653,#7654,#7655,#7656,
#7657,#7658,#7659,#7660,#7661,#7662,#7663,#7664,#7665,#7666,#7667,#7668,
#7669,#7670,#7671,#7672,#7673,#7674,#7675,#7676,#7677,#7678,#7679,#7680,
#7681,#7682,#7683,#7684,#7685,#7686,#7687,#7688,#7689,#7690,#7691)),
 .UNSPECIFIED.,.F.,.F.,.F.)
B_SPLINE_SURFACE_WITH_KNOTS((4,3,4),(3,2,2,2,2,2,2,2,2,2,2,2,2,2,2,2,2,
2,2,2,2,2,2,2,2,2,2,2,2,2,2,2,2,2,2,2,2,2,2,2,2,2,2,2,2,2,2,2,3),(0.,1.,
1.01),(-0.00465594111084205,0.00412656490961743,0.020794350127724,0.0374621353458305,
0.0541299205639371,0.0707977057820436,0.0874654910001502,0.104133276218257,
0.120801061436363,0.13746884665447,0.154136631872577,0.170804417090683,
0.187472202308789,0.204139987526896,0.220807772745003,0.237475557963109,
0.254143343181216,0.270811128399322,0.287478913617429,0.304146698835535,
0.320814484053642,0.337482269271749,0.354150054489855,0.370817839707962,
0.387485624926068,0.404153410144174,0.420821195362281,0.437488980580388,
0.454156765798494,0.470824551016601,0.487492336234707,0.504160121452814,
0.520827906670921,0.537495691889027,0.554163477107134,0.57083126232524,
0.587499047543347,0.604166832761453,0.62083461797956,0.637502403197666,
0.654170188415773,0.670837973633879,0.687505758851986,0.704173544070093,
0.720841329288199,0.737509114506306,0.754176899724412,0.770844684942519,
0.779510722328162),.PIECEWISE_BEZIER_KNOTS.)
GEOMETRIC_REPRESENTATION_ITEM()
RATIONAL_B_SPLINE_SURFACE(((0.971008268013826,0.970667092114675,0.977005117755511,
0.964976563508898,0.977005117755511,0.964976563508898,0.977005117755511,
0.964976563508898,0.977005117755511,0.964976563508898,0.977005117755511,
0.964976563508898,0.977005117755511,0.964976563508898,0.977005117755511,
0.964976563508898,0.977005117755511,0.964976563508898,0.977005117755511,
0.964976563508898,0.977005117755511,0.964976563508898,0.977005117755511,
0.964976563508898,0.977005117755511,0.964976563508898,0.977005117755511,
0.964976563508898,0.977005117755511,0.964976563508898,0.977005117755511,
0.964976563508898,0.977005117755511,0.964976563508898,0.977005117755511,
0.964976563508898,0.977005117755511,0.964976563508898,0.977005117755511,
0.964976563508898,0.977005117755511,0.964976563508898,0.977005117755511,
0.964976563508898,0.977005117755511,0.964976563508898,0.977005117755511,
0.964976563508898,0.977005117755511,0.964976563508898,0.977005117755511,
0.964976563508898,0.977005117755511,0.964976563508898,0.977005117755511,
0.964976563508898,0.977005117755511,0.964976563508898,0.977005117755511,
0.964976563508898,0.977005117755511,0.964976563508898,0.977005117755511,
0.964976563508898,0.977005117755511,0.964976563508898,0.977005117755511,
0.964976563508898,0.977005117755511,0.964976563508898,0.977005117755511,
0.964976563508898,0.977005117755511,0.964976563508898,0.977005117755511,
0.964976563508898,0.977005117755511,0.964976563508898,0.977005117755511,
0.964976563508898,0.977005117755511,0.964976563508898,0.977005117755511,
0.964976563508898,0.977005117755511,0.964976563508898,0.977005117755511,
0.964976563508898,0.977005117755511,0.964976563508898,0.977005117755511,
0.964976563508898,0.977005117755511,0.964976563508898,0.977005117755511,
0.970751143431247,0.971000393691861),(0.884281307594404,0.883970604297472,
0.889742540320951,0.878788333206502,0.889742540320951,0.878788333206502,
0.889742540320951,0.878788333206502,0.889742540320951,0.878788333206502,
0.889742540320951,0.878788333206502,0.889742540320951,0.878788333206502,
0.889742540320951,0.878788333206502,0.889742540320951,0.878788333206502,
0.889742540320951,0.878788333206502,0.889742540320951,0.878788333206502,
0.889742540320951,0.878788333206502,0.889742540320951,0.878788333206502,
0.889742540320951,0.878788333206502,0.889742540320951,0.878788333206502,
0.889742540320951,0.878788333206502,0.889742540320951,0.878788333206502,
0.889742540320951,0.878788333206502,0.889742540320951,0.878788333206502,
0.889742540320951,0.878788333206502,0.889742540320951,0.878788333206502,
0.889742540320951,0.878788333206502,0.889742540320951,0.878788333206502,
0.889742540320951,0.878788333206502,0.889742540320951,0.878788333206502,
0.889742540320951,0.878788333206502,0.889742540320951,0.878788333206502,
0.889742540320951,0.878788333206502,0.889742540320951,0.878788333206502,
0.889742540320951,0.878788333206502,0.889742540320951,0.878788333206502,
0.889742540320951,0.878788333206502,0.889742540320951,0.878788333206502,
0.889742540320951,0.878788333206502,0.889742540320951,0.878788333206502,
0.889742540320951,0.878788333206502,0.889742540320951,0.878788333206502,
0.889742540320951,0.878788333206502,0.889742540320951,0.878788333206502,
0.889742540320951,0.878788333206502,0.889742540320951,0.878788333206502,
0.889742540320951,0.878788333206502,0.889742540320951,0.878788333206502,
0.889742540320951,0.878788333206502,0.889742540320951,0.878788333206502,
0.889742540320951,0.878788333206502,0.889742540320951,0.878788333206502,
0.889742540320951,0.884047148453244,0.884274136578509),(0.884281307594404,
0.883970604297472,0.889742540320951,0.878788333206502,0.889742540320951,
0.878788333206502,0.889742540320951,0.878788333206502,0.889742540320951,
0.878788333206502,0.889742540320951,0.878788333206502,0.889742540320951,
0.878788333206502,0.889742540320951,0.878788333206502,0.889742540320951,
0.878788333206502,0.889742540320951,0.878788333206502,0.889742540320951,
0.878788333206502,0.889742540320951,0.878788333206502,0.889742540320951,
0.878788333206502,0.889742540320951,0.878788333206502,0.889742540320951,
0.878788333206502,0.889742540320951,0.878788333206502,0.889742540320951,
0.878788333206502,0.889742540320951,0.878788333206502,0.889742540320951,
0.878788333206502,0.889742540320951,0.878788333206502,0.889742540320951,
0.878788333206502,0.889742540320951,0.878788333206502,0.889742540320951,
0.878788333206502,0.889742540320951,0.878788333206502,0.889742540320951,
0.878788333206502,0.889742540320951,0.878788333206502,0.889742540320951,
0.878788333206502,0.889742540320951,0.878788333206502,0.889742540320951,
0.878788333206502,0.889742540320951,0.878788333206502,0.889742540320951,
0.878788333206502,0.889742540320951,0.878788333206502,0.889742540320951,
0.878788333206502,0.889742540320951,0.878788333206502,0.889742540320951,
0.878788333206502,0.889742540320951,0.878788333206502,0.889742540320951,
0.878788333206502,0.889742540320951,0.878788333206502,0.889742540320951,
0.878788333206502,0.889742540320951,0.878788333206502,0.889742540320951,
0.878788333206502,0.889742540320951,0.878788333206502,0.889742540320951,
0.878788333206502,0.889742540320951,0.878788333206502,0.889742540320951,
0.878788333206502,0.889742540320951,0.878788333206502,0.889742540320951,
0.878788333206502,0.889742540320951,0.884047148453244,0.884274136578509),
(0.971008268013826,0.970667092114675,0.977005117755511,0.964976563508898,
0.977005117755511,0.964976563508898,0.977005117755511,0.964976563508898,
0.977005117755511,0.964976563508898,0.977005117755511,0.964976563508898,
0.977005117755511,0.964976563508898,0.977005117755511,0.964976563508898,
0.977005117755511,0.964976563508898,0.977005117755511,0.964976563508898,
0.977005117755511,0.964976563508898,0.977005117755511,0.964976563508898,
0.977005117755511,0.964976563508898,0.977005117755511,0.964976563508898,
0.977005117755511,0.964976563508898,0.977005117755511,0.964976563508898,
0.977005117755511,0.964976563508898,0.977005117755511,0.964976563508898,
0.977005117755511,0.964976563508898,0.977005117755511,0.964976563508898,
0.977005117755511,0.964976563508898,0.977005117755511,0.964976563508898,
0.977005117755511,0.964976563508898,0.977005117755511,0.964976563508898,
0.977005117755511,0.964976563508898,0.977005117755511,0.964976563508898,
0.977005117755511,0.964976563508898,0.977005117755511,0.964976563508898,
0.977005117755511,0.964976563508898,0.977005117755511,0.964976563508898,
0.977005117755511,0.964976563508898,0.977005117755511,0.964976563508898,
0.977005117755511,0.964976563508898,0.977005117755511,0.964976563508898,
0.977005117755511,0.964976563508898,0.977005117755511,0.964976563508898,
0.977005117755511,0.964976563508898,0.977005117755511,0.964976563508898,
0.977005117755511,0.964976563508898,0.977005117755511,0.964976563508898,
0.977005117755511,0.964976563508898,0.977005117755511,0.964976563508898,
0.977005117755511,0.964976563508898,0.977005117755511,0.964976563508898,
0.977005117755511,0.964976563508898,0.977005117755511,0.964976563508898,
0.977005117755511,0.964976563508898,0.977005117755511,0.970751143431247,
0.971000393691861),(0.971008268013826,0.970667092114675,0.977005117755511,
0.964976563508898,0.977005117755511,0.964976563508898,0.977005117755511,
0.964976563508898,0.977005117755511,0.964976563508898,0.977005117755511,
0.964976563508898,0.977005117755511,0.964976563508898,0.977005117755511,
0.964976563508898,0.977005117755511,0.964976563508898,0.977005117755511,
0.964976563508898,0.977005117755511,0.964976563508898,0.977005117755511,
0.964976563508898,0.977005117755511,0.964976563508898,0.977005117755511,
0.964976563508898,0.977005117755511,0.964976563508898,0.977005117755511,
0.964976563508898,0.977005117755511,0.964976563508898,0.977005117755511,
0.964976563508898,0.977005117755511,0.964976563508898,0.977005117755511,
0.964976563508898,0.977005117755511,0.964976563508898,0.977005117755511,
0.964976563508898,0.977005117755511,0.964976563508898,0.977005117755511,
0.964976563508898,0.977005117755511,0.964976563508898,0.977005117755511,
0.964976563508898,0.977005117755511,0.964976563508898,0.977005117755511,
0.964976563508898,0.977005117755511,0.964976563508898,0.977005117755511,
0.964976563508898,0.977005117755511,0.964976563508898,0.977005117755511,
0.964976563508898,0.977005117755511,0.964976563508898,0.977005117755511,
0.964976563508898,0.977005117755511,0.964976563508898,0.977005117755511,
0.964976563508898,0.977005117755511,0.964976563508898,0.977005117755511,
0.964976563508898,0.977005117755511,0.964976563508898,0.977005117755511,
0.964976563508898,0.977005117755511,0.964976563508898,0.977005117755511,
0.964976563508898,0.977005117755511,0.964976563508898,0.977005117755511,
0.964976563508898,0.977005117755511,0.964976563508898,0.977005117755511,
0.964976563508898,0.977005117755511,0.964976563508898,0.977005117755511,
0.970751143431247,0.971000393691861),(0.971008268013826,0.970667092114675,
0.977005117755511,0.964976563508898,0.977005117755511,0.964976563508898,
0.977005117755511,0.964976563508898,0.977005117755511,0.964976563508898,
0.977005117755511,0.964976563508898,0.977005117755511,0.964976563508898,
0.977005117755511,0.964976563508898,0.977005117755511,0.964976563508898,
0.977005117755511,0.964976563508898,0.977005117755511,0.964976563508898,
0.977005117755511,0.964976563508898,0.977005117755511,0.964976563508898,
0.977005117755511,0.964976563508898,0.977005117755511,0.964976563508898,
0.977005117755511,0.964976563508898,0.977005117755511,0.964976563508898,
0.977005117755511,0.964976563508898,0.977005117755511,0.964976563508898,
0.977005117755511,0.964976563508898,0.977005117755511,0.964976563508898,
0.977005117755511,0.964976563508898,0.977005117755511,0.964976563508898,
0.977005117755511,0.964976563508898,0.977005117755511,0.964976563508898,
0.977005117755511,0.964976563508898,0.977005117755511,0.964976563508898,
0.977005117755511,0.964976563508898,0.977005117755511,0.964976563508898,
0.977005117755511,0.964976563508898,0.977005117755511,0.964976563508898,
0.977005117755511,0.964976563508898,0.977005117755511,0.964976563508898,
0.977005117755511,0.964976563508898,0.977005117755511,0.964976563508898,
0.977005117755511,0.964976563508898,0.977005117755511,0.964976563508898,
0.977005117755511,0.964976563508898,0.977005117755511,0.964976563508898,
0.977005117755511,0.964976563508898,0.977005117755511,0.964976563508898,
0.977005117755511,0.964976563508898,0.977005117755511,0.964976563508898,
0.977005117755511,0.964976563508898,0.977005117755511,0.964976563508898,
0.977005117755511,0.964976563508898,0.977005117755511,0.964976563508898,
0.977005117755511,0.970751143431247,0.971000393691861),(0.971008268013826,
0.970667092114675,0.977005117755511,0.964976563508898,0.977005117755511,
0.964976563508898,0.977005117755511,0.964976563508898,0.977005117755511,
0.964976563508898,0.977005117755511,0.964976563508898,0.977005117755511,
0.964976563508898,0.977005117755511,0.964976563508898,0.977005117755511,
0.964976563508898,0.977005117755511,0.964976563508898,0.977005117755511,
0.964976563508898,0.977005117755511,0.964976563508898,0.977005117755511,
0.964976563508898,0.977005117755511,0.964976563508898,0.977005117755511,
0.964976563508898,0.977005117755511,0.964976563508898,0.977005117755511,
0.964976563508898,0.977005117755511,0.964976563508898,0.977005117755511,
0.964976563508898,0.977005117755511,0.964976563508898,0.977005117755511,
0.964976563508898,0.977005117755511,0.964976563508898,0.977005117755511,
0.964976563508898,0.977005117755511,0.964976563508898,0.977005117755511,
0.964976563508898,0.977005117755511,0.964976563508898,0.977005117755511,
0.964976563508898,0.977005117755511,0.964976563508898,0.977005117755511,
0.964976563508898,0.977005117755511,0.964976563508898,0.977005117755511,
0.964976563508898,0.977005117755511,0.964976563508898,0.977005117755511,
0.964976563508898,0.977005117755511,0.964976563508898,0.977005117755511,
0.964976563508898,0.977005117755511,0.964976563508898,0.977005117755511,
0.964976563508898,0.977005117755511,0.964976563508898,0.977005117755511,
0.964976563508898,0.977005117755511,0.964976563508898,0.977005117755511,
0.964976563508898,0.977005117755511,0.964976563508898,0.977005117755511,
0.964976563508898,0.977005117755511,0.964976563508898,0.977005117755511,
0.964976563508898,0.977005117755511,0.964976563508898,0.977005117755511,
0.964976563508898,0.977005117755511,0.970751143431247,0.971000393691861)))
REPRESENTATION_ITEM('')
SURFACE()
);
#73=(
BOUNDED_SURFACE()
B_SPLINE_SURFACE(1,2,((#7727,#7728,#7729,#7730,#7731,#7732,#7733,#7734,
#7735,#7736,#7737,#7738,#7739,#7740,#7741,#7742,#7743,#7744,#7745,#7746,
#7747,#7748,#7749,#7750,#7751,#7752,#7753,#7754,#7755,#7756,#7757,#7758,
#7759,#7760,#7761,#7762,#7763,#7764,#7765,#7766,#7767,#7768,#7769,#7770,
#7771,#7772,#7773,#7774,#7775,#7776,#7777,#7778,#7779,#7780,#7781,#7782,
#7783,#7784,#7785,#7786,#7787,#7788,#7789,#7790,#7791,#7792,#7793,#7794,
#7795,#7796,#7797,#7798,#7799,#7800,#7801,#7802,#7803,#7804,#7805,#7806,
#7807,#7808,#7809,#7810,#7811,#7812,#7813,#7814,#7815,#7816,#7817,#7818,
#7819,#7820,#7821,#7822,#7823),(#7824,#7825,#7826,#7827,#7828,#7829,#7830,
#7831,#7832,#7833,#7834,#7835,#7836,#7837,#7838,#7839,#7840,#7841,#7842,
#7843,#7844,#7845,#7846,#7847,#7848,#7849,#7850,#7851,#7852,#7853,#7854,
#7855,#7856,#7857,#7858,#7859,#7860,#7861,#7862,#7863,#7864,#7865,#7866,
#7867,#7868,#7869,#7870,#7871,#7872,#7873,#7874,#7875,#7876,#7877,#7878,
#7879,#7880,#7881,#7882,#7883,#7884,#7885,#7886,#7887,#7888,#7889,#7890,
#7891,#7892,#7893,#7894,#7895,#7896,#7897,#7898,#7899,#7900,#7901,#7902,
#7903,#7904,#7905,#7906,#7907,#7908,#7909,#7910,#7911,#7912,#7913,#7914,
#7915,#7916,#7917,#7918,#7919,#7920),(#7921,#7922,#7923,#7924,#7925,#7926,
#7927,#7928,#7929,#7930,#7931,#7932,#7933,#7934,#7935,#7936,#7937,#7938,
#7939,#7940,#7941,#7942,#7943,#7944,#7945,#7946,#7947,#7948,#7949,#7950,
#7951,#7952,#7953,#7954,#7955,#7956,#7957,#7958,#7959,#7960,#7961,#7962,
#7963,#7964,#7965,#7966,#7967,#7968,#7969,#7970,#7971,#7972,#7973,#7974,
#7975,#7976,#7977,#7978,#7979,#7980,#7981,#7982,#7983,#7984,#7985,#7986,
#7987,#7988,#7989,#7990,#7991,#7992,#7993,#7994,#7995,#7996,#7997,#7998,
#7999,#8000,#8001,#8002,#8003,#8004,#8005,#8006,#8007,#8008,#8009,#8010,
#8011,#8012,#8013,#8014,#8015,#8016,#8017)),.RULED_SURF.,.F.,.F.,.F.)
B_SPLINE_SURFACE_WITH_KNOTS((2,1,2),(3,2,2,2,2,2,2,2,2,2,2,2,2,2,2,2,2,
2,2,2,2,2,2,2,2,2,2,2,2,2,2,2,2,2,2,2,2,2,2,2,2,2,2,2,2,2,2,2,3),(-0.00670097780742251,
0.,1.),(-0.00465599325728129,0.00412658592505529,0.0207943711414816,0.0374621563579077,
0.054129941574334,0.0707977267907602,0.0874655120071865,0.104133297223613,
0.120801082440039,0.137468867656465,0.154136652872891,0.170804438089318,
0.187472223305744,0.20414000852217,0.220807793738596,0.237475578955022,
0.254143364171449,0.270811149387875,0.287478934604302,0.304146719820727,
0.320814505037154,0.33748229025358,0.354150075470006,0.370817860686433,
0.387485645902858,0.404153431119285,0.420821216335711,0.437489001552137,
0.454156786768564,0.47082457198499,0.487492357201416,0.504160142417843,
0.520827927634269,0.537495712850695,0.554163498067121,0.570831283283547,
0.587499068499974,0.6041668537164,0.620834638932826,0.637502424149252,0.654170209365679,
0.670837994582105,0.687505779798531,0.704173565014957,0.720841350231384,
0.73750913544781,0.754176920664236,0.770844705880662,0.77951085665912),
 .PIECEWISE_BEZIER_KNOTS.)
GEOMETRIC_REPRESENTATION_ITEM()
RATIONAL_B_SPLINE_SURFACE(((0.97100828866418,0.970667054275975,0.977005132813488,
0.964976578381486,0.977005132813488,0.964976578381486,0.977005132813488,
0.964976578381486,0.977005132813488,0.964976578381486,0.977005132813488,
0.964976578381486,0.977005132813488,0.964976578381486,0.977005132813488,
0.964976578381486,0.977005132813488,0.964976578381486,0.977005132813488,
0.964976578381486,0.977005132813488,0.964976578381486,0.977005132813488,
0.964976578381486,0.977005132813488,0.964976578381486,0.977005132813488,
0.964976578381486,0.977005132813488,0.964976578381486,0.977005132813488,
0.964976578381486,0.977005132813488,0.964976578381486,0.977005132813488,
0.964976578381486,0.977005132813488,0.964976578381486,0.977005132813488,
0.964976578381486,0.977005132813488,0.964976578381486,0.977005132813488,
0.964976578381486,0.977005132813488,0.964976578381486,0.977005132813488,
0.964976578381486,0.977005132813488,0.964976578381486,0.977005132813488,
0.964976578381486,0.977005132813488,0.964976578381486,0.977005132813488,
0.964976578381486,0.977005132813488,0.964976578381486,0.977005132813488,
0.964976578381486,0.977005132813488,0.964976578381486,0.977005132813488,
0.964976578381486,0.977005132813488,0.964976578381486,0.977005132813488,
0.964976578381486,0.977005132813488,0.964976578381486,0.977005132813488,
0.964976578381486,0.977005132813488,0.964976578381486,0.977005132813488,
0.964976578381486,0.977005132813488,0.964976578381486,0.977005132813488,
0.964976578381486,0.977005132813488,0.964976578381486,0.977005132813488,
0.964976578381486,0.977005132813488,0.964976578381486,0.977005132813488,
0.964976578381486,0.977005132813488,0.964976578381486,0.977005132813488,
0.964976578381486,0.977005132813488,0.964976578381486,0.977005132813488,
0.970751076560598,0.971000415181202),(0.97100828866418,0.970667054275975,
0.977005132813488,0.964976578381486,0.977005132813488,0.964976578381486,
0.977005132813488,0.964976578381486,0.977005132813488,0.964976578381486,
0.977005132813488,0.964976578381486,0.977005132813488,0.964976578381486,
0.977005132813488,0.964976578381486,0.977005132813488,0.964976578381486,
0.977005132813488,0.964976578381486,0.977005132813488,0.964976578381486,
0.977005132813488,0.964976578381486,0.977005132813488,0.964976578381486,
0.977005132813488,0.964976578381486,0.977005132813488,0.964976578381486,
0.977005132813488,0.964976578381486,0.977005132813488,0.964976578381486,
0.977005132813488,0.964976578381486,0.977005132813488,0.964976578381486,
0.977005132813488,0.964976578381486,0.977005132813488,0.964976578381486,
0.977005132813488,0.964976578381486,0.977005132813488,0.964976578381486,
0.977005132813488,0.964976578381486,0.977005132813488,0.964976578381486,
0.977005132813488,0.964976578381486,0.977005132813488,0.964976578381486,
0.977005132813488,0.964976578381486,0.977005132813488,0.964976578381486,
0.977005132813488,0.964976578381486,0.977005132813488,0.964976578381486,
0.977005132813488,0.964976578381486,0.977005132813488,0.964976578381486,
0.977005132813488,0.964976578381486,0.977005132813488,0.964976578381486,
0.977005132813488,0.964976578381486,0.977005132813488,0.964976578381486,
0.977005132813488,0.964976578381486,0.977005132813488,0.964976578381486,
0.977005132813488,0.964976578381486,0.977005132813488,0.964976578381486,
0.977005132813488,0.964976578381486,0.977005132813488,0.964976578381486,
0.977005132813488,0.964976578381486,0.977005132813488,0.964976578381486,
0.977005132813488,0.964976578381486,0.977005132813488,0.964976578381486,
0.977005132813488,0.970751076560598,0.971000415181202),(0.97100828866418,
0.970667054275975,0.977005132813488,0.964976578381486,0.977005132813488,
0.964976578381486,0.977005132813488,0.964976578381486,0.977005132813488,
0.964976578381486,0.977005132813488,0.964976578381486,0.977005132813488,
0.964976578381486,0.977005132813488,0.964976578381486,0.977005132813488,
0.964976578381486,0.977005132813488,0.964976578381486,0.977005132813488,
0.964976578381486,0.977005132813488,0.964976578381486,0.977005132813488,
0.964976578381486,0.977005132813488,0.964976578381486,0.977005132813488,
0.964976578381486,0.977005132813488,0.964976578381486,0.977005132813488,
0.964976578381486,0.977005132813488,0.964976578381486,0.977005132813488,
0.964976578381486,0.977005132813488,0.964976578381486,0.977005132813488,
0.964976578381486,0.977005132813488,0.964976578381486,0.977005132813488,
0.964976578381486,0.977005132813488,0.964976578381486,0.977005132813488,
0.964976578381486,0.977005132813488,0.964976578381486,0.977005132813488,
0.964976578381486,0.977005132813488,0.964976578381486,0.977005132813488,
0.964976578381486,0.977005132813488,0.964976578381486,0.977005132813488,
0.964976578381486,0.977005132813488,0.964976578381486,0.977005132813488,
0.964976578381486,0.977005132813488,0.964976578381486,0.977005132813488,
0.964976578381486,0.977005132813488,0.964976578381486,0.977005132813488,
0.964976578381486,0.977005132813488,0.964976578381486,0.977005132813488,
0.964976578381486,0.977005132813488,0.964976578381486,0.977005132813488,
0.964976578381486,0.977005132813488,0.964976578381486,0.977005132813488,
0.964976578381486,0.977005132813488,0.964976578381486,0.977005132813488,
0.964976578381486,0.977005132813488,0.964976578381486,0.977005132813488,
0.964976578381486,0.977005132813488,0.970751076560598,0.971000415181202)))
REPRESENTATION_ITEM('')
SURFACE()
);
#74=(
BOUNDED_SURFACE()
B_SPLINE_SURFACE(3,2,((#8053,#8054,#8055,#8056,#8057,#8058,#8059,#8060,
#8061,#8062,#8063,#8064,#8065,#8066,#8067,#8068,#8069,#8070,#8071,#8072,
#8073,#8074,#8075,#8076,#8077,#8078,#8079,#8080,#8081,#8082,#8083,#8084,
#8085,#8086,#8087,#8088,#8089,#8090,#8091,#8092,#8093,#8094,#8095,#8096,
#8097,#8098,#8099,#8100,#8101,#8102,#8103),(#8104,#8105,#8106,#8107,#8108,
#8109,#8110,#8111,#8112,#8113,#8114,#8115,#8116,#8117,#8118,#8119,#8120,
#8121,#8122,#8123,#8124,#8125,#8126,#8127,#8128,#8129,#8130,#8131,#8132,
#8133,#8134,#8135,#8136,#8137,#8138,#8139,#8140,#8141,#8142,#8143,#8144,
#8145,#8146,#8147,#8148,#8149,#8150,#8151,#8152,#8153,#8154),(#8155,#8156,
#8157,#8158,#8159,#8160,#8161,#8162,#8163,#8164,#8165,#8166,#8167,#8168,
#8169,#8170,#8171,#8172,#8173,#8174,#8175,#8176,#8177,#8178,#8179,#8180,
#8181,#8182,#8183,#8184,#8185,#8186,#8187,#8188,#8189,#8190,#8191,#8192,
#8193,#8194,#8195,#8196,#8197,#8198,#8199,#8200,#8201,#8202,#8203,#8204,
#8205),(#8206,#8207,#8208,#8209,#8210,#8211,#8212,#8213,#8214,#8215,#8216,
#8217,#8218,#8219,#8220,#8221,#8222,#8223,#8224,#8225,#8226,#8227,#8228,
#8229,#8230,#8231,#8232,#8233,#8234,#8235,#8236,#8237,#8238,#8239,#8240,
#8241,#8242,#8243,#8244,#8245,#8246,#8247,#8248,#8249,#8250,#8251,#8252,
#8253,#8254,#8255,#8256),(#8257,#8258,#8259,#8260,#8261,#8262,#8263,#8264,
#8265,#8266,#8267,#8268,#8269,#8270,#8271,#8272,#8273,#8274,#8275,#8276,
#8277,#8278,#8279,#8280,#8281,#8282,#8283,#8284,#8285,#8286,#8287,#8288,
#8289,#8290,#8291,#8292,#8293,#8294,#8295,#8296,#8297,#8298,#8299,#8300,
#8301,#8302,#8303,#8304,#8305,#8306,#8307),(#8308,#8309,#8310,#8311,#8312,
#8313,#8314,#8315,#8316,#8317,#8318,#8319,#8320,#8321,#8322,#8323,#8324,
#8325,#8326,#8327,#8328,#8329,#8330,#8331,#8332,#8333,#8334,#8335,#8336,
#8337,#8338,#8339,#8340,#8341,#8342,#8343,#8344,#8345,#8346,#8347,#8348,
#8349,#8350,#8351,#8352,#8353,#8354,#8355,#8356,#8357,#8358),(#8359,#8360,
#8361,#8362,#8363,#8364,#8365,#8366,#8367,#8368,#8369,#8370,#8371,#8372,
#8373,#8374,#8375,#8376,#8377,#8378,#8379,#8380,#8381,#8382,#8383,#8384,
#8385,#8386,#8387,#8388,#8389,#8390,#8391,#8392,#8393,#8394,#8395,#8396,
#8397,#8398,#8399,#8400,#8401,#8402,#8403,#8404,#8405,#8406,#8407,#8408,
#8409)),.UNSPECIFIED.,.F.,.F.,.F.)
B_SPLINE_SURFACE_WITH_KNOTS((4,3,4),(3,2,2,2,2,2,2,2,2,2,2,2,2,2,2,2,2,
2,2,2,2,2,2,2,2,3),(-0.00600063611683846,0.,1.),(0.,0.0333333333333333,
0.0666666666666667,0.1,0.133333333333333,0.166666666666667,0.2,0.233333333333334,
0.266666666666666,0.3,0.333333333333334,0.366666666666666,0.4,0.433333333333334,
0.466666666666667,0.5,0.533333333333333,0.566666666666667,0.6,0.633333333333333,
0.666666666666667,0.7,0.733333333333333,0.766666666666667,0.77485515985248,
0.779504710584084),.PIECEWISE_BEZIER_KNOTS.)
GEOMETRIC_REPRESENTATION_ITEM()
RATIONAL_B_SPLINE_SURFACE(((1.,0.951056516295153,1.,0.951056516295153,1.,
0.951056516295153,1.,0.951056516295153,1.,0.951056516295153,1.,0.951056516295153,
1.,0.951056516295153,1.,0.951056516295153,1.,0.951056516295153,1.,0.951056516295153,
1.,0.951056516295153,1.,0.951056516295153,1.,0.951056516295153,1.,0.951056516295153,
1.,0.951056516295153,1.,0.951056516295153,1.,0.951056516295153,1.,0.951056516295153,
1.,0.951056516295153,1.,0.951056516295153,1.,0.951056516295153,1.,0.951056516295153,
1.,0.951056516295153,1.,0.987976798515787,0.981860711237082,0.981860711237082,
0.981860711237082),(1.,0.951056516295153,1.,0.951056516295153,1.,0.951056516295153,
1.,0.951056516295153,1.,0.951056516295153,1.,0.951056516295153,1.,0.951056516295153,
1.,0.951056516295153,1.,0.951056516295153,1.,0.951056516295153,1.,0.951056516295153,
1.,0.951056516295153,1.,0.951056516295153,1.,0.951056516295153,1.,0.951056516295153,
1.,0.951056516295153,1.,0.951056516295153,1.,0.951056516295153,1.,0.951056516295153,
1.,0.951056516295153,1.,0.951056516295153,1.,0.951056516295153,1.,0.951056516295153,
1.,0.987976798515787,0.981860711237082,0.981860711237082,0.981860711237082),
(1.,0.951056516295153,1.,0.951056516295153,1.,0.951056516295153,1.,0.951056516295153,
1.,0.951056516295153,1.,0.951056516295153,1.,0.951056516295153,1.,0.951056516295153,
1.,0.951056516295153,1.,0.951056516295153,1.,0.951056516295153,1.,0.951056516295153,
1.,0.951056516295153,1.,0.951056516295153,1.,0.951056516295153,1.,0.951056516295153,
1.,0.951056516295153,1.,0.951056516295153,1.,0.951056516295153,1.,0.951056516295153,
1.,0.951056516295153,1.,0.951056516295153,1.,0.951056516295153,1.,0.987976798515787,
0.981860711237082,0.981860711237082,0.981860711237082),(1.,0.951056516295153,
1.,0.951056516295153,1.,0.951056516295153,1.,0.951056516295153,1.,0.951056516295153,
1.,0.951056516295153,1.,0.951056516295153,1.,0.951056516295153,1.,0.951056516295153,
1.,0.951056516295153,1.,0.951056516295153,1.,0.951056516295153,1.,0.951056516295153,
1.,0.951056516295153,1.,0.951056516295153,1.,0.951056516295153,1.,0.951056516295153,
1.,0.951056516295153,1.,0.951056516295153,1.,0.951056516295153,1.,0.951056516295153,
1.,0.951056516295153,1.,0.951056516295153,1.,0.987976798515787,0.981860711237082,
0.981860711237082,0.981860711237082),(0.910683602522957,0.866111574462604,
0.910683602522957,0.866111574462604,0.910683602522957,0.866111574462604,
0.910683602522957,0.866111574462604,0.910683602522957,0.866111574462604,
0.910683602522957,0.866111574462604,0.910683602522957,0.866111574462604,
0.910683602522957,0.866111574462604,0.910683602522957,0.866111574462604,
0.910683602522957,0.866111574462604,0.910683602522957,0.866111574462604,
0.910683602522957,0.866111574462604,0.910683602522957,0.866111574462604,
0.910683602522957,0.866111574462604,0.910683602522957,0.866111574462604,
0.910683602522957,0.866111574462604,0.910683602522957,0.866111574462604,
0.910683602522957,0.866111574462604,0.910683602522957,0.866111574462604,
0.910683602522957,0.866111574462604,0.910683602522957,0.866111574462604,
0.910683602522957,0.866111574462604,0.910683602522957,0.866111574462604,
0.910683602522957,0.899734270081454,0.894164449685139,0.894164449685139,
0.894164449685139),(0.910683602522957,0.866111574462604,0.910683602522957,
0.866111574462604,0.910683602522957,0.866111574462604,0.910683602522957,
0.866111574462604,0.910683602522957,0.866111574462604,0.910683602522957,
0.866111574462604,0.910683602522957,0.866111574462604,0.910683602522957,
0.866111574462604,0.910683602522957,0.866111574462604,0.910683602522957,
0.866111574462604,0.910683602522957,0.866111574462604,0.910683602522957,
0.866111574462604,0.910683602522957,0.866111574462604,0.910683602522957,
0.866111574462604,0.910683602522957,0.866111574462604,0.910683602522957,
0.866111574462604,0.910683602522957,0.866111574462604,0.910683602522957,
0.866111574462604,0.910683602522957,0.866111574462604,0.910683602522957,
0.866111574462604,0.910683602522957,0.866111574462604,0.910683602522957,
0.866111574462604,0.910683602522957,0.866111574462604,0.910683602522957,
0.899734270081454,0.894164449685139,0.894164449685139,0.894164449685139),
(1.,0.951056516295153,1.,0.951056516295153,1.,0.951056516295153,1.,0.951056516295153,
1.,0.951056516295153,1.,0.951056516295153,1.,0.951056516295153,1.,0.951056516295153,
1.,0.951056516295153,1.,0.951056516295153,1.,0.951056516295153,1.,0.951056516295153,
1.,0.951056516295153,1.,0.951056516295153,1.,0.951056516295153,1.,0.951056516295153,
1.,0.951056516295153,1.,0.951056516295153,1.,0.951056516295153,1.,0.951056516295153,
1.,0.951056516295153,1.,0.951056516295153,1.,0.951056516295153,1.,0.987976798515787,
0.981860711237082,0.981860711237082,0.981860711237082)))
REPRESENTATION_ITEM('')
SURFACE()
);
#75=(
BOUNDED_SURFACE()
B_SPLINE_SURFACE(3,3,((#8419,#8420,#8421,#8422,#8423,#8424,#8425,#8426,
#8427,#8428,#8429,#8430,#8431,#8432,#8433,#8434,#8435,#8436,#8437,#8438,
#8439,#8440,#8441,#8442,#8443,#8444,#8445,#8446,#8447,#8448,#8449,#8450,
#8451,#8452,#8453,#8454,#8455,#8456),(#8457,#8458,#8459,#8460,#8461,#8462,
#8463,#8464,#8465,#8466,#8467,#8468,#8469,#8470,#8471,#8472,#8473,#8474,
#8475,#8476,#8477,#8478,#8479,#8480,#8481,#8482,#8483,#8484,#8485,#8486,
#8487,#8488,#8489,#8490,#8491,#8492,#8493,#8494),(#8495,#8496,#8497,#8498,
#8499,#8500,#8501,#8502,#8503,#8504,#8505,#8506,#8507,#8508,#8509,#8510,
#8511,#8512,#8513,#8514,#8515,#8516,#8517,#8518,#8519,#8520,#8521,#8522,
#8523,#8524,#8525,#8526,#8527,#8528,#8529,#8530,#8531,#8532),(#8533,#8534,
#8535,#8536,#8537,#8538,#8539,#8540,#8541,#8542,#8543,#8544,#8545,#8546,
#8547,#8548,#8549,#8550,#8551,#8552,#8553,#8554,#8555,#8556,#8557,#8558,
#8559,#8560,#8561,#8562,#8563,#8564,#8565,#8566,#8567,#8568,#8569,#8570)),
 .UNSPECIFIED.,.F.,.F.,.F.)
B_SPLINE_SURFACE_WITH_KNOTS((4,4),(4,2,2,2,2,2,2,2,2,2,2,2,2,2,2,2,2,2,
4),(0.,1.),(0.205194440284115,0.21093284693146,0.246088321420037,0.281243795908613,
0.304680778900997,0.31639927039719,0.328117761893381,0.37499172787815,0.437490349191176,
0.499988970504201,0.562490349191176,0.624991727878151,0.656242417221638,
0.671867761893382,0.687493106565125,0.707024787404805,0.726556468244485,
0.765619829923844,0.794794118177271),.UNSPECIFIED.)
GEOMETRIC_REPRESENTATION_ITEM()
RATIONAL_B_SPLINE_SURFACE(((1.,1.,1.,1.,1.,1.,1.,1.,1.,1.,1.,1.,1.,1.,1.,
1.,1.,1.,1.,1.,1.,1.,1.,1.,1.,1.,1.,1.,1.,1.,1.,1.,1.,1.,1.,1.,1.,1.),(0.810524771986048,
0.810524771986048,0.810524771986048,0.810524771986048,0.810524771986048,
0.810524771986048,0.810524771986048,0.810524771986048,0.810524771986048,
0.810524771986048,0.810524771986048,0.810524771986048,0.810524771986048,
0.810524771986048,0.810524771986048,0.810524771986048,0.810524771986048,
0.810524771986048,0.810524771986048,0.810524771986048,0.810524771986048,
0.810524771986048,0.810524771986048,0.810524771986048,0.810524771986048,
0.810524771986048,0.810524771986048,0.810524771986048,0.810524771986048,
0.810524771986048,0.810524771986048,0.810524771986048,0.810524771986048,
0.810524771986048,0.810524771986048,0.810524771986048,0.810524771986048,
0.810524771986048),(0.810524771986048,0.810524771986048,0.810524771986048,
0.810524771986048,0.810524771986048,0.810524771986048,0.810524771986048,
0.810524771986048,0.810524771986048,0.810524771986048,0.810524771986048,
0.810524771986048,0.810524771986048,0.810524771986048,0.810524771986048,
0.810524771986048,0.810524771986048,0.810524771986048,0.810524771986048,
0.810524771986048,0.810524771986048,0.810524771986048,0.810524771986048,
0.810524771986048,0.810524771986048,0.810524771986048,0.810524771986048,
0.810524771986048,0.810524771986048,0.810524771986048,0.810524771986048,
0.810524771986048,0.810524771986048,0.810524771986048,0.810524771986048,
0.810524771986048,0.810524771986048,0.810524771986048),(1.,1.,1.,1.,1.,
1.,1.,1.,1.,1.,1.,1.,1.,1.,1.,1.,1.,1.,1.,1.,1.,1.,1.,1.,1.,1.,1.,1.,1.,
1.,1.,1.,1.,1.,1.,1.,1.,1.)))
REPRESENTATION_ITEM('')
SURFACE()
);
#76=(
BOUNDED_SURFACE()
B_SPLINE_SURFACE(3,3,((#8689,#8690,#8691,#8692,#8693,#8694,#8695,#8696,
#8697,#8698,#8699,#8700,#8701,#8702,#8703,#8704,#8705,#8706,#8707,#8708,
#8709,#8710,#8711,#8712,#8713,#8714,#8715,#8716,#8717,#8718,#8719,#8720,
#8721,#8722,#8723,#8724,#8725,#8726),(#8727,#8728,#8729,#8730,#8731,#8732,
#8733,#8734,#8735,#8736,#8737,#8738,#8739,#8740,#8741,#8742,#8743,#8744,
#8745,#8746,#8747,#8748,#8749,#8750,#8751,#8752,#8753,#8754,#8755,#8756,
#8757,#8758,#8759,#8760,#8761,#8762,#8763,#8764),(#8765,#8766,#8767,#8768,
#8769,#8770,#8771,#8772,#8773,#8774,#8775,#8776,#8777,#8778,#8779,#8780,
#8781,#8782,#8783,#8784,#8785,#8786,#8787,#8788,#8789,#8790,#8791,#8792,
#8793,#8794,#8795,#8796,#8797,#8798,#8799,#8800,#8801,#8802),(#8803,#8804,
#8805,#8806,#8807,#8808,#8809,#8810,#8811,#8812,#8813,#8814,#8815,#8816,
#8817,#8818,#8819,#8820,#8821,#8822,#8823,#8824,#8825,#8826,#8827,#8828,
#8829,#8830,#8831,#8832,#8833,#8834,#8835,#8836,#8837,#8838,#8839,#8840)),
 .UNSPECIFIED.,.F.,.F.,.F.)
B_SPLINE_SURFACE_WITH_KNOTS((4,4),(4,2,2,2,2,2,2,2,2,2,2,2,2,2,2,2,2,2,
4),(0.,1.),(0.205194440284124,0.21093284693146,0.246088321420037,0.281243795908613,
0.304680778900997,0.31639927039719,0.328117761893381,0.37499172787815,0.437490349191176,
0.499988970504201,0.562490349191176,0.624991727878151,0.656242417221638,
0.671867761893382,0.687493106565125,0.707024787404805,0.726556468244485,
0.765619829923844,0.794794118176364),.UNSPECIFIED.)
GEOMETRIC_REPRESENTATION_ITEM()
RATIONAL_B_SPLINE_SURFACE(((1.,1.,1.,1.,1.,1.,1.,1.,1.,1.,1.,1.,1.,1.,1.,
1.,1.,1.,1.,1.,1.,1.,1.,1.,1.,1.,1.,1.,1.,1.,1.,1.,1.,1.,1.,1.,1.,1.),(0.810524771986048,
0.810524771986048,0.810524771986048,0.810524771986048,0.810524771986048,
0.810524771986048,0.810524771986048,0.810524771986048,0.810524771986048,
0.810524771986048,0.810524771986048,0.810524771986048,0.810524771986048,
0.810524771986048,0.810524771986048,0.810524771986048,0.810524771986048,
0.810524771986048,0.810524771986048,0.810524771986048,0.810524771986048,
0.810524771986048,0.810524771986048,0.810524771986048,0.810524771986048,
0.810524771986048,0.810524771986048,0.810524771986048,0.810524771986048,
0.810524771986048,0.810524771986048,0.810524771986048,0.810524771986048,
0.810524771986048,0.810524771986048,0.810524771986048,0.810524771986048,
0.810524771986048),(0.810524771986048,0.810524771986048,0.810524771986048,
0.810524771986048,0.810524771986048,0.810524771986048,0.810524771986048,
0.810524771986048,0.810524771986048,0.810524771986048,0.810524771986048,
0.810524771986048,0.810524771986048,0.810524771986048,0.810524771986048,
0.810524771986048,0.810524771986048,0.810524771986048,0.810524771986048,
0.810524771986048,0.810524771986048,0.810524771986048,0.810524771986048,
0.810524771986048,0.810524771986048,0.810524771986048,0.810524771986048,
0.810524771986048,0.810524771986048,0.810524771986048,0.810524771986048,
0.810524771986048,0.810524771986048,0.810524771986048,0.810524771986048,
0.810524771986048,0.810524771986048,0.810524771986048),(1.,1.,1.,1.,1.,
1.,1.,1.,1.,1.,1.,1.,1.,1.,1.,1.,1.,1.,1.,1.,1.,1.,1.,1.,1.,1.,1.,1.,1.,
1.,1.,1.,1.,1.,1.,1.,1.,1.)))
REPRESENTATION_ITEM('')
SURFACE()
);
#77=(
BOUNDED_SURFACE()
B_SPLINE_SURFACE(3,3,((#8915,#8916,#8917,#8918,#8919,#8920,#8921,#8922,
#8923,#8924,#8925,#8926,#8927,#8928,#8929,#8930,#8931,#8932,#8933,#8934,
#8935,#8936,#8937,#8938,#8939,#8940,#8941,#8942,#8943,#8944,#8945,#8946,
#8947,#8948,#8949,#8950,#8951,#8952),(#8953,#8954,#8955,#8956,#8957,#8958,
#8959,#8960,#8961,#8962,#8963,#8964,#8965,#8966,#8967,#8968,#8969,#8970,
#8971,#8972,#8973,#8974,#8975,#8976,#8977,#8978,#8979,#8980,#8981,#8982,
#8983,#8984,#8985,#8986,#8987,#8988,#8989,#8990),(#8991,#8992,#8993,#8994,
#8995,#8996,#8997,#8998,#8999,#9000,#9001,#9002,#9003,#9004,#9005,#9006,
#9007,#9008,#9009,#9010,#9011,#9012,#9013,#9014,#9015,#9016,#9017,#9018,
#9019,#9020,#9021,#9022,#9023,#9024,#9025,#9026,#9027,#9028),(#9029,#9030,
#9031,#9032,#9033,#9034,#9035,#9036,#9037,#9038,#9039,#9040,#9041,#9042,
#9043,#9044,#9045,#9046,#9047,#9048,#9049,#9050,#9051,#9052,#9053,#9054,
#9055,#9056,#9057,#9058,#9059,#9060,#9061,#9062,#9063,#9064,#9065,#9066)),
 .UNSPECIFIED.,.F.,.F.,.F.)
B_SPLINE_SURFACE_WITH_KNOTS((4,4),(4,2,2,2,2,2,2,2,2,2,2,2,2,2,2,2,2,2,
4),(0.,1.),(0.205194440424635,0.21093284693146,0.246088321420037,0.281243795908613,
0.304680778900997,0.31639927039719,0.328117761893381,0.37499172787815,0.437490349191176,
0.499988970504201,0.562490349191176,0.624991727878151,0.656242417221638,
0.671867761893382,0.687493106565125,0.707024787404805,0.726556468244485,
0.765619829923844,0.794794094616706),.UNSPECIFIED.)
GEOMETRIC_REPRESENTATION_ITEM()
RATIONAL_B_SPLINE_SURFACE(((1.,1.,1.,1.,1.,1.,1.,1.,1.,1.,1.,1.,1.,1.,1.,
1.,1.,1.,1.,1.,1.,1.,1.,1.,1.,1.,1.,1.,1.,1.,1.,1.,1.,1.,1.,1.,1.,1.),(0.810524771986048,
0.810524771986048,0.810524771986048,0.810524771986048,0.810524771986048,
0.810524771986048,0.810524771986048,0.810524771986048,0.810524771986048,
0.810524771986048,0.810524771986048,0.810524771986048,0.810524771986048,
0.810524771986048,0.810524771986048,0.810524771986048,0.810524771986048,
0.810524771986048,0.810524771986048,0.810524771986048,0.810524771986048,
0.810524771986048,0.810524771986048,0.810524771986048,0.810524771986048,
0.810524771986048,0.810524771986048,0.810524771986048,0.810524771986048,
0.810524771986048,0.810524771986048,0.810524771986048,0.810524771986048,
0.810524771986048,0.810524771986048,0.810524771986048,0.810524771986048,
0.810524771986048),(0.810524771986048,0.810524771986048,0.810524771986048,
0.810524771986048,0.810524771986048,0.810524771986048,0.810524771986048,
0.810524771986048,0.810524771986048,0.810524771986048,0.810524771986048,
0.810524771986048,0.810524771986048,0.810524771986048,0.810524771986048,
0.810524771986048,0.810524771986048,0.810524771986048,0.810524771986048,
0.810524771986048,0.810524771986048,0.810524771986048,0.810524771986048,
0.810524771986048,0.810524771986048,0.810524771986048,0.810524771986048,
0.810524771986048,0.810524771986048,0.810524771986048,0.810524771986048,
0.810524771986048,0.810524771986048,0.810524771986048,0.810524771986048,
0.810524771986048,0.810524771986048,0.810524771986048),(1.,1.,1.,1.,1.,
1.,1.,1.,1.,1.,1.,1.,1.,1.,1.,1.,1.,1.,1.,1.,1.,1.,1.,1.,1.,1.,1.,1.,1.,
1.,1.,1.,1.,1.,1.,1.,1.,1.)))
REPRESENTATION_ITEM('')
SURFACE()
);
#78=(
BOUNDED_SURFACE()
B_SPLINE_SURFACE(3,3,((#9201,#9202,#9203,#9204,#9205,#9206,#9207,#9208,
#9209,#9210,#9211,#9212,#9213,#9214,#9215,#9216,#9217,#9218,#9219,#9220,
#9221,#9222,#9223,#9224,#9225,#9226,#9227,#9228,#9229,#9230,#9231,#9232,
#9233,#9234,#9235,#9236,#9237,#9238),(#9239,#9240,#9241,#9242,#9243,#9244,
#9245,#9246,#9247,#9248,#9249,#9250,#9251,#9252,#9253,#9254,#9255,#9256,
#9257,#9258,#9259,#9260,#9261,#9262,#9263,#9264,#9265,#9266,#9267,#9268,
#9269,#9270,#9271,#9272,#9273,#9274,#9275,#9276),(#9277,#9278,#9279,#9280,
#9281,#9282,#9283,#9284,#9285,#9286,#9287,#9288,#9289,#9290,#9291,#9292,
#9293,#9294,#9295,#9296,#9297,#9298,#9299,#9300,#9301,#9302,#9303,#9304,
#9305,#9306,#9307,#9308,#9309,#9310,#9311,#9312,#9313,#9314),(#9315,#9316,
#9317,#9318,#9319,#9320,#9321,#9322,#9323,#9324,#9325,#9326,#9327,#9328,
#9329,#9330,#9331,#9332,#9333,#9334,#9335,#9336,#9337,#9338,#9339,#9340,
#9341,#9342,#9343,#9344,#9345,#9346,#9347,#9348,#9349,#9350,#9351,#9352)),
 .UNSPECIFIED.,.F.,.F.,.F.)
B_SPLINE_SURFACE_WITH_KNOTS((4,4),(4,2,2,2,2,2,2,2,2,2,2,2,2,2,2,2,2,2,
4),(0.,1.),(0.205194481457034,0.21093284693146,0.246088321420037,0.281243795908613,
0.304680778900997,0.31639927039719,0.328117761893381,0.37499172787815,0.437490349191176,
0.499988970504201,0.562490349191176,0.624991727878151,0.656242417221638,
0.671867761893382,0.687493106565125,0.707024787404805,0.726556468244485,
0.765619829923844,0.794794117931707),.UNSPECIFIED.)
GEOMETRIC_REPRESENTATION_ITEM()
RATIONAL_B_SPLINE_SURFACE(((1.,1.,1.,1.,1.,1.,1.,1.,1.,1.,1.,1.,1.,1.,1.,
1.,1.,1.,1.,1.,1.,1.,1.,1.,1.,1.,1.,1.,1.,1.,1.,1.,1.,1.,1.,1.,1.,1.),(0.810524771986048,
0.810524771986048,0.810524771986048,0.810524771986048,0.810524771986048,
0.810524771986048,0.810524771986048,0.810524771986048,0.810524771986048,
0.810524771986048,0.810524771986048,0.810524771986048,0.810524771986048,
0.810524771986048,0.810524771986048,0.810524771986048,0.810524771986048,
0.810524771986048,0.810524771986048,0.810524771986048,0.810524771986048,
0.810524771986048,0.810524771986048,0.810524771986048,0.810524771986048,
0.810524771986048,0.810524771986048,0.810524771986048,0.810524771986048,
0.810524771986048,0.810524771986048,0.810524771986048,0.810524771986048,
0.810524771986048,0.810524771986048,0.810524771986048,0.810524771986048,
0.810524771986048),(0.810524771986048,0.810524771986048,0.810524771986048,
0.810524771986048,0.810524771986048,0.810524771986048,0.810524771986048,
0.810524771986048,0.810524771986048,0.810524771986048,0.810524771986048,
0.810524771986048,0.810524771986048,0.810524771986048,0.810524771986048,
0.810524771986048,0.810524771986048,0.810524771986048,0.810524771986048,
0.810524771986048,0.810524771986048,0.810524771986048,0.810524771986048,
0.810524771986048,0.810524771986048,0.810524771986048,0.810524771986048,
0.810524771986048,0.810524771986048,0.810524771986048,0.810524771986048,
0.810524771986048,0.810524771986048,0.810524771986048,0.810524771986048,
0.810524771986048,0.810524771986048,0.810524771986048),(1.,1.,1.,1.,1.,
1.,1.,1.,1.,1.,1.,1.,1.,1.,1.,1.,1.,1.,1.,1.,1.,1.,1.,1.,1.,1.,1.,1.,1.,
1.,1.,1.,1.,1.,1.,1.,1.,1.)))
REPRESENTATION_ITEM('')
SURFACE()
);
#79=(
BOUNDED_SURFACE()
B_SPLINE_SURFACE(3,3,((#9429,#9430,#9431,#9432,#9433,#9434,#9435,#9436,
#9437,#9438,#9439,#9440,#9441,#9442,#9443,#9444,#9445,#9446,#9447,#9448,
#9449,#9450,#9451,#9452,#9453,#9454,#9455,#9456,#9457,#9458,#9459,#9460,
#9461,#9462,#9463,#9464,#9465,#9466,#9467,#9468,#9469,#9470,#9471,#9472,
#9473,#9474,#9475,#9476,#9477,#9478,#9479,#9480,#9481,#9482,#9483,#9484,
#9485,#9486,#9487,#9488),(#9489,#9490,#9491,#9492,#9493,#9494,#9495,#9496,
#9497,#9498,#9499,#9500,#9501,#9502,#9503,#9504,#9505,#9506,#9507,#9508,
#9509,#9510,#9511,#9512,#9513,#9514,#9515,#9516,#9517,#9518,#9519,#9520,
#9521,#9522,#9523,#9524,#9525,#9526,#9527,#9528,#9529,#9530,#9531,#9532,
#9533,#9534,#9535,#9536,#9537,#9538,#9539,#9540,#9541,#9542,#9543,#9544,
#9545,#9546,#9547,#9548),(#9549,#9550,#9551,#9552,#9553,#9554,#9555,#9556,
#9557,#9558,#9559,#9560,#9561,#9562,#9563,#9564,#9565,#9566,#9567,#9568,
#9569,#9570,#9571,#9572,#9573,#9574,#9575,#9576,#9577,#9578,#9579,#9580,
#9581,#9582,#9583,#9584,#9585,#9586,#9587,#9588,#9589,#9590,#9591,#9592,
#9593,#9594,#9595,#9596,#9597,#9598,#9599,#9600,#9601,#9602,#9603,#9604,
#9605,#9606,#9607,#9608),(#9609,#9610,#9611,#9612,#9613,#9614,#9615,#9616,
#9617,#9618,#9619,#9620,#9621,#9622,#9623,#9624,#9625,#9626,#9627,#9628,
#9629,#9630,#9631,#9632,#9633,#9634,#9635,#9636,#9637,#9638,#9639,#9640,
#9641,#9642,#9643,#9644,#9645,#9646,#9647,#9648,#9649,#9650,#9651,#9652,
#9653,#9654,#9655,#9656,#9657,#9658,#9659,#9660,#9661,#9662,#9663,#9664,
#9665,#9666,#9667,#9668),(#9669,#9670,#9671,#9672,#9673,#9674,#9675,#9676,
#9677,#9678,#9679,#9680,#9681,#9682,#9683,#9684,#9685,#9686,#9687,#9688,
#9689,#9690,#9691,#9692,#9693,#9694,#9695,#9696,#9697,#9698,#9699,#9700,
#9701,#9702,#9703,#9704,#9705,#9706,#9707,#9708,#9709,#9710,#9711,#9712,
#9713,#9714,#9715,#9716,#9717,#9718,#9719,#9720,#9721,#9722,#9723,#9724,
#9725,#9726,#9727,#9728),(#9729,#9730,#9731,#9732,#9733,#9734,#9735,#9736,
#9737,#9738,#9739,#9740,#9741,#9742,#9743,#9744,#9745,#9746,#9747,#9748,
#9749,#9750,#9751,#9752,#9753,#9754,#9755,#9756,#9757,#9758,#9759,#9760,
#9761,#9762,#9763,#9764,#9765,#9766,#9767,#9768,#9769,#9770,#9771,#9772,
#9773,#9774,#9775,#9776,#9777,#9778,#9779,#9780,#9781,#9782,#9783,#9784,
#9785,#9786,#9787,#9788),(#9789,#9790,#9791,#9792,#9793,#9794,#9795,#9796,
#9797,#9798,#9799,#9800,#9801,#9802,#9803,#9804,#9805,#9806,#9807,#9808,
#9809,#9810,#9811,#9812,#9813,#9814,#9815,#9816,#9817,#9818,#9819,#9820,
#9821,#9822,#9823,#9824,#9825,#9826,#9827,#9828,#9829,#9830,#9831,#9832,
#9833,#9834,#9835,#9836,#9837,#9838,#9839,#9840,#9841,#9842,#9843,#9844,
#9845,#9846,#9847,#9848)),.UNSPECIFIED.,.F.,.F.,.F.)
B_SPLINE_SURFACE_WITH_KNOTS((4,3,4),(4,2,2,2,2,2,2,2,2,2,2,2,2,2,2,2,2,
2,2,2,2,2,2,2,2,2,2,2,2,4),(-0.00633809993361238,0.,1.),(0.0798012779395258,
0.109374999865144,0.164062499797716,0.191406249764002,0.205078124747145,
0.211914062238716,0.218749999730287,0.224609374723063,0.230468749715839,
0.24218749970139,0.265624999672492,0.312499999614696,0.374999999537635,
0.437499999460575,0.499999999383514,0.562499999460575,0.624999999537636,
0.687499999614696,0.718749999653227,0.749999999691757,0.765624999711022,
0.773437499720655,0.781249999730288,0.78906249973992,0.796874999749553,
0.812499999768818,0.828124999788083,0.843749999807348,0.874999999845879,
0.920198721755685),.UNSPECIFIED.)
GEOMETRIC_REPRESENTATION_ITEM()
RATIONAL_B_SPLINE_SURFACE(((1.,1.,1.,1.,1.,1.,1.,1.,1.,1.,1.,1.,1.,1.,1.,
1.,1.,1.,1.,1.,1.,1.,1.,1.,1.,1.,1.,1.,1.,1.,1.,1.,1.,1.,1.,1.,1.,1.,1.,
1.,1.,1.,1.,1.,1.,1.,1.,1.,1.,1.,1.,1.,1.,1.,1.,1.,1.,1.,1.,1.),(1.,1.,
1.,1.,1.,1.,1.,1.,1.,1.,1.,1.,1.,1.,1.,1.,1.,1.,1.,1.,1.,1.,1.,1.,1.,1.,
1.,1.,1.,1.,1.,1.,1.,1.,1.,1.,1.,1.,1.,1.,1.,1.,1.,1.,1.,1.,1.,1.,1.,1.,
1.,1.,1.,1.,1.,1.,1.,1.,1.,1.),(1.,1.,1.,1.,1.,1.,1.,1.,1.,1.,1.,1.,1.,
1.,1.,1.,1.,1.,1.,1.,1.,1.,1.,1.,1.,1.,1.,1.,1.,1.,1.,1.,1.,1.,1.,1.,1.,
1.,1.,1.,1.,1.,1.,1.,1.,1.,1.,1.,1.,1.,1.,1.,1.,1.,1.,1.,1.,1.,1.,1.),(1.,
1.,1.,1.,1.,1.,1.,1.,1.,1.,1.,1.,1.,1.,1.,1.,1.,1.,1.,1.,1.,1.,1.,1.,1.,
1.,1.,1.,1.,1.,1.,1.,1.,1.,1.,1.,1.,1.,1.,1.,1.,1.,1.,1.,1.,1.,1.,1.,1.,
1.,1.,1.,1.,1.,1.,1.,1.,1.,1.,1.),(0.804737854124366,0.804737854124366,
0.804737854124366,0.804737854124366,0.804737854124366,0.804737854124366,
0.804737854124366,0.804737854124366,0.804737854124366,0.804737854124366,
0.804737854124366,0.804737854124366,0.804737854124366,0.804737854124366,
0.804737854124366,0.804737854124366,0.804737854124366,0.804737854124366,
0.804737854124366,0.804737854124366,0.804737854124366,0.804737854124366,
0.804737854124366,0.804737854124366,0.804737854124366,0.804737854124366,
0.804737854124366,0.804737854124366,0.804737854124366,0.804737854124366,
0.804737854124366,0.804737854124366,0.804737854124366,0.804737854124366,
0.804737854124366,0.804737854124366,0.804737854124366,0.804737854124366,
0.804737854124366,0.804737854124366,0.804737854124366,0.804737854124366,
0.804737854124366,0.804737854124366,0.804737854124366,0.804737854124366,
0.804737854124366,0.804737854124366,0.804737854124366,0.804737854124366,
0.804737854124366,0.804737854124366,0.804737854124366,0.804737854124366,
0.804737854124366,0.804737854124366,0.804737854124366,0.804737854124366,
0.804737854124366,0.804737854124366),(0.804737854124366,0.804737854124366,
0.804737854124366,0.804737854124366,0.804737854124366,0.804737854124366,
0.804737854124366,0.804737854124366,0.804737854124366,0.804737854124366,
0.804737854124366,0.804737854124366,0.804737854124366,0.804737854124366,
0.804737854124366,0.804737854124366,0.804737854124366,0.804737854124366,
0.804737854124366,0.804737854124366,0.804737854124366,0.804737854124366,
0.804737854124366,0.804737854124366,0.804737854124366,0.804737854124366,
0.804737854124366,0.804737854124366,0.804737854124366,0.804737854124366,
0.804737854124366,0.804737854124366,0.804737854124366,0.804737854124366,
0.804737854124366,0.804737854124366,0.804737854124366,0.804737854124366,
0.804737854124366,0.804737854124366,0.804737854124366,0.804737854124366,
0.804737854124366,0.804737854124366,0.804737854124366,0.804737854124366,
0.804737854124366,0.804737854124366,0.804737854124366,0.804737854124366,
0.804737854124366,0.804737854124366,0.804737854124366,0.804737854124366,
0.804737854124366,0.804737854124366,0.804737854124366,0.804737854124366,
0.804737854124366,0.804737854124366),(1.,1.,1.,1.,1.,1.,1.,1.,1.,1.,1.,
1.,1.,1.,1.,1.,1.,1.,1.,1.,1.,1.,1.,1.,1.,1.,1.,1.,1.,1.,1.,1.,1.,1.,1.,
1.,1.,1.,1.,1.,1.,1.,1.,1.,1.,1.,1.,1.,1.,1.,1.,1.,1.,1.,1.,1.,1.,1.,1.,
1.)))
REPRESENTATION_ITEM('')
SURFACE()
);
#80=B_SPLINE_CURVE_WITH_KNOTS('',3,(#1853,#1854,#1855,#1856),
 .UNSPECIFIED.,.F.,.F.,(4,4),(0.,0.00190499999999999),.UNSPECIFIED.);
#81=B_SPLINE_CURVE_WITH_KNOTS('',3,(#2271,#2272,#2273,#2274),
 .UNSPECIFIED.,.F.,.F.,(4,4),(0.,0.00190499999999999),.UNSPECIFIED.);
#82=B_SPLINE_CURVE_WITH_KNOTS('',3,(#2526,#2527,#2528,#2529,#2530,#2531,
#2532,#2533,#2534,#2535,#2536),.UNSPECIFIED.,.T.,.F.,(1,1,1,1,1,1,1,1,1,
1,1,1,1,1,1),(-0.00447158816791237,-0.00298105877860825,-0.00149052938930412,
0.,0.00149052938930412,0.00298105877860825,0.00447158816791238,0.0059621175572165,
0.00745264694652063,0.00894317633582475,0.0104337057251289,0.011924235114433,
0.0134147645037371,0.0149052938930412,0.0163958232823454),.UNSPECIFIED.);
#83=B_SPLINE_CURVE_WITH_KNOTS('',3,(#2544,#2545,#2546,#2547,#2548,#2549,
#2550,#2551,#2552,#2553,#2554,#2555,#2556,#2557,#2558,#2559,#2560,#2561,
#2562),.UNSPECIFIED.,.F.,.F.,(4,1,1,1,1,1,1,1,1,1,1,1,1,1,1,1,4),(0.2217989976124,
0.224852241139843,0.227905484667286,0.230958728194729,0.234011971722172,
0.237065215249614,0.240118458777057,0.2431717023045,0.246224945831943,0.249278189359386,
0.252331432886829,0.255384676414271,0.258437919941714,0.261491163469157,
0.2645444069966,0.267597650524043,0.270650894051486),.UNSPECIFIED.);
#84=B_SPLINE_CURVE_WITH_KNOTS('',3,(#2567,#2568,#2569,#2570,#2571,#2572,
#2573,#2574,#2575,#2576,#2577,#2578,#2579,#2580,#2581,#2582,#2583,#2584,
#2585),.UNSPECIFIED.,.F.,.F.,(4,1,1,1,1,1,1,1,1,1,1,1,1,1,1,1,4),(0.071450182055843,
0.0744634687713181,0.0774767554867933,0.0804900422022684,0.0835033289177435,
0.0865166156332187,0.0895299023486938,0.092543189064169,0.0955564757796441,
0.0985697624951192,0.101583049210594,0.10459633592607,0.107609622641545,
0.11062290935702,0.113636196072495,0.11664948278797,0.119662769503445),
 .UNSPECIFIED.);
#85=B_SPLINE_CURVE_WITH_KNOTS('',3,(#2594,#2595,#2596,#2597,#2598,#2599,
#2600,#2601,#2602,#2603,#2604),.UNSPECIFIED.,.F.,.F.,(4,1,1,1,1,1,1,1,4),
(0.,0.00282594152522982,0.00565188305045964,0.00847782457568946,0.0113037661009193,
0.0141297076261491,0.0169556491513789,0.0197815906766087,0.0226075322018386),
 .UNSPECIFIED.);
#86=B_SPLINE_CURVE_WITH_KNOTS('',3,(#2606,#2607,#2608,#2609,#2610,#2611,
#2612,#2613,#2614,#2615,#2616,#2617,#2618),.UNSPECIFIED.,.F.,.F.,(4,1,1,
1,1,1,1,1,1,1,4),(0.,0.0034706988172093,0.0069413976344186,0.0104120964516279,
0.0121474458602325,0.0138827952688372,0.0156181446774418,0.0173534940860465,
0.0208241929032558,0.0242948917204651,0.0277655905376744),.UNSPECIFIED.);
#87=B_SPLINE_CURVE_WITH_KNOTS('',3,(#2620,#2621,#2622,#2623,#2624,#2625,
#2626,#2627,#2628,#2629,#2630,#2631,#2632),.UNSPECIFIED.,.F.,.F.,(4,1,1,
1,1,1,1,1,1,1,4),(0.,0.00347069881720925,0.0069413976344185,0.0104120964516277,
0.0121474458602324,0.013882795268837,0.0156181446774416,0.0173534940860462,
0.0208241929032555,0.0242948917204647,0.027765590537674),.UNSPECIFIED.);
#88=B_SPLINE_CURVE_WITH_KNOTS('',3,(#2634,#2635,#2636,#2637,#2638,#2639,
#2640,#2641,#2642,#2643,#2644),.UNSPECIFIED.,.F.,.F.,(4,1,1,1,1,1,1,1,4),
(0.,0.00282525511593124,0.00565051023186248,0.00847576534779372,0.011301020463725,
0.0141262755796562,0.0169515306955874,0.0197767858115187,0.0226020409274499),
 .UNSPECIFIED.);
#89=B_SPLINE_CURVE_WITH_KNOTS('',3,(#2645,#2646,#2647,#2648,#2649,#2650,
#2651,#2652,#2653,#2654,#2655,#2656,#2657),.UNSPECIFIED.,.F.,.F.,(4,1,1,
1,1,1,1,1,1,1,4),(0.,0.0033925863065093,0.00678517261301861,0.00848146576627326,
0.0101777589195279,0.0118740520727826,0.0135703452260372,0.0169629315325465,
0.0203555178390558,0.0237481041455651,0.0271406904520744),.UNSPECIFIED.);
#90=B_SPLINE_CURVE_WITH_KNOTS('',3,(#2662,#2663,#2664,#2665,#2666,#2667,
#2668,#2669,#2670,#2671,#2672,#2673,#2674,#2675),.UNSPECIFIED.,.F.,.F.,
(4,1,1,1,1,1,1,1,1,1,1,4),(4.04603565571184E-17,0.00339180429588136,0.00678360859176269,
0.010175412887644,0.0135672171835253,0.015263119331466,0.0169590214794067,
0.0186549236273473,0.020350825775288,0.0220467279232286,0.0237426300711693,
0.0271344343670506),.UNSPECIFIED.);
#91=B_SPLINE_CURVE_WITH_KNOTS('',3,(#2676,#2677,#2678,#2679,#2680,#2681,
#2682,#2683,#2684,#2685,#2686),.UNSPECIFIED.,.F.,.F.,(4,1,1,1,1,1,1,1,4),
(3.92523114670944E-17,0.00282579858385394,0.00565159716770784,0.00847739575156174,
0.0113031943354156,0.0141289929192695,0.0169547915031234,0.0197805900869773,
0.0226063886708312),.UNSPECIFIED.);
#92=B_SPLINE_CURVE_WITH_KNOTS('',3,(#2688,#2689,#2690,#2691,#2692,#2693,
#2694,#2695,#2696,#2697,#2698,#2699,#2700),.UNSPECIFIED.,.F.,.F.,(4,1,1,
1,1,1,1,1,1,1,4),(0.,0.00346629469483332,0.00693258938966665,0.0103988840845,
0.0121320314319166,0.0138651787793333,0.01559832612675,0.0173314734741666,
0.020797768169,0.0242640628638333,0.0277303575586666),.UNSPECIFIED.);
#93=B_SPLINE_CURVE_WITH_KNOTS('',3,(#2702,#2703,#2704,#2705,#2706,#2707,
#2708,#2709,#2710,#2711,#2712,#2713,#2714),.UNSPECIFIED.,.F.,.F.,(4,1,1,
1,1,1,1,1,1,1,4),(0.,0.00346629469483395,0.00693258938966789,0.0103988840845018,
0.0121320314319188,0.0138651787793358,0.0155983261267528,0.0173314734741697,
0.0207977681690037,0.0242640628638376,0.0277303575586716),.UNSPECIFIED.);
#94=B_SPLINE_CURVE_WITH_KNOTS('',3,(#2716,#2717,#2718,#2719,#2720,#2721,
#2722,#2723,#2724,#2725,#2726),.UNSPECIFIED.,.F.,.F.,(4,1,1,1,1,1,1,1,4),
(0.,0.00282104529622861,0.00564209059245722,0.00846313588868584,0.0112841811849144,
0.0141052264811431,0.0169262717773717,0.0197473170736003,0.0225683623698289),
 .UNSPECIFIED.);
#95=B_SPLINE_CURVE_WITH_KNOTS('',3,(#2730,#2731,#2732,#2733,#2734,#2735,
#2736,#2737,#2738,#2739,#2740,#2741,#2742,#2743,#2744,#2745,#2746,#2747,
#2748),.UNSPECIFIED.,.F.,.F.,(4,1,1,1,1,1,1,1,1,1,1,1,1,1,1,1,4),(0.0710959662401243,
0.0741090715479152,0.0771221768557062,0.0801352821634971,0.0831483874712881,
0.0861614927790791,0.08917459808687,0.092187703394661,0.0952008087024519,
0.0982139140102428,0.101227019318034,0.104240124625825,0.107253229933616,
0.110266335241407,0.113279440549198,0.116292545856989,0.119305651164779),
 .UNSPECIFIED.);
#96=B_SPLINE_CURVE_WITH_KNOTS('',3,(#3030,#3031,#3032,#3033,#3034,#3035,
#3036,#3037,#3038,#3039,#3040,#3041,#3042,#3043,#3044,#3045,#3046),
 .UNSPECIFIED.,.F.,.F.,(4,1,1,1,1,1,1,1,1,1,1,1,1,1,4),(0.,0.00271845128579369,
0.00543690257158737,0.00815535385738106,0.0108738051431747,0.0135922564289684,
0.0163107077147621,0.0190291590005558,0.0217476102863495,0.0244660615721432,
0.0271845128579369,0.0326214154295242,0.0380583180011116,0.0407767692869053,
0.043495220572699),.UNSPECIFIED.);
#97=B_SPLINE_CURVE_WITH_KNOTS('',3,(#3407,#3408,#3409,#3410,#3411,#3412,
#3413,#3414,#3415,#3416,#3417,#3418,#3419,#3420,#3421,#3422,#3423),
 .UNSPECIFIED.,.F.,.F.,(4,1,1,1,1,1,1,1,1,1,1,1,1,1,4),(0.,0.00271845128579374,
0.00543690257158747,0.00815535385738121,0.0108738051431749,0.0135922564289687,
0.0163107077147624,0.0190291590005562,0.0217476102863499,0.0244660615721436,
0.0271845128579374,0.0326214154295248,0.0380583180011123,0.040776769286906,
0.0434952205726998),.UNSPECIFIED.);
#98=B_SPLINE_CURVE_WITH_KNOTS('',3,(#3784,#3785,#3786,#3787,#3788,#3789,
#3790,#3791,#3792,#3793,#3794,#3795,#3796,#3797,#3798,#3799,#3800),
 .UNSPECIFIED.,.F.,.F.,(4,1,1,1,1,1,1,1,1,1,1,1,1,1,4),(0.,0.00271845128579369,
0.00543690257158737,0.00815535385738106,0.0108738051431747,0.0135922564289684,
0.0163107077147621,0.0190291590005558,0.0217476102863495,0.0244660615721432,
0.0271845128579369,0.0326214154295242,0.0380583180011116,0.0407767692869053,
0.043495220572699),.UNSPECIFIED.);
#99=B_SPLINE_CURVE_WITH_KNOTS('',3,(#4481,#4482,#4483,#4484,#4485,#4486,
#4487,#4488,#4489,#4490,#4491,#4492,#4493),.UNSPECIFIED.,.F.,.F.,(4,1,1,
1,1,1,1,1,1,1,4),(0.0170060155407953,0.022192346706373,0.0247855122891618,
0.0273786778719507,0.0325650090375284,0.0351581746203173,0.0377513402031061,
0.040344505785895,0.0429376713686838,0.0481240025342615,0.0584966648654169),
 .UNSPECIFIED.);
#100=B_SPLINE_CURVE_WITH_KNOTS('',3,(#4504,#4505,#4506,#4507,#4508,#4509,
#4510,#4511,#4512,#4513,#4514,#4515,#4516,#4517,#4518,#4519,#4520,#4521,
#4522,#4523,#4524,#4525,#4526,#4527,#4528,#4529,#4530,#4531,#4532,#4533,
#4534,#4535,#4536,#4537,#4538,#4539,#4540,#4541,#4542,#4543,#4544,#4545,
#4546,#4547,#4548,#4549,#4550,#4551,#4552,#4553,#4554,#4555,#4556,#4557,
#4558,#4559,#4560,#4561,#4562,#4563,#4564,#4565,#4566,#4567,#4568,#4569,
#4570,#4571,#4572,#4573,#4574,#4575,#4576,#4577,#4578,#4579,#4580,#4581,
#4582,#4583,#4584,#4585,#4586,#4587,#4588,#4589,#4590,#4591,#4592,#4593,
#4594,#4595,#4596,#4597,#4598,#4599,#4600,#4601,#4602,#4603,#4604,#4605,
#4606,#4607,#4608,#4609,#4610,#4611,#4612,#4613,#4614,#4615,#4616,#4617,
#4618),.UNSPECIFIED.,.F.,.F.,(4,1,1,1,1,1,1,1,1,1,1,1,1,1,1,1,1,1,1,1,1,
1,1,1,1,1,1,1,1,1,1,1,1,1,1,1,1,1,1,1,1,1,1,1,1,1,1,1,1,1,1,1,1,1,1,1,1,
1,1,1,1,1,1,1,1,1,1,1,1,1,1,1,1,1,1,1,1,1,1,1,1,1,1,1,1,1,1,1,1,1,1,1,1,
1,1,1,1,1,1,1,1,1,1,1,1,1,1,1,1,1,1,1,4),(0.,0.015625,0.03125,0.046875,
0.0546875,0.05859375,0.060546875,0.0625,0.06640625,0.0703125,0.078125,0.09375,
0.1015625,0.109375,0.125,0.15625,0.1875,0.203125,0.21875,0.234375,0.25,
0.2578125,0.259765625,0.26171875,0.263671875,0.265625,0.2734375,0.28125,
0.296875,0.3125,0.3203125,0.328125,0.34375,0.359375,0.375,0.390625,0.40625,
0.421875,0.4375,0.453125,0.46875,0.4765625,0.484375,0.4921875,0.49609375,
0.5,0.5078125,0.515625,0.5234375,0.53125,0.5390625,0.546875,0.55078125,
0.552734375,0.5537109375,0.5546875,0.55859375,0.5625,0.5703125,0.578125,
0.5859375,0.59375,0.6015625,0.60546875,0.607421875,0.6083984375,0.609375,
0.611328125,0.61328125,0.6171875,0.625,0.6328125,0.640625,0.6484375,0.65625,
0.66015625,0.6640625,0.66796875,0.671875,0.6796875,0.6875,0.703125,0.71875,
0.75,0.7578125,0.765625,0.76953125,0.7734375,0.775390625,0.7763671875,0.77734375,
0.78125,0.7890625,0.796875,0.8125,0.828125,0.84375,0.859375,0.86328125,
0.8671875,0.869140625,0.87109375,0.873046875,0.875,0.87890625,0.8828125,
0.890625,0.8984375,0.90625,0.921875,0.9375,0.96875,1.),.UNSPECIFIED.);
#101=B_SPLINE_CURVE_WITH_KNOTS('',3,(#4622,#4623,#4624,#4625,#4626,#4627,
#4628,#4629,#4630,#4631,#4632,#4633,#4634,#4635,#4636,#4637,#4638,#4639,
#4640,#4641,#4642,#4643,#4644,#4645,#4646,#4647,#4648,#4649,#4650,#4651,
#4652,#4653,#4654,#4655,#4656,#4657,#4658,#4659,#4660,#4661,#4662,#4663,
#4664,#4665,#4666,#4667,#4668,#4669,#4670,#4671,#4672,#4673,#4674,#4675,
#4676,#4677,#4678,#4679,#4680,#4681,#4682,#4683,#4684,#4685,#4686,#4687,
#4688,#4689,#4690,#4691,#4692,#4693,#4694,#4695,#4696,#4697,#4698,#4699,
#4700,#4701,#4702,#4703,#4704,#4705,#4706,#4707,#4708,#4709,#4710,#4711,
#4712,#4713,#4714,#4715,#4716,#4717,#4718,#4719,#4720,#4721,#4722,#4723,
#4724,#4725,#4726,#4727,#4728,#4729,#4730,#4731,#4732,#4733,#4734,#4735,
#4736),.UNSPECIFIED.,.F.,.F.,(4,1,1,1,1,1,1,1,1,1,1,1,1,1,1,1,1,1,1,1,1,
1,1,1,1,1,1,1,1,1,1,1,1,1,1,1,1,1,1,1,1,1,1,1,1,1,1,1,1,1,1,1,1,1,1,1,1,
1,1,1,1,1,1,1,1,1,1,1,1,1,1,1,1,1,1,1,1,1,1,1,1,1,1,1,1,1,1,1,1,1,1,1,1,
1,1,1,1,1,1,1,1,1,1,1,1,1,1,1,1,1,1,1,4),(0.,0.015625,0.03125,0.046875,
0.0546875,0.05859375,0.060546875,0.0625,0.06640625,0.0703125,0.078125,0.09375,
0.1015625,0.109375,0.125,0.15625,0.1875,0.203125,0.21875,0.234375,0.25,
0.2578125,0.259765625,0.26171875,0.263671875,0.265625,0.2734375,0.28125,
0.296875,0.3125,0.3203125,0.328125,0.34375,0.359375,0.375,0.390625,0.40625,
0.421875,0.4375,0.453125,0.46875,0.4765625,0.484375,0.4921875,0.49609375,
0.5,0.5078125,0.515625,0.5234375,0.53125,0.5390625,0.546875,0.55078125,
0.552734375,0.5537109375,0.5546875,0.55859375,0.5625,0.5703125,0.578125,
0.5859375,0.59375,0.6015625,0.60546875,0.607421875,0.6083984375,0.609375,
0.611328125,0.61328125,0.6171875,0.625,0.6328125,0.640625,0.6484375,0.65625,
0.66015625,0.6640625,0.66796875,0.671875,0.6796875,0.6875,0.703125,0.71875,
0.75,0.7578125,0.765625,0.76953125,0.7734375,0.775390625,0.7763671875,0.77734375,
0.78125,0.7890625,0.796875,0.8125,0.828125,0.84375,0.859375,0.86328125,
0.8671875,0.869140625,0.87109375,0.873046875,0.875,0.87890625,0.8828125,
0.890625,0.8984375,0.90625,0.921875,0.9375,0.96875,1.),.UNSPECIFIED.);
#102=B_SPLINE_CURVE_WITH_KNOTS('',3,(#4743,#4744,#4745,#4746),
 .UNSPECIFIED.,.F.,.F.,(4,4),(0.,1.),.UNSPECIFIED.);
#103=B_SPLINE_CURVE_WITH_KNOTS('',3,(#4750,#4751,#4752,#4753),
 .UNSPECIFIED.,.F.,.F.,(4,4),(0.,1.),.UNSPECIFIED.);
#104=B_SPLINE_CURVE_WITH_KNOTS('',3,(#4755,#4756,#4757,#4758),
 .UNSPECIFIED.,.F.,.F.,(4,4),(0.,1.),.UNSPECIFIED.);
#105=B_SPLINE_CURVE_WITH_KNOTS('',3,(#4762,#4763,#4764,#4765),
 .UNSPECIFIED.,.F.,.F.,(4,4),(0.,1.),.UNSPECIFIED.);
#106=B_SPLINE_CURVE_WITH_KNOTS('',3,(#4767,#4768,#4769,#4770),
 .UNSPECIFIED.,.F.,.F.,(4,4),(0.000125200004068181,1.),.UNSPECIFIED.);
#107=B_SPLINE_CURVE_WITH_KNOTS('',3,(#4772,#4773,#4774,#4775),
 .UNSPECIFIED.,.F.,.F.,(4,4),(8.84402169700095E-7,1.),.UNSPECIFIED.);
#108=B_SPLINE_CURVE_WITH_KNOTS('',3,(#4777,#4778,#4779,#4780),
 .UNSPECIFIED.,.F.,.F.,(4,4),(0.,0.999943066243443),.UNSPECIFIED.);
#109=B_SPLINE_CURVE_WITH_KNOTS('',3,(#4782,#4783,#4784,#4785),
 .UNSPECIFIED.,.F.,.F.,(4,4),(0.,1.),.UNSPECIFIED.);
#110=B_SPLINE_CURVE_WITH_KNOTS('',3,(#4789,#4790,#4791,#4792),
 .UNSPECIFIED.,.F.,.F.,(4,4),(0.,1.),.UNSPECIFIED.);
#111=B_SPLINE_CURVE_WITH_KNOTS('',3,(#4794,#4795,#4796,#4797),
 .UNSPECIFIED.,.F.,.F.,(4,4),(1.0222565744855E-6,1.),.UNSPECIFIED.);
#112=B_SPLINE_CURVE_WITH_KNOTS('',3,(#4799,#4800,#4801,#4802),
 .UNSPECIFIED.,.F.,.F.,(4,4),(2.09113722628124E-10,0.000397389749971459),
 .UNSPECIFIED.);
#113=B_SPLINE_CURVE_WITH_KNOTS('',3,(#5482,#5483,#5484,#5485,#5486,#5487,
#5488,#5489,#5490,#5491,#5492,#5493,#5494,#5495,#5496,#5497,#5498,#5499,
#5500,#5501,#5502,#5503,#5504,#5505,#5506,#5507,#5508,#5509,#5510,#5511,
#5512,#5513,#5514,#5515,#5516),.UNSPECIFIED.,.F.,.F.,(4,1,1,1,1,1,1,1,1,
1,1,1,1,1,1,1,1,1,1,1,1,1,1,1,1,1,1,1,1,1,1,1,4),(0.,0.0312499951812859,
0.0624999903625719,0.0937499855438578,0.124999980725144,0.15624997590643,
0.187499971087716,0.218749966269002,0.249999961450288,0.281249956631573,
0.312499951812859,0.343749946994145,0.374999942175431,0.406249937356717,
0.437499932538003,0.468749927719289,0.499999922900575,0.531249918081861,
0.562499913263147,0.593749908444433,0.624999903625719,0.656249898807005,
0.687499893988291,0.718749889169577,0.749999884350863,0.781249879532149,
0.812499874713434,0.84374986989472,0.874999865076006,0.906249860257292,
0.937499855438578,0.968749850619864,0.99999984580115),.UNSPECIFIED.);
#114=B_SPLINE_CURVE_WITH_KNOTS('',3,(#5808,#5809,#5810,#5811,#5812,#5813,
#5814,#5815,#5816,#5817,#5818,#5819,#5820,#5821,#5822,#5823,#5824,#5825,
#5826,#5827,#5828,#5829,#5830,#5831,#5832,#5833,#5834,#5835,#5836,#5837,
#5838,#5839,#5840,#5841,#5842),.UNSPECIFIED.,.F.,.F.,(4,1,1,1,1,1,1,1,1,
1,1,1,1,1,1,1,1,1,1,1,1,1,1,1,1,1,1,1,1,1,1,1,4),(0.,0.0312499970105823,
0.0624999940211645,0.0937499910317467,0.124999988042329,0.156249985052911,
0.187499982063493,0.218749979074076,0.249999976084658,0.28124997309524,
0.312499970105823,0.343749967116405,0.374999964126987,0.406249961137569,
0.437499958148152,0.468749955158734,0.499999952169316,0.531249949179898,
0.56249994619048,0.593749943201063,0.624999940211645,0.656249937222227,
0.68749993423281,0.718749931243392,0.749999928253974,0.781249925264556,
0.812499922275139,0.843749919285721,0.874999916296303,0.906249913306885,
0.937499910317467,0.96874990732805,0.999999904338632),.UNSPECIFIED.);
#115=B_SPLINE_CURVE_WITH_KNOTS('',3,(#6960,#6961,#6962,#6963,#6964,#6965,
#6966,#6967,#6968,#6969,#6970,#6971,#6972,#6973,#6974,#6975,#6976,#6977,
#6978,#6979,#6980,#6981,#6982,#6983,#6984,#6985,#6986,#6987,#6988,#6989,
#6990,#6991,#6992,#6993,#6994,#6995,#6996,#6997,#6998,#6999,#7000,#7001,
#7002,#7003,#7004,#7005,#7006,#7007,#7008,#7009,#7010,#7011,#7012),
 .UNSPECIFIED.,.F.,.F.,(4,1,1,1,1,1,1,1,1,1,1,1,1,1,1,1,1,1,1,1,1,1,1,1,
1,1,1,1,1,1,1,1,1,1,1,1,1,1,1,1,1,1,1,1,1,1,1,1,1,1,4),(4.84311350178304E-7,
0.0156254767439853,0.0312504691766205,0.0468754616092556,0.0625004540418908,
0.0937504389071611,0.109375431339796,0.125000423772431,0.156250408637702,
0.171875401070337,0.187500393502972,0.218750378368242,0.234375370800877,
0.250000363233513,0.281250348098783,0.296875340531418,0.312500332964053,
0.343750317829324,0.375000302694594,0.390625295127229,0.406250287559864,
0.437500272425134,0.45312526485777,0.468750257290405,0.500000242155675,
0.51562523458831,0.531250227020945,0.562500211886216,0.578125204318851,
0.593750196751486,0.609375189184121,0.625000181616756,0.640625174049391,
0.656250166482027,0.671875158914662,0.687500151347297,0.703125143779932,
0.718750136212567,0.734375128645202,0.750000121077838,0.781250105943108,
0.796875098375743,0.812500090808378,0.843750075673648,0.859375068106284,
0.875000060538919,0.906250045404189,0.921875037836824,0.937500030269459,
0.96875001513473,1.),.UNSPECIFIED.);
#116=B_SPLINE_CURVE_WITH_KNOTS('',3,(#7692,#7693,#7694,#7695,#7696,#7697,
#7698,#7699,#7700,#7701,#7702,#7703,#7704,#7705,#7706,#7707,#7708,#7709,
#7710,#7711,#7712,#7713,#7714,#7715,#7716,#7717,#7718,#7719,#7720,#7721,
#7722,#7723,#7724,#7725,#7726),.UNSPECIFIED.,.F.,.F.,(4,1,1,1,1,1,1,1,1,
1,1,1,1,1,1,1,1,1,1,1,1,1,1,1,1,1,1,1,1,1,1,1,4),(0.,0.0312499970110807,
0.0624999940221613,0.093749991033242,0.124999988044323,0.156249985055403,
0.187499982066484,0.218749979077565,0.249999976088645,0.281249973099726,
0.312499970110807,0.343749967121887,0.374999964132968,0.406249961144049,
0.437499958155129,0.46874995516621,0.499999952177291,0.531249949188371,
0.562499946199452,0.593749943210532,0.624999940221613,0.656249937232694,
0.687499934243774,0.718749931254855,0.749999928265936,0.781249925277016,
0.812499922288097,0.843749919299178,0.874999916310258,0.906249913321339,
0.93749991033242,0.9687499073435,0.999999904354581),.UNSPECIFIED.);
#117=B_SPLINE_CURVE_WITH_KNOTS('',3,(#8018,#8019,#8020,#8021,#8022,#8023,
#8024,#8025,#8026,#8027,#8028,#8029,#8030,#8031,#8032,#8033,#8034,#8035,
#8036,#8037,#8038,#8039,#8040,#8041,#8042,#8043,#8044,#8045,#8046,#8047,
#8048,#8049,#8050,#8051,#8052),.UNSPECIFIED.,.F.,.F.,(4,1,1,1,1,1,1,1,1,
1,1,1,1,1,1,1,1,1,1,1,1,1,1,1,1,1,1,1,1,1,1,1,4),(0.,0.03125,0.0625,0.09375,
0.125,0.15625,0.1875,0.21875,0.25,0.28125,0.3125,0.34375,0.375,0.40625,
0.4375,0.46875,0.5,0.53125,0.5625,0.59375,0.625,0.65625,0.6875,0.71875,
0.75,0.78125,0.8125,0.84375,0.875,0.90625,0.9375,0.96875,1.),
 .UNSPECIFIED.);
#118=B_SPLINE_CURVE_WITH_KNOTS('',3,(#8571,#8572,#8573,#8574,#8575,#8576,
#8577,#8578,#8579,#8580,#8581,#8582,#8583,#8584,#8585),.UNSPECIFIED.,.F.,
 .F.,(4,1,1,1,1,1,1,1,1,1,1,1,4),(0.0431116395692693,0.0470095459234958,
0.0509074522777223,0.0528564054548356,0.0548053586319488,0.0567543118090621,
0.0587032649861754,0.0606522181632886,0.0626011713404019,0.0645501245175151,
0.0664990776946284,0.0703969840488549,0.0742948904030815),.UNSPECIFIED.);
#119=B_SPLINE_CURVE_WITH_KNOTS('',3,(#8588,#8589,#8590,#8591,#8592,#8593,
#8594,#8595,#8596,#8597,#8598,#8599,#8600,#8601,#8602,#8603,#8604,#8605,
#8606,#8607,#8608,#8609,#8610,#8611,#8612,#8613,#8614,#8615,#8616,#8617,
#8618,#8619,#8620,#8621,#8622,#8623,#8624,#8625,#8626,#8627,#8628,#8629),
 .UNSPECIFIED.,.F.,.F.,(4,2,2,2,2,2,2,2,2,2,2,2,2,2,2,2,2,2,2,2,4),(0.,
0.140621897954306,0.21093284693146,0.246088321420037,0.281243795908613,
0.304680778900997,0.31639927039719,0.328117761893381,0.37499172787815,0.437490349191176,
0.499988970504201,0.562490349191176,0.624991727878151,0.656242417221638,
0.671867761893382,0.687493106565125,0.707024787404805,0.726556468244485,
0.765619829923844,0.843746553282563,1.),.UNSPECIFIED.);
#120=B_SPLINE_CURVE_WITH_KNOTS('',3,(#8631,#8632,#8633,#8634,#8635,#8636,
#8637,#8638,#8639,#8640,#8641,#8642,#8643,#8644,#8645),.UNSPECIFIED.,.F.,
 .F.,(4,1,1,1,1,1,1,1,1,1,1,1,4),(0.0431142885767954,0.0470121976446487,
0.050910106712502,0.0528590612464286,0.0548080157803552,0.0567569703142819,
0.0587059248482085,0.0606548793821352,0.0626038339160618,0.0645527884499884,
0.0665017429839151,0.0703996520517684,0.0742975611196217),.UNSPECIFIED.);
#121=B_SPLINE_CURVE_WITH_KNOTS('',3,(#8647,#8648,#8649,#8650,#8651,#8652,
#8653,#8654,#8655,#8656,#8657,#8658,#8659,#8660,#8661,#8662,#8663,#8664,
#8665,#8666,#8667,#8668,#8669,#8670,#8671,#8672,#8673,#8674,#8675,#8676,
#8677,#8678,#8679,#8680,#8681,#8682,#8683,#8684,#8685,#8686,#8687,#8688),
 .UNSPECIFIED.,.F.,.F.,(4,2,2,2,2,2,2,2,2,2,2,2,2,2,2,2,2,2,2,2,4),(0.,
0.140621897954306,0.21093284693146,0.246088321420037,0.281243795908613,
0.304680778900997,0.31639927039719,0.328117761893381,0.37499172787815,0.437490349191176,
0.499988970504201,0.562490349191176,0.624991727878151,0.656242417221638,
0.671867761893382,0.687493106565125,0.707024787404805,0.726556468244485,
0.765619829923844,0.843746553282563,1.),.UNSPECIFIED.);
#122=B_SPLINE_CURVE_WITH_KNOTS('',3,(#8841,#8842,#8843,#8844,#8845,#8846,
#8847,#8848,#8849,#8850,#8851,#8852,#8853,#8854,#8855),.UNSPECIFIED.,.F.,
 .F.,(4,1,1,1,1,1,1,1,1,1,1,1,4),(0.0431116395101388,0.0470095458634037,
0.0509074522166686,0.052856405393301,0.0548053585699334,0.0567543117465659,
0.0587032649231983,0.0606522180998308,0.0626011712764632,0.0645501244530956,
0.0664990776297281,0.070396983982993,0.0742948903362579),.UNSPECIFIED.);
#123=B_SPLINE_CURVE_WITH_KNOTS('',3,(#8857,#8858,#8859,#8860,#8861,#8862,
#8863,#8864,#8865,#8866,#8867,#8868,#8869,#8870,#8871),.UNSPECIFIED.,.F.,
 .F.,(4,1,1,1,1,1,1,1,1,1,1,1,4),(0.0431142885768088,0.0470121976446617,
0.0509101067125147,0.0528590612464412,0.0548080157803677,0.0567569703142942,
0.0587059248482207,0.0606548793821472,0.0626038339160736,0.0645527884500001,
0.0665017429839266,0.0703996520517796,0.0742975611196326),.UNSPECIFIED.);
#124=B_SPLINE_CURVE_WITH_KNOTS('',3,(#8873,#8874,#8875,#8876,#8877,#8878,
#8879,#8880,#8881,#8882,#8883,#8884,#8885,#8886,#8887,#8888,#8889,#8890,
#8891,#8892,#8893,#8894,#8895,#8896,#8897,#8898,#8899,#8900,#8901,#8902,
#8903,#8904,#8905,#8906,#8907,#8908,#8909,#8910,#8911,#8912,#8913,#8914),
 .UNSPECIFIED.,.F.,.F.,(4,2,2,2,2,2,2,2,2,2,2,2,2,2,2,2,2,2,2,2,4),(0.,
0.140621897954306,0.21093284693146,0.246088321420037,0.281243795908613,
0.304680778900997,0.31639927039719,0.328117761893381,0.37499172787815,0.437490349191176,
0.499988970504201,0.562490349191176,0.624991727878151,0.656242417221638,
0.671867761893382,0.687493106565125,0.707024787404805,0.726556468244485,
0.765619829923844,0.843746553282563,1.),.UNSPECIFIED.);
#125=B_SPLINE_CURVE_WITH_KNOTS('',3,(#9067,#9068,#9069,#9070,#9071,#9072,
#9073,#9074,#9075,#9076,#9077,#9078,#9079,#9080,#9081),.UNSPECIFIED.,.F.,
 .F.,(4,1,1,1,1,1,1,1,1,1,1,1,4),(0.,0.00391642656819212,0.00783285313638424,
0.00979106642048031,0.0117492797045764,0.0137074929886724,0.0156657062727685,
0.0176239195568645,0.0195821328409606,0.0215403461250567,0.0234985594091527,
0.0274149859773449,0.031331412545537),.UNSPECIFIED.);
#126=B_SPLINE_CURVE_WITH_KNOTS('',3,(#9083,#9084,#9085,#9086,#9087,#9088,
#9089,#9090,#9091,#9092,#9093,#9094,#9095,#9096,#9097),.UNSPECIFIED.,.F.,
 .F.,(4,1,1,1,1,1,1,1,1,1,1,1,4),(0.,0.00391638194300531,0.00783276388601063,
0.00979095485751328,0.0117491458290159,0.0137073368005186,0.0156655277720213,
0.0176237187435239,0.0195819097150266,0.0215401006865292,0.0234982916580319,
0.0274146736010372,0.0313310555440425),.UNSPECIFIED.);
#127=B_SPLINE_CURVE_WITH_KNOTS('',3,(#9148,#9149,#9150,#9151,#9152,#9153,
#9154,#9155,#9156,#9157,#9158,#9159,#9160,#9161,#9162),.UNSPECIFIED.,.F.,
 .F.,(4,1,1,1,1,1,1,1,1,1,1,1,4),(0.,0.00602451558740909,0.00903677338111363,
0.0120490311748182,0.0150612889685227,0.0180735467622273,0.0210858045559318,
0.0240980623496364,0.0301225779370454,0.0361470935244545,0.0391593513181591,
0.0421716091118636,0.0481961246992727),.UNSPECIFIED.);
#128=B_SPLINE_CURVE_WITH_KNOTS('',3,(#9168,#9169,#9170,#9171,#9172,#9173,
#9174,#9175,#9176,#9177,#9178,#9179,#9180,#9181,#9182),.UNSPECIFIED.,.F.,
 .F.,(4,1,1,1,1,1,1,1,1,1,1,1,4),(0.,0.00422783122368603,0.00845566244737205,
0.0105695780592151,0.0126834936710581,0.0147974092829011,0.0169113248947441,
0.0190252405065871,0.0211391561184301,0.0232530717302731,0.0253669873421161,
0.0295948185658022,0.0338226497894882),.UNSPECIFIED.);
#129=B_SPLINE_CURVE_WITH_KNOTS('',3,(#9186,#9187,#9188,#9189,#9190,#9191,
#9192,#9193,#9194,#9195,#9196,#9197,#9198,#9199,#9200),.UNSPECIFIED.,.F.,
 .F.,(4,1,1,1,1,1,1,1,1,1,1,1,4),(0.,0.00391641703523006,0.00783283407046012,
0.00979104258807515,0.0117492511056902,0.0137074596233052,0.0156656681409202,
0.0176238766585353,0.0195820851761503,0.0215402936937653,0.0234985022113804,
0.0274149192466104,0.0313313362818405),.UNSPECIFIED.);
#130=B_SPLINE_CURVE_WITH_KNOTS('',3,(#9396,#9397,#9398,#9399,#9400,#9401,
#9402,#9403,#9404,#9405,#9406,#9407,#9408,#9409,#9410),.UNSPECIFIED.,.F.,
 .F.,(4,1,1,1,1,1,1,1,1,1,1,1,4),(0.,0.00391639843937874,0.00783279687875748,
0.00979099609844685,0.0117491953181362,0.0137073945378256,0.015665593757515,
0.0176237929772043,0.0195819921968937,0.0215401914165831,0.0234983906362724,
0.0274147890756512,0.0313311875150299),.UNSPECIFIED.);
#131=B_SPLINE_CURVE_WITH_KNOTS('',3,(#9414,#9415,#9416,#9417,#9418,#9419,
#9420,#9421,#9422,#9423,#9424,#9425,#9426,#9427,#9428),.UNSPECIFIED.,.F.,
 .F.,(4,1,1,1,1,1,1,1,1,1,1,1,4),(0.,0.0042278333198288,0.0084556666396576,
0.010569583299572,0.0126834999594864,0.0147974166194008,0.0169113332793152,
0.0190252499392296,0.021139166599144,0.0232530832590584,0.0253669999189728,
0.0295948332388016,0.0338226665586304),.UNSPECIFIED.);
#132=B_SPLINE_CURVE_WITH_KNOTS('',3,(#9914,#9915,#9916,#9917,#9918,#9919,
#9920,#9921,#9922,#9923,#9924),.UNSPECIFIED.,.T.,.F.,(1,1,1,1,1,1,1,1,1,
1,1,1,1,1,1),(-0.00447158816791236,-0.00298105877860824,-0.00149052938930412,
0.,0.00149052938930412,0.00298105877860824,0.00447158816791236,0.00596211755721648,
0.0074526469465206,0.00894317633582472,0.0104337057251288,0.011924235114433,
0.0134147645037371,0.0149052938930412,0.0163958232823453),.UNSPECIFIED.);
#133=PLANE('',#1323);
#134=PLANE('',#1326);
#135=PLANE('',#1332);
#136=PLANE('',#1334);
#137=PLANE('',#1335);
#138=PLANE('',#1336);
#139=PLANE('',#1339);
#140=PLANE('',#1341);
#141=PLANE('',#1342);
#142=PLANE('',#1352);
#143=PLANE('',#1355);
#144=PLANE('',#1361);
#145=PLANE('',#1363);
#146=PLANE('',#1364);
#147=PLANE('',#1365);
#148=PLANE('',#1368);
#149=PLANE('',#1370);
#150=PLANE('',#1371);
#151=PLANE('',#1379);
#152=PLANE('',#1382);
#153=PLANE('',#1384);
#154=PLANE('',#1385);
#155=PLANE('',#1386);
#156=PLANE('',#1389);
#157=PLANE('',#1394);
#158=PLANE('',#1397);
#159=PLANE('',#1399);
#160=PLANE('',#1400);
#161=PLANE('',#1406);
#162=PLANE('',#1409);
#163=PLANE('',#1410);
#164=PLANE('',#1411);
#165=PLANE('',#1415);
#166=(
BOUNDED_CURVE()
B_SPLINE_CURVE(2,(#1696,#1697,#1698,#1699,#1700,#1701,#1702,#1703,#1704,
#1705,#1706,#1707,#1708,#1709,#1710,#1711,#1712,#1713,#1714,#1715,#1716,
#1717,#1718,#1719,#1720,#1721,#1722,#1723,#1724,#1725,#1726,#1727,#1728,
#1729,#1730,#1731,#1732,#1733,#1734,#1735,#1736,#1737,#1738,#1739,#1740,
#1741,#1742,#1743,#1744,#1745,#1746,#1747,#1748,#1749,#1750,#1751,#1752,
#1753,#1754,#1755,#1756,#1757,#1758,#1759,#1760,#1761,#1762,#1763,#1764,
#1765,#1766),.UNSPECIFIED.,.F.,.F.)
B_SPLINE_CURVE_WITH_KNOTS((3,2,2,2,2,2,2,2,2,2,2,2,2,2,2,2,2,2,2,2,2,2,
2,2,2,2,2,2,2,2,2,2,2,2,2,3),(0.,0.0178571428571428,0.0357142857142857,
0.0535714285714286,0.0714285714285714,0.0892857142857143,0.107142857142857,
0.125,0.142857142857143,0.160714285714285,0.178571428571428,0.196428571428572,
0.214285714285714,0.232142857142857,0.25,0.267857142857143,0.285714285714286,
0.303571428571428,0.321428571428572,0.339285714285715,0.357142857142857,
0.375,0.392857142857143,0.410714285714286,0.428571428571428,0.446428571428572,
0.464285714285714,0.482142857142857,0.5,0.517857142857143,0.535714285714286,
0.553571428571429,0.571428571428571,0.589285714285714,0.607142857142857,
0.625),.PIECEWISE_BEZIER_KNOTS.)
CURVE()
GEOMETRIC_REPRESENTATION_ITEM()
RATIONAL_B_SPLINE_CURVE((1.,0.993712209893243,1.,0.993712209893243,1.,0.993712209893243,
1.,0.993712209893243,1.,0.993712209893243,1.,0.993712209893243,1.,0.993712209893243,
1.,0.993712209893243,1.,0.993712209893243,1.,0.993712209893243,1.,0.993712209893243,
1.,0.993712209893243,1.,0.993712209893243,1.,0.993712209893243,1.,0.993712209893243,
1.,0.993712209893243,1.,0.993712209893243,1.,0.993712209893243,1.,0.993712209893243,
1.,0.993712209893243,1.,0.993712209893243,1.,0.993712209893243,1.,0.993712209893243,
1.,0.993712209893243,1.,0.993712209893243,1.,0.993712209893243,1.,0.993712209893243,
1.,0.993712209893243,1.,0.993712209893243,1.,0.993712209893243,1.,0.993712209893243,
1.,0.993712209893243,1.,0.993712209893243,1.,0.993712209893243,1.,0.993712209893243,
1.))
REPRESENTATION_ITEM('')
);
#167=(
BOUNDED_CURVE()
B_SPLINE_CURVE(2,(#1774,#1775,#1776,#1777,#1778,#1779,#1780,#1781,#1782,
#1783,#1784,#1785,#1786,#1787,#1788,#1789,#1790,#1791,#1792,#1793,#1794,
#1795,#1796,#1797,#1798,#1799,#1800,#1801,#1802,#1803,#1804,#1805,#1806,
#1807,#1808,#1809,#1810,#1811,#1812,#1813,#1814,#1815,#1816,#1817,#1818,
#1819,#1820,#1821,#1822,#1823,#1824,#1825,#1826,#1827,#1828,#1829,#1830,
#1831,#1832,#1833,#1834,#1835,#1836,#1837,#1838,#1839,#1840,#1841,#1842,
#1843,#1844),.UNSPECIFIED.,.F.,.F.)
B_SPLINE_CURVE_WITH_KNOTS((3,2,2,2,2,2,2,2,2,2,2,2,2,2,2,2,2,2,2,2,2,2,
2,2,2,2,2,2,2,2,2,2,2,2,2,3),(0.,0.0178571428571428,0.0357142857142857,
0.0535714285714286,0.0714285714285714,0.0892857142857143,0.107142857142857,
0.125,0.142857142857143,0.160714285714285,0.178571428571428,0.196428571428572,
0.214285714285714,0.232142857142857,0.25,0.267857142857143,0.285714285714286,
0.303571428571428,0.321428571428572,0.339285714285715,0.357142857142857,
0.375,0.392857142857143,0.410714285714286,0.428571428571428,0.446428571428572,
0.464285714285714,0.482142857142857,0.5,0.517857142857143,0.535714285714286,
0.553571428571429,0.571428571428571,0.589285714285714,0.607142857142857,
0.625),.PIECEWISE_BEZIER_KNOTS.)
CURVE()
GEOMETRIC_REPRESENTATION_ITEM()
RATIONAL_B_SPLINE_CURVE((1.,0.993712209893243,1.,0.993712209893243,1.,0.993712209893243,
1.,0.993712209893243,1.,0.993712209893243,1.,0.993712209893243,1.,0.993712209893243,
1.,0.993712209893243,1.,0.993712209893243,1.,0.993712209893243,1.,0.993712209893243,
1.,0.993712209893243,1.,0.993712209893243,1.,0.993712209893243,1.,0.993712209893243,
1.,0.993712209893243,1.,0.993712209893243,1.,0.993712209893243,1.,0.993712209893243,
1.,0.993712209893243,1.,0.993712209893243,1.,0.993712209893243,1.,0.993712209893243,
1.,0.993712209893243,1.,0.993712209893243,1.,0.993712209893243,1.,0.993712209893243,
1.,0.993712209893243,1.,0.993712209893243,1.,0.993712209893243,1.,0.993712209893243,
1.,0.993712209893243,1.,0.993712209893243,1.,0.993712209893243,1.,0.993712209893243,
1.))
REPRESENTATION_ITEM('')
);
#168=(
BOUNDED_CURVE()
B_SPLINE_CURVE(2,(#1874,#1875,#1876,#1877,#1878,#1879,#1880,#1881,#1882,
#1883,#1884,#1885,#1886,#1887,#1888,#1889,#1890,#1891,#1892,#1893,#1894,
#1895,#1896,#1897,#1898,#1899,#1900,#1901,#1902,#1903,#1904,#1905,#1906,
#1907,#1908,#1909,#1910,#1911,#1912,#1913,#1914,#1915,#1916,#1917,#1918,
#1919,#1920,#1921,#1922,#1923,#1924,#1925,#1926,#1927,#1928,#1929,#1930,
#1931,#1932,#1933,#1934,#1935,#1936,#1937,#1938,#1939,#1940,#1941,#1942,
#1943,#1944),.UNSPECIFIED.,.F.,.F.)
B_SPLINE_CURVE_WITH_KNOTS((3,2,2,2,2,2,2,2,2,2,2,2,2,2,2,2,2,2,2,2,2,2,
2,2,2,2,2,2,2,2,2,2,2,2,2,3),(0.,0.0178571428571428,0.0357142857142857,
0.0535714285714286,0.0714285714285714,0.0892857142857143,0.107142857142857,
0.125,0.142857142857143,0.160714285714285,0.178571428571428,0.196428571428572,
0.214285714285714,0.232142857142857,0.25,0.267857142857143,0.285714285714286,
0.303571428571428,0.321428571428572,0.339285714285715,0.357142857142857,
0.375,0.392857142857143,0.410714285714286,0.428571428571428,0.446428571428572,
0.464285714285714,0.482142857142857,0.5,0.517857142857143,0.535714285714286,
0.553571428571429,0.571428571428571,0.589285714285714,0.607142857142857,
0.625),.PIECEWISE_BEZIER_KNOTS.)
CURVE()
GEOMETRIC_REPRESENTATION_ITEM()
RATIONAL_B_SPLINE_CURVE((1.,0.993712209893243,1.,0.993712209893243,1.,0.993712209893243,
1.,0.993712209893243,1.,0.993712209893243,1.,0.993712209893243,1.,0.993712209893243,
1.,0.993712209893243,1.,0.993712209893243,1.,0.993712209893243,1.,0.993712209893243,
1.,0.993712209893243,1.,0.993712209893243,1.,0.993712209893243,1.,0.993712209893243,
1.,0.993712209893243,1.,0.993712209893243,1.,0.993712209893243,1.,0.993712209893243,
1.,0.993712209893243,1.,0.993712209893243,1.,0.993712209893243,1.,0.993712209893243,
1.,0.993712209893243,1.,0.993712209893243,1.,0.993712209893243,1.,0.993712209893243,
1.,0.993712209893243,1.,0.993712209893243,1.,0.993712209893243,1.,0.993712209893243,
1.,0.993712209893243,1.,0.993712209893243,1.,0.993712209893243,1.,0.993712209893243,
1.))
REPRESENTATION_ITEM('')
);
#169=(
BOUNDED_CURVE()
B_SPLINE_CURVE(2,(#1948,#1949,#1950,#1951,#1952,#1953,#1954,#1955,#1956,
#1957,#1958,#1959,#1960,#1961,#1962,#1963,#1964,#1965,#1966,#1967,#1968,
#1969,#1970,#1971,#1972,#1973,#1974,#1975,#1976,#1977,#1978,#1979,#1980,
#1981,#1982,#1983,#1984,#1985,#1986,#1987,#1988,#1989,#1990,#1991,#1992,
#1993,#1994,#1995,#1996,#1997,#1998,#1999,#2000,#2001,#2002,#2003,#2004,
#2005,#2006,#2007,#2008,#2009,#2010,#2011,#2012,#2013,#2014,#2015,#2016,
#2017,#2018),.UNSPECIFIED.,.F.,.F.)
B_SPLINE_CURVE_WITH_KNOTS((3,2,2,2,2,2,2,2,2,2,2,2,2,2,2,2,2,2,2,2,2,2,
2,2,2,2,2,2,2,2,2,2,2,2,2,3),(0.,0.0178571428571428,0.0357142857142857,
0.0535714285714286,0.0714285714285714,0.0892857142857143,0.107142857142857,
0.125,0.142857142857143,0.160714285714285,0.178571428571428,0.196428571428572,
0.214285714285714,0.232142857142857,0.25,0.267857142857143,0.285714285714286,
0.303571428571428,0.321428571428572,0.339285714285715,0.357142857142857,
0.375,0.392857142857143,0.410714285714286,0.428571428571428,0.446428571428572,
0.464285714285714,0.482142857142857,0.5,0.517857142857143,0.535714285714286,
0.553571428571429,0.571428571428571,0.589285714285714,0.607142857142857,
0.625),.PIECEWISE_BEZIER_KNOTS.)
CURVE()
GEOMETRIC_REPRESENTATION_ITEM()
RATIONAL_B_SPLINE_CURVE((1.,0.993712209893243,1.,0.993712209893243,1.,0.993712209893243,
1.,0.993712209893243,1.,0.993712209893243,1.,0.993712209893243,1.,0.993712209893243,
1.,0.993712209893243,1.,0.993712209893243,1.,0.993712209893243,1.,0.993712209893243,
1.,0.993712209893243,1.,0.993712209893243,1.,0.993712209893243,1.,0.993712209893243,
1.,0.993712209893243,1.,0.993712209893243,1.,0.993712209893243,1.,0.993712209893243,
1.,0.993712209893243,1.,0.993712209893243,1.,0.993712209893243,1.,0.993712209893243,
1.,0.993712209893243,1.,0.993712209893243,1.,0.993712209893243,1.,0.993712209893243,
1.,0.993712209893243,1.,0.993712209893243,1.,0.993712209893243,1.,0.993712209893243,
1.,0.993712209893243,1.,0.993712209893243,1.,0.993712209893243,1.,0.993712209893243,
1.))
REPRESENTATION_ITEM('')
);
#170=(
BOUNDED_CURVE()
B_SPLINE_CURVE(2,(#2114,#2115,#2116,#2117,#2118,#2119,#2120,#2121,#2122,
#2123,#2124,#2125,#2126,#2127,#2128,#2129,#2130,#2131,#2132,#2133,#2134,
#2135,#2136,#2137,#2138,#2139,#2140,#2141,#2142,#2143,#2144,#2145,#2146,
#2147,#2148,#2149,#2150,#2151,#2152,#2153,#2154,#2155,#2156,#2157,#2158,
#2159,#2160,#2161,#2162,#2163,#2164,#2165,#2166,#2167,#2168,#2169,#2170,
#2171,#2172,#2173,#2174,#2175,#2176,#2177,#2178,#2179,#2180,#2181,#2182,
#2183,#2184),.UNSPECIFIED.,.F.,.F.)
B_SPLINE_CURVE_WITH_KNOTS((3,2,2,2,2,2,2,2,2,2,2,2,2,2,2,2,2,2,2,2,2,2,
2,2,2,2,2,2,2,2,2,2,2,2,2,3),(0.,0.0178571428571428,0.0357142857142857,
0.0535714285714286,0.0714285714285714,0.0892857142857143,0.107142857142857,
0.125,0.142857142857143,0.160714285714285,0.178571428571428,0.196428571428572,
0.214285714285714,0.232142857142857,0.25,0.267857142857143,0.285714285714286,
0.303571428571428,0.321428571428572,0.339285714285715,0.357142857142857,
0.375,0.392857142857143,0.410714285714286,0.428571428571428,0.446428571428572,
0.464285714285714,0.482142857142857,0.5,0.517857142857143,0.535714285714286,
0.553571428571429,0.571428571428571,0.589285714285714,0.607142857142857,
0.625),.PIECEWISE_BEZIER_KNOTS.)
CURVE()
GEOMETRIC_REPRESENTATION_ITEM()
RATIONAL_B_SPLINE_CURVE((1.,0.993712209893243,1.,0.993712209893243,1.,0.993712209893243,
1.,0.993712209893243,1.,0.993712209893243,1.,0.993712209893243,1.,0.993712209893243,
1.,0.993712209893243,1.,0.993712209893243,1.,0.993712209893243,1.,0.993712209893243,
1.,0.993712209893243,1.,0.993712209893243,1.,0.993712209893243,1.,0.993712209893243,
1.,0.993712209893243,1.,0.993712209893243,1.,0.993712209893243,1.,0.993712209893243,
1.,0.993712209893243,1.,0.993712209893243,1.,0.993712209893243,1.,0.993712209893243,
1.,0.993712209893243,1.,0.993712209893243,1.,0.993712209893243,1.,0.993712209893243,
1.,0.993712209893243,1.,0.993712209893243,1.,0.993712209893243,1.,0.993712209893243,
1.,0.993712209893243,1.,0.993712209893243,1.,0.993712209893243,1.,0.993712209893243,
1.))
REPRESENTATION_ITEM('')
);
#171=(
BOUNDED_CURVE()
B_SPLINE_CURVE(2,(#2192,#2193,#2194,#2195,#2196,#2197,#2198,#2199,#2200,
#2201,#2202,#2203,#2204,#2205,#2206,#2207,#2208,#2209,#2210,#2211,#2212,
#2213,#2214,#2215,#2216,#2217,#2218,#2219,#2220,#2221,#2222,#2223,#2224,
#2225,#2226,#2227,#2228,#2229,#2230,#2231,#2232,#2233,#2234,#2235,#2236,
#2237,#2238,#2239,#2240,#2241,#2242,#2243,#2244,#2245,#2246,#2247,#2248,
#2249,#2250,#2251,#2252,#2253,#2254,#2255,#2256,#2257,#2258,#2259,#2260,
#2261,#2262),.UNSPECIFIED.,.F.,.F.)
B_SPLINE_CURVE_WITH_KNOTS((3,2,2,2,2,2,2,2,2,2,2,2,2,2,2,2,2,2,2,2,2,2,
2,2,2,2,2,2,2,2,2,2,2,2,2,3),(0.,0.0178571428571428,0.0357142857142857,
0.0535714285714286,0.0714285714285714,0.0892857142857143,0.107142857142857,
0.125,0.142857142857143,0.160714285714285,0.178571428571428,0.196428571428572,
0.214285714285714,0.232142857142857,0.25,0.267857142857143,0.285714285714286,
0.303571428571428,0.321428571428572,0.339285714285715,0.357142857142857,
0.375,0.392857142857143,0.410714285714286,0.428571428571428,0.446428571428572,
0.464285714285714,0.482142857142857,0.5,0.517857142857143,0.535714285714286,
0.553571428571429,0.571428571428571,0.589285714285714,0.607142857142857,
0.625),.PIECEWISE_BEZIER_KNOTS.)
CURVE()
GEOMETRIC_REPRESENTATION_ITEM()
RATIONAL_B_SPLINE_CURVE((1.,0.993712209893243,1.,0.993712209893243,1.,0.993712209893243,
1.,0.993712209893243,1.,0.993712209893243,1.,0.993712209893243,1.,0.993712209893243,
1.,0.993712209893243,1.,0.993712209893243,1.,0.993712209893243,1.,0.993712209893243,
1.,0.993712209893243,1.,0.993712209893243,1.,0.993712209893243,1.,0.993712209893243,
1.,0.993712209893243,1.,0.993712209893243,1.,0.993712209893243,1.,0.993712209893243,
1.,0.993712209893243,1.,0.993712209893243,1.,0.993712209893243,1.,0.993712209893243,
1.,0.993712209893243,1.,0.993712209893243,1.,0.993712209893243,1.,0.993712209893243,
1.,0.993712209893243,1.,0.993712209893243,1.,0.993712209893243,1.,0.993712209893243,
1.,0.993712209893243,1.,0.993712209893243,1.,0.993712209893243,1.,0.993712209893243,
1.))
REPRESENTATION_ITEM('')
);
#172=(
BOUNDED_CURVE()
B_SPLINE_CURVE(2,(#2292,#2293,#2294,#2295,#2296,#2297,#2298,#2299,#2300,
#2301,#2302,#2303,#2304,#2305,#2306,#2307,#2308,#2309,#2310,#2311,#2312,
#2313,#2314,#2315,#2316,#2317,#2318,#2319,#2320,#2321,#2322,#2323,#2324,
#2325,#2326,#2327,#2328,#2329,#2330,#2331,#2332,#2333,#2334,#2335,#2336,
#2337,#2338,#2339,#2340,#2341,#2342,#2343,#2344,#2345,#2346,#2347,#2348,
#2349,#2350,#2351,#2352,#2353,#2354,#2355,#2356,#2357,#2358,#2359,#2360,
#2361,#2362),.UNSPECIFIED.,.F.,.F.)
B_SPLINE_CURVE_WITH_KNOTS((3,2,2,2,2,2,2,2,2,2,2,2,2,2,2,2,2,2,2,2,2,2,
2,2,2,2,2,2,2,2,2,2,2,2,2,3),(0.,0.0178571428571428,0.0357142857142857,
0.0535714285714286,0.0714285714285714,0.0892857142857143,0.107142857142857,
0.125,0.142857142857143,0.160714285714285,0.178571428571428,0.196428571428572,
0.214285714285714,0.232142857142857,0.25,0.267857142857143,0.285714285714286,
0.303571428571428,0.321428571428572,0.339285714285715,0.357142857142857,
0.375,0.392857142857143,0.410714285714286,0.428571428571428,0.446428571428572,
0.464285714285714,0.482142857142857,0.5,0.517857142857143,0.535714285714286,
0.553571428571429,0.571428571428571,0.589285714285714,0.607142857142857,
0.625),.PIECEWISE_BEZIER_KNOTS.)
CURVE()
GEOMETRIC_REPRESENTATION_ITEM()
RATIONAL_B_SPLINE_CURVE((1.,0.993712209893243,1.,0.993712209893243,1.,0.993712209893243,
1.,0.993712209893243,1.,0.993712209893243,1.,0.993712209893243,1.,0.993712209893243,
1.,0.993712209893243,1.,0.993712209893243,1.,0.993712209893243,1.,0.993712209893243,
1.,0.993712209893243,1.,0.993712209893243,1.,0.993712209893243,1.,0.993712209893243,
1.,0.993712209893243,1.,0.993712209893243,1.,0.993712209893243,1.,0.993712209893243,
1.,0.993712209893243,1.,0.993712209893243,1.,0.993712209893243,1.,0.993712209893243,
1.,0.993712209893243,1.,0.993712209893243,1.,0.993712209893243,1.,0.993712209893243,
1.,0.993712209893243,1.,0.993712209893243,1.,0.993712209893243,1.,0.993712209893243,
1.,0.993712209893243,1.,0.993712209893243,1.,0.993712209893243,1.,0.993712209893243,
1.))
REPRESENTATION_ITEM('')
);
#173=(
BOUNDED_CURVE()
B_SPLINE_CURVE(2,(#2366,#2367,#2368,#2369,#2370,#2371,#2372,#2373,#2374,
#2375,#2376,#2377,#2378,#2379,#2380,#2381,#2382,#2383,#2384,#2385,#2386,
#2387,#2388,#2389,#2390,#2391,#2392,#2393,#2394,#2395,#2396,#2397,#2398,
#2399,#2400,#2401,#2402,#2403,#2404,#2405,#2406,#2407,#2408,#2409,#2410,
#2411,#2412,#2413,#2414,#2415,#2416,#2417,#2418,#2419,#2420,#2421,#2422,
#2423,#2424,#2425,#2426,#2427,#2428,#2429,#2430,#2431,#2432,#2433,#2434,
#2435,#2436),.UNSPECIFIED.,.F.,.F.)
B_SPLINE_CURVE_WITH_KNOTS((3,2,2,2,2,2,2,2,2,2,2,2,2,2,2,2,2,2,2,2,2,2,
2,2,2,2,2,2,2,2,2,2,2,2,2,3),(0.,0.0178571428571428,0.0357142857142857,
0.0535714285714286,0.0714285714285714,0.0892857142857143,0.107142857142857,
0.125,0.142857142857143,0.160714285714285,0.178571428571428,0.196428571428572,
0.214285714285714,0.232142857142857,0.25,0.267857142857143,0.285714285714286,
0.303571428571428,0.321428571428572,0.339285714285715,0.357142857142857,
0.375,0.392857142857143,0.410714285714286,0.428571428571428,0.446428571428572,
0.464285714285714,0.482142857142857,0.5,0.517857142857143,0.535714285714286,
0.553571428571429,0.571428571428571,0.589285714285714,0.607142857142857,
0.625),.PIECEWISE_BEZIER_KNOTS.)
CURVE()
GEOMETRIC_REPRESENTATION_ITEM()
RATIONAL_B_SPLINE_CURVE((1.,0.993712209893243,1.,0.993712209893243,1.,0.993712209893243,
1.,0.993712209893243,1.,0.993712209893243,1.,0.993712209893243,1.,0.993712209893243,
1.,0.993712209893243,1.,0.993712209893243,1.,0.993712209893243,1.,0.993712209893243,
1.,0.993712209893243,1.,0.993712209893243,1.,0.993712209893243,1.,0.993712209893243,
1.,0.993712209893243,1.,0.993712209893243,1.,0.993712209893243,1.,0.993712209893243,
1.,0.993712209893243,1.,0.993712209893243,1.,0.993712209893243,1.,0.993712209893243,
1.,0.993712209893243,1.,0.993712209893243,1.,0.993712209893243,1.,0.993712209893243,
1.,0.993712209893243,1.,0.993712209893243,1.,0.993712209893243,1.,0.993712209893243,
1.,0.993712209893243,1.,0.993712209893243,1.,0.993712209893243,1.,0.993712209893243,
1.))
REPRESENTATION_ITEM('')
);
#174=(
BOUNDED_CURVE()
B_SPLINE_CURVE(2,(#6813,#6814,#6815,#6816,#6817,#6818,#6819,#6820,#6821,
#6822,#6823,#6824,#6825,#6826,#6827,#6828,#6829,#6830,#6831,#6832,#6833,
#6834,#6835,#6836,#6837,#6838,#6839,#6840,#6841,#6842,#6843,#6844,#6845,
#6846,#6847,#6848,#6849,#6850,#6851,#6852,#6853,#6854,#6855,#6856,#6857,
#6858,#6859,#6860,#6861),.UNSPECIFIED.,.F.,.F.)
B_SPLINE_CURVE_WITH_KNOTS((3,2,2,2,2,2,2,2,2,2,2,2,2,2,2,2,2,2,2,2,2,2,
2,2,3),(0.,0.0333333333333333,0.0666666666666667,0.1,0.133333333333333,
0.166666666666667,0.2,0.233333333333334,0.266666666666666,0.3,0.333333333333334,
0.366666666666666,0.4,0.433333333333334,0.466666666666667,0.5,0.533333333333333,
0.566666666666667,0.6,0.633333333333333,0.666666666666667,0.7,0.733333333333333,
0.766666666666667,0.774855159851901),.PIECEWISE_BEZIER_KNOTS.)
CURVE()
GEOMETRIC_REPRESENTATION_ITEM()
RATIONAL_B_SPLINE_CURVE((1.,0.951056516295153,1.,0.951056516295153,1.,0.951056516295153,
1.,0.951056516295153,1.,0.951056516295153,1.,0.951056516295153,1.,0.951056516295153,
1.,0.951056516295153,1.,0.951056516295153,1.,0.951056516295153,1.,0.951056516295153,
1.,0.951056516295153,1.,0.951056516295153,1.,0.951056516295153,1.,0.951056516295153,
1.,0.951056516295153,1.,0.951056516295153,1.,0.951056516295153,1.,0.951056516295153,
1.,0.951056516295153,1.,0.951056516295153,1.,0.951056516295153,1.,0.951056516295153,
1.,0.987976798516637,0.981860711237947))
REPRESENTATION_ITEM('')
);
#175=(
BOUNDED_CURVE()
B_SPLINE_CURVE(3,(#9099,#9100,#9101,#9102,#9103,#9104,#9105,#9106,#9107,
#9108,#9109,#9110,#9111,#9112,#9113,#9114,#9115,#9116,#9117,#9118,#9119,
#9120,#9121,#9122,#9123,#9124,#9125,#9126,#9127,#9128,#9129,#9130,#9131,
#9132,#9133,#9134,#9135,#9136,#9137,#9138,#9139,#9140),.UNSPECIFIED.,.F.,
 .F.)
B_SPLINE_CURVE_WITH_KNOTS((4,2,2,2,2,2,2,2,2,2,2,2,2,2,2,2,2,2,2,2,4),(0.,
0.140621897954306,0.21093284693146,0.246088321420037,0.281243795908613,
0.304680778900997,0.31639927039719,0.328117761893381,0.37499172787815,0.437490349191176,
0.499988970504201,0.562490349191176,0.624991727878151,0.656242417221638,
0.671867761893382,0.687493106565125,0.707024787404805,0.726556468244485,
0.765619829923844,0.843746553282563,1.),.UNSPECIFIED.)
CURVE()
GEOMETRIC_REPRESENTATION_ITEM()
RATIONAL_B_SPLINE_CURVE((1.,1.,1.,1.,1.,1.,1.,1.,1.,1.,1.,1.,1.,1.,1.,1.,
1.,1.,1.,1.,1.,1.,1.,1.,1.,1.,1.,1.,1.,1.,1.,1.,1.,1.,1.,1.,1.,1.,1.,1.,
1.,1.))
REPRESENTATION_ITEM('')
);
#176=(
BOUNDED_CURVE()
B_SPLINE_CURVE(3,(#9353,#9354,#9355,#9356,#9357,#9358,#9359,#9360,#9361,
#9362,#9363,#9364,#9365,#9366,#9367,#9368,#9369,#9370,#9371,#9372,#9373,
#9374,#9375,#9376,#9377,#9378,#9379,#9380,#9381,#9382,#9383,#9384,#9385,
#9386,#9387,#9388,#9389,#9390,#9391,#9392,#9393,#9394),.UNSPECIFIED.,.F.,
 .F.)
B_SPLINE_CURVE_WITH_KNOTS((4,2,2,2,2,2,2,2,2,2,2,2,2,2,2,2,2,2,2,2,4),(0.,
0.140621897954306,0.21093284693146,0.246088321420037,0.281243795908613,
0.304680778900997,0.31639927039719,0.328117761893381,0.37499172787815,0.437490349191176,
0.499988970504201,0.562490349191176,0.624991727878151,0.656242417221638,
0.671867761893382,0.687493106565125,0.707024787404805,0.726556468244485,
0.765619829923844,0.843746553282563,1.),.UNSPECIFIED.)
CURVE()
GEOMETRIC_REPRESENTATION_ITEM()
RATIONAL_B_SPLINE_CURVE((1.,1.,1.,1.,1.,1.,1.,1.,1.,1.,1.,1.,1.,1.,1.,1.,
1.,1.,1.,1.,1.,1.,1.,1.,1.,1.,1.,1.,1.,1.,1.,1.,1.,1.,1.,1.,1.,1.,1.,1.,
1.,1.))
REPRESENTATION_ITEM('')
);
#177=(
BOUNDED_CURVE()
B_SPLINE_CURVE(3,(#9849,#9850,#9851,#9852,#9853,#9854,#9855,#9856,#9857,
#9858,#9859,#9860,#9861,#9862,#9863,#9864,#9865,#9866,#9867,#9868,#9869,
#9870,#9871,#9872,#9873,#9874,#9875,#9876,#9877,#9878,#9879,#9880,#9881,
#9882,#9883,#9884,#9885,#9886,#9887,#9888,#9889,#9890,#9891,#9892,#9893,
#9894,#9895,#9896,#9897,#9898,#9899,#9900,#9901,#9902,#9903,#9904,#9905,
#9906,#9907,#9908),.UNSPECIFIED.,.F.,.F.)
B_SPLINE_CURVE_WITH_KNOTS((4,2,2,2,2,2,2,2,2,2,2,2,2,2,2,2,2,2,2,2,2,2,
2,2,2,2,2,2,2,4),(0.,0.109374999865144,0.164062499797716,0.191406249764002,
0.205078124747145,0.211914062238716,0.218749999730287,0.224609374723063,
0.230468749715839,0.24218749970139,0.265624999672492,0.312499999614696,
0.374999999537635,0.437499999460575,0.499999999383514,0.562499999460575,
0.624999999537636,0.687499999614696,0.718749999653227,0.749999999691757,
0.765624999711022,0.773437499720655,0.781249999730288,0.78906249973992,
0.796874999749553,0.812499999768818,0.828124999788083,0.843749999807348,
0.874999999845879,1.),.UNSPECIFIED.)
CURVE()
GEOMETRIC_REPRESENTATION_ITEM()
RATIONAL_B_SPLINE_CURVE((1.,1.,1.,1.,1.,1.,1.,1.,1.,1.,1.,1.,1.,1.,1.,1.,
1.,1.,1.,1.,1.,1.,1.,1.,1.,1.,1.,1.,1.,1.,1.,1.,1.,1.,1.,1.,1.,1.,1.,1.,
1.,1.,1.,1.,1.,1.,1.,1.,1.,1.,1.,1.,1.,1.,1.,1.,1.,1.,1.,1.))
REPRESENTATION_ITEM('')
);
#178=CIRCLE('',#1319,0.01524);
#179=CIRCLE('',#1320,0.01524);
#180=CIRCLE('',#1321,0.01524);
#181=CIRCLE('',#1322,0.01524);
#182=CIRCLE('',#1324,0.01905);
#183=CIRCLE('',#1325,0.017145);
#184=CIRCLE('',#1327,0.01778);
#185=CIRCLE('',#1328,0.01651);
#186=CIRCLE('',#1330,0.01905);
#187=CIRCLE('',#1333,0.000889);
#188=CIRCLE('',#1338,0.000889);
#189=CIRCLE('',#1340,0.000381);
#190=CIRCLE('',#1348,0.01524);
#191=CIRCLE('',#1349,0.01524);
#192=CIRCLE('',#1350,0.01524);
#193=CIRCLE('',#1351,0.01524);
#194=CIRCLE('',#1353,0.01905);
#195=CIRCLE('',#1354,0.017145);
#196=CIRCLE('',#1356,0.01651);
#197=CIRCLE('',#1357,0.01778);
#198=CIRCLE('',#1359,0.01905);
#199=CIRCLE('',#1362,0.000889);
#200=CIRCLE('',#1367,0.000889);
#201=CIRCLE('',#1369,0.000381);
#202=CIRCLE('',#1378,0.001905);
#203=CIRCLE('',#1383,0.004191);
#204=CIRCLE('',#1387,0.0180964671840214);
#205=CIRCLE('',#1390,0.005588);
#206=CIRCLE('',#1391,0.0101152549149705);
#207=CIRCLE('',#1393,0.005588);
#208=CIRCLE('',#1395,0.004191);
#209=CIRCLE('',#1398,0.00038099999999999);
#210=CIRCLE('',#1401,0.01397);
#211=CIRCLE('',#1402,0.0101152549149705);
#212=CIRCLE('',#1404,0.01397);
#213=CIRCLE('',#1407,0.0206364671840214);
#214=CIRCLE('',#1414,0.001905);
#215=ORIENTED_EDGE('',*,*,#543,.F.);
#216=ORIENTED_EDGE('',*,*,#544,.T.);
#217=ORIENTED_EDGE('',*,*,#545,.F.);
#218=ORIENTED_EDGE('',*,*,#546,.F.);
#219=ORIENTED_EDGE('',*,*,#547,.T.);
#220=ORIENTED_EDGE('',*,*,#548,.T.);
#221=ORIENTED_EDGE('',*,*,#549,.T.);
#222=ORIENTED_EDGE('',*,*,#550,.T.);
#223=ORIENTED_EDGE('',*,*,#551,.F.);
#224=ORIENTED_EDGE('',*,*,#552,.F.);
#225=ORIENTED_EDGE('',*,*,#553,.F.);
#226=ORIENTED_EDGE('',*,*,#554,.F.);
#227=ORIENTED_EDGE('',*,*,#555,.F.);
#228=ORIENTED_EDGE('',*,*,#546,.T.);
#229=ORIENTED_EDGE('',*,*,#556,.F.);
#230=ORIENTED_EDGE('',*,*,#557,.T.);
#231=ORIENTED_EDGE('',*,*,#558,.T.);
#232=ORIENTED_EDGE('',*,*,#559,.T.);
#233=ORIENTED_EDGE('',*,*,#560,.T.);
#234=ORIENTED_EDGE('',*,*,#561,.T.);
#235=ORIENTED_EDGE('',*,*,#562,.T.);
#236=ORIENTED_EDGE('',*,*,#563,.T.);
#237=ORIENTED_EDGE('',*,*,#552,.T.);
#238=ORIENTED_EDGE('',*,*,#554,.T.);
#239=ORIENTED_EDGE('',*,*,#564,.T.);
#240=ORIENTED_EDGE('',*,*,#565,.F.);
#241=ORIENTED_EDGE('',*,*,#566,.F.);
#242=ORIENTED_EDGE('',*,*,#555,.T.);
#243=ORIENTED_EDGE('',*,*,#566,.T.);
#244=ORIENTED_EDGE('',*,*,#567,.F.);
#245=ORIENTED_EDGE('',*,*,#547,.F.);
#246=ORIENTED_EDGE('',*,*,#568,.T.);
#247=ORIENTED_EDGE('',*,*,#551,.T.);
#248=ORIENTED_EDGE('',*,*,#569,.T.);
#249=ORIENTED_EDGE('',*,*,#570,.T.);
#250=ORIENTED_EDGE('',*,*,#564,.F.);
#251=ORIENTED_EDGE('',*,*,#570,.F.);
#252=ORIENTED_EDGE('',*,*,#571,.F.);
#253=ORIENTED_EDGE('',*,*,#569,.F.);
#254=ORIENTED_EDGE('',*,*,#550,.F.);
#255=ORIENTED_EDGE('',*,*,#572,.T.);
#256=ORIENTED_EDGE('',*,*,#573,.F.);
#257=ORIENTED_EDGE('',*,*,#574,.T.);
#258=ORIENTED_EDGE('',*,*,#575,.F.);
#259=ORIENTED_EDGE('',*,*,#572,.F.);
#260=ORIENTED_EDGE('',*,*,#549,.F.);
#261=ORIENTED_EDGE('',*,*,#567,.T.);
#262=ORIENTED_EDGE('',*,*,#576,.F.);
#263=ORIENTED_EDGE('',*,*,#574,.F.);
#264=ORIENTED_EDGE('',*,*,#548,.F.);
#265=ORIENTED_EDGE('',*,*,#565,.T.);
#266=ORIENTED_EDGE('',*,*,#573,.T.);
#267=ORIENTED_EDGE('',*,*,#575,.T.);
#268=ORIENTED_EDGE('',*,*,#576,.T.);
#269=ORIENTED_EDGE('',*,*,#577,.T.);
#270=ORIENTED_EDGE('',*,*,#571,.T.);
#271=ORIENTED_EDGE('',*,*,#578,.T.);
#272=ORIENTED_EDGE('',*,*,#563,.F.);
#273=ORIENTED_EDGE('',*,*,#579,.T.);
#274=ORIENTED_EDGE('',*,*,#557,.F.);
#275=ORIENTED_EDGE('',*,*,#580,.T.);
#276=ORIENTED_EDGE('',*,*,#543,.T.);
#277=ORIENTED_EDGE('',*,*,#568,.F.);
#278=ORIENTED_EDGE('',*,*,#553,.T.);
#279=ORIENTED_EDGE('',*,*,#559,.F.);
#280=ORIENTED_EDGE('',*,*,#581,.T.);
#281=ORIENTED_EDGE('',*,*,#561,.F.);
#282=ORIENTED_EDGE('',*,*,#556,.T.);
#283=ORIENTED_EDGE('',*,*,#545,.T.);
#284=ORIENTED_EDGE('',*,*,#582,.T.);
#285=ORIENTED_EDGE('',*,*,#577,.F.);
#286=ORIENTED_EDGE('',*,*,#578,.F.);
#287=ORIENTED_EDGE('',*,*,#579,.F.);
#288=ORIENTED_EDGE('',*,*,#562,.F.);
#289=ORIENTED_EDGE('',*,*,#581,.F.);
#290=ORIENTED_EDGE('',*,*,#558,.F.);
#291=ORIENTED_EDGE('',*,*,#580,.F.);
#292=ORIENTED_EDGE('',*,*,#560,.F.);
#293=ORIENTED_EDGE('',*,*,#582,.F.);
#294=ORIENTED_EDGE('',*,*,#544,.F.);
#295=ORIENTED_EDGE('',*,*,#583,.F.);
#296=ORIENTED_EDGE('',*,*,#584,.T.);
#297=ORIENTED_EDGE('',*,*,#585,.F.);
#298=ORIENTED_EDGE('',*,*,#586,.F.);
#299=ORIENTED_EDGE('',*,*,#587,.T.);
#300=ORIENTED_EDGE('',*,*,#588,.T.);
#301=ORIENTED_EDGE('',*,*,#589,.T.);
#302=ORIENTED_EDGE('',*,*,#590,.T.);
#303=ORIENTED_EDGE('',*,*,#591,.F.);
#304=ORIENTED_EDGE('',*,*,#592,.F.);
#305=ORIENTED_EDGE('',*,*,#593,.F.);
#306=ORIENTED_EDGE('',*,*,#594,.F.);
#307=ORIENTED_EDGE('',*,*,#595,.F.);
#308=ORIENTED_EDGE('',*,*,#586,.T.);
#309=ORIENTED_EDGE('',*,*,#596,.F.);
#310=ORIENTED_EDGE('',*,*,#597,.T.);
#311=ORIENTED_EDGE('',*,*,#598,.T.);
#312=ORIENTED_EDGE('',*,*,#599,.T.);
#313=ORIENTED_EDGE('',*,*,#600,.T.);
#314=ORIENTED_EDGE('',*,*,#601,.T.);
#315=ORIENTED_EDGE('',*,*,#602,.T.);
#316=ORIENTED_EDGE('',*,*,#603,.T.);
#317=ORIENTED_EDGE('',*,*,#592,.T.);
#318=ORIENTED_EDGE('',*,*,#594,.T.);
#319=ORIENTED_EDGE('',*,*,#604,.T.);
#320=ORIENTED_EDGE('',*,*,#605,.F.);
#321=ORIENTED_EDGE('',*,*,#606,.F.);
#322=ORIENTED_EDGE('',*,*,#595,.T.);
#323=ORIENTED_EDGE('',*,*,#606,.T.);
#324=ORIENTED_EDGE('',*,*,#607,.F.);
#325=ORIENTED_EDGE('',*,*,#587,.F.);
#326=ORIENTED_EDGE('',*,*,#608,.T.);
#327=ORIENTED_EDGE('',*,*,#591,.T.);
#328=ORIENTED_EDGE('',*,*,#609,.T.);
#329=ORIENTED_EDGE('',*,*,#610,.T.);
#330=ORIENTED_EDGE('',*,*,#604,.F.);
#331=ORIENTED_EDGE('',*,*,#610,.F.);
#332=ORIENTED_EDGE('',*,*,#611,.F.);
#333=ORIENTED_EDGE('',*,*,#609,.F.);
#334=ORIENTED_EDGE('',*,*,#590,.F.);
#335=ORIENTED_EDGE('',*,*,#612,.T.);
#336=ORIENTED_EDGE('',*,*,#613,.F.);
#337=ORIENTED_EDGE('',*,*,#614,.T.);
#338=ORIENTED_EDGE('',*,*,#615,.F.);
#339=ORIENTED_EDGE('',*,*,#612,.F.);
#340=ORIENTED_EDGE('',*,*,#589,.F.);
#341=ORIENTED_EDGE('',*,*,#607,.T.);
#342=ORIENTED_EDGE('',*,*,#616,.F.);
#343=ORIENTED_EDGE('',*,*,#614,.F.);
#344=ORIENTED_EDGE('',*,*,#588,.F.);
#345=ORIENTED_EDGE('',*,*,#605,.T.);
#346=ORIENTED_EDGE('',*,*,#613,.T.);
#347=ORIENTED_EDGE('',*,*,#615,.T.);
#348=ORIENTED_EDGE('',*,*,#616,.T.);
#349=ORIENTED_EDGE('',*,*,#617,.T.);
#350=ORIENTED_EDGE('',*,*,#611,.T.);
#351=ORIENTED_EDGE('',*,*,#618,.T.);
#352=ORIENTED_EDGE('',*,*,#599,.F.);
#353=ORIENTED_EDGE('',*,*,#619,.T.);
#354=ORIENTED_EDGE('',*,*,#583,.T.);
#355=ORIENTED_EDGE('',*,*,#608,.F.);
#356=ORIENTED_EDGE('',*,*,#593,.T.);
#357=ORIENTED_EDGE('',*,*,#603,.F.);
#358=ORIENTED_EDGE('',*,*,#620,.T.);
#359=ORIENTED_EDGE('',*,*,#585,.T.);
#360=ORIENTED_EDGE('',*,*,#621,.T.);
#361=ORIENTED_EDGE('',*,*,#597,.F.);
#362=ORIENTED_EDGE('',*,*,#622,.T.);
#363=ORIENTED_EDGE('',*,*,#601,.F.);
#364=ORIENTED_EDGE('',*,*,#596,.T.);
#365=ORIENTED_EDGE('',*,*,#617,.F.);
#366=ORIENTED_EDGE('',*,*,#618,.F.);
#367=ORIENTED_EDGE('',*,*,#619,.F.);
#368=ORIENTED_EDGE('',*,*,#598,.F.);
#369=ORIENTED_EDGE('',*,*,#621,.F.);
#370=ORIENTED_EDGE('',*,*,#584,.F.);
#371=ORIENTED_EDGE('',*,*,#620,.F.);
#372=ORIENTED_EDGE('',*,*,#602,.F.);
#373=ORIENTED_EDGE('',*,*,#622,.F.);
#374=ORIENTED_EDGE('',*,*,#600,.F.);
#375=ORIENTED_EDGE('',*,*,#623,.T.);
#376=ORIENTED_EDGE('',*,*,#624,.F.);
#377=ORIENTED_EDGE('',*,*,#623,.F.);
#378=ORIENTED_EDGE('',*,*,#624,.T.);
#379=ORIENTED_EDGE('',*,*,#625,.F.);
#380=ORIENTED_EDGE('',*,*,#626,.T.);
#381=ORIENTED_EDGE('',*,*,#627,.T.);
#382=ORIENTED_EDGE('',*,*,#628,.F.);
#383=ORIENTED_EDGE('',*,*,#629,.F.);
#384=ORIENTED_EDGE('',*,*,#630,.T.);
#385=ORIENTED_EDGE('',*,*,#631,.T.);
#386=ORIENTED_EDGE('',*,*,#632,.T.);
#387=ORIENTED_EDGE('',*,*,#633,.T.);
#388=ORIENTED_EDGE('',*,*,#634,.T.);
#389=ORIENTED_EDGE('',*,*,#635,.T.);
#390=ORIENTED_EDGE('',*,*,#627,.F.);
#391=ORIENTED_EDGE('',*,*,#636,.T.);
#392=ORIENTED_EDGE('',*,*,#637,.F.);
#393=ORIENTED_EDGE('',*,*,#638,.T.);
#394=ORIENTED_EDGE('',*,*,#629,.T.);
#395=ORIENTED_EDGE('',*,*,#639,.T.);
#396=ORIENTED_EDGE('',*,*,#640,.T.);
#397=ORIENTED_EDGE('',*,*,#641,.T.);
#398=ORIENTED_EDGE('',*,*,#642,.T.);
#399=ORIENTED_EDGE('',*,*,#643,.F.);
#400=ORIENTED_EDGE('',*,*,#643,.T.);
#401=ORIENTED_EDGE('',*,*,#644,.T.);
#402=ORIENTED_EDGE('',*,*,#631,.F.);
#403=ORIENTED_EDGE('',*,*,#645,.T.);
#404=ORIENTED_EDGE('',*,*,#635,.F.);
#405=ORIENTED_EDGE('',*,*,#646,.F.);
#406=ORIENTED_EDGE('',*,*,#639,.F.);
#407=ORIENTED_EDGE('',*,*,#628,.T.);
#408=ORIENTED_EDGE('',*,*,#634,.F.);
#409=ORIENTED_EDGE('',*,*,#647,.F.);
#410=ORIENTED_EDGE('',*,*,#640,.F.);
#411=ORIENTED_EDGE('',*,*,#646,.T.);
#412=ORIENTED_EDGE('',*,*,#633,.F.);
#413=ORIENTED_EDGE('',*,*,#648,.F.);
#414=ORIENTED_EDGE('',*,*,#641,.F.);
#415=ORIENTED_EDGE('',*,*,#647,.T.);
#416=ORIENTED_EDGE('',*,*,#632,.F.);
#417=ORIENTED_EDGE('',*,*,#644,.F.);
#418=ORIENTED_EDGE('',*,*,#642,.F.);
#419=ORIENTED_EDGE('',*,*,#648,.T.);
#420=ORIENTED_EDGE('',*,*,#636,.F.);
#421=ORIENTED_EDGE('',*,*,#626,.F.);
#422=ORIENTED_EDGE('',*,*,#638,.F.);
#423=ORIENTED_EDGE('',*,*,#649,.T.);
#424=ORIENTED_EDGE('',*,*,#649,.F.);
#425=ORIENTED_EDGE('',*,*,#637,.T.);
#426=ORIENTED_EDGE('',*,*,#645,.F.);
#427=ORIENTED_EDGE('',*,*,#630,.F.);
#428=ORIENTED_EDGE('',*,*,#650,.F.);
#429=ORIENTED_EDGE('',*,*,#651,.F.);
#430=ORIENTED_EDGE('',*,*,#650,.T.);
#431=ORIENTED_EDGE('',*,*,#652,.F.);
#432=ORIENTED_EDGE('',*,*,#653,.T.);
#433=ORIENTED_EDGE('',*,*,#654,.F.);
#434=ORIENTED_EDGE('',*,*,#655,.F.);
#435=ORIENTED_EDGE('',*,*,#656,.F.);
#436=ORIENTED_EDGE('',*,*,#656,.T.);
#437=ORIENTED_EDGE('',*,*,#657,.F.);
#438=ORIENTED_EDGE('',*,*,#657,.T.);
#439=ORIENTED_EDGE('',*,*,#625,.T.);
#440=ORIENTED_EDGE('',*,*,#658,.T.);
#441=ORIENTED_EDGE('',*,*,#652,.T.);
#442=ORIENTED_EDGE('',*,*,#659,.T.);
#443=ORIENTED_EDGE('',*,*,#660,.T.);
#444=ORIENTED_EDGE('',*,*,#661,.T.);
#445=ORIENTED_EDGE('',*,*,#662,.T.);
#446=ORIENTED_EDGE('',*,*,#663,.T.);
#447=ORIENTED_EDGE('',*,*,#664,.T.);
#448=ORIENTED_EDGE('',*,*,#665,.T.);
#449=ORIENTED_EDGE('',*,*,#666,.T.);
#450=ORIENTED_EDGE('',*,*,#667,.T.);
#451=ORIENTED_EDGE('',*,*,#668,.T.);
#452=ORIENTED_EDGE('',*,*,#669,.T.);
#453=ORIENTED_EDGE('',*,*,#670,.T.);
#454=ORIENTED_EDGE('',*,*,#671,.T.);
#455=ORIENTED_EDGE('',*,*,#654,.T.);
#456=ORIENTED_EDGE('',*,*,#658,.F.);
#457=ORIENTED_EDGE('',*,*,#672,.T.);
#458=ORIENTED_EDGE('',*,*,#665,.F.);
#459=ORIENTED_EDGE('',*,*,#653,.F.);
#460=ORIENTED_EDGE('',*,*,#664,.F.);
#461=ORIENTED_EDGE('',*,*,#673,.T.);
#462=ORIENTED_EDGE('',*,*,#666,.F.);
#463=ORIENTED_EDGE('',*,*,#672,.F.);
#464=ORIENTED_EDGE('',*,*,#663,.F.);
#465=ORIENTED_EDGE('',*,*,#674,.T.);
#466=ORIENTED_EDGE('',*,*,#667,.F.);
#467=ORIENTED_EDGE('',*,*,#673,.F.);
#468=ORIENTED_EDGE('',*,*,#662,.F.);
#469=ORIENTED_EDGE('',*,*,#675,.T.);
#470=ORIENTED_EDGE('',*,*,#668,.F.);
#471=ORIENTED_EDGE('',*,*,#674,.F.);
#472=ORIENTED_EDGE('',*,*,#661,.F.);
#473=ORIENTED_EDGE('',*,*,#676,.T.);
#474=ORIENTED_EDGE('',*,*,#669,.F.);
#475=ORIENTED_EDGE('',*,*,#675,.F.);
#476=ORIENTED_EDGE('',*,*,#660,.F.);
#477=ORIENTED_EDGE('',*,*,#677,.T.);
#478=ORIENTED_EDGE('',*,*,#670,.F.);
#479=ORIENTED_EDGE('',*,*,#676,.F.);
#480=ORIENTED_EDGE('',*,*,#659,.F.);
#481=ORIENTED_EDGE('',*,*,#655,.T.);
#482=ORIENTED_EDGE('',*,*,#671,.F.);
#483=ORIENTED_EDGE('',*,*,#677,.F.);
#484=ORIENTED_EDGE('',*,*,#678,.T.);
#485=ORIENTED_EDGE('',*,*,#679,.F.);
#486=ORIENTED_EDGE('',*,*,#678,.F.);
#487=ORIENTED_EDGE('',*,*,#680,.T.);
#488=ORIENTED_EDGE('',*,*,#679,.T.);
#489=ORIENTED_EDGE('',*,*,#651,.T.);
#490=ORIENTED_EDGE('',*,*,#681,.T.);
#491=ORIENTED_EDGE('',*,*,#682,.F.);
#492=ORIENTED_EDGE('',*,*,#683,.T.);
#493=ORIENTED_EDGE('',*,*,#684,.T.);
#494=ORIENTED_EDGE('',*,*,#685,.T.);
#495=ORIENTED_EDGE('',*,*,#684,.F.);
#496=ORIENTED_EDGE('',*,*,#686,.T.);
#497=ORIENTED_EDGE('',*,*,#687,.T.);
#498=ORIENTED_EDGE('',*,*,#688,.T.);
#499=ORIENTED_EDGE('',*,*,#687,.F.);
#500=ORIENTED_EDGE('',*,*,#689,.T.);
#501=ORIENTED_EDGE('',*,*,#690,.T.);
#502=ORIENTED_EDGE('',*,*,#691,.F.);
#503=ORIENTED_EDGE('',*,*,#692,.F.);
#504=ORIENTED_EDGE('',*,*,#693,.T.);
#505=ORIENTED_EDGE('',*,*,#690,.F.);
#506=ORIENTED_EDGE('',*,*,#694,.T.);
#507=ORIENTED_EDGE('',*,*,#695,.T.);
#508=ORIENTED_EDGE('',*,*,#692,.T.);
#509=ORIENTED_EDGE('',*,*,#696,.F.);
#510=ORIENTED_EDGE('',*,*,#695,.F.);
#511=ORIENTED_EDGE('',*,*,#697,.F.);
#512=ORIENTED_EDGE('',*,*,#698,.T.);
#513=ORIENTED_EDGE('',*,*,#699,.F.);
#514=ORIENTED_EDGE('',*,*,#681,.F.);
#515=ORIENTED_EDGE('',*,*,#685,.F.);
#516=ORIENTED_EDGE('',*,*,#688,.F.);
#517=ORIENTED_EDGE('',*,*,#693,.F.);
#518=ORIENTED_EDGE('',*,*,#699,.T.);
#519=ORIENTED_EDGE('',*,*,#700,.F.);
#520=ORIENTED_EDGE('',*,*,#701,.T.);
#521=ORIENTED_EDGE('',*,*,#682,.T.);
#522=ORIENTED_EDGE('',*,*,#696,.T.);
#523=ORIENTED_EDGE('',*,*,#691,.T.);
#524=ORIENTED_EDGE('',*,*,#689,.F.);
#525=ORIENTED_EDGE('',*,*,#686,.F.);
#526=ORIENTED_EDGE('',*,*,#683,.F.);
#527=ORIENTED_EDGE('',*,*,#701,.F.);
#528=ORIENTED_EDGE('',*,*,#702,.F.);
#529=ORIENTED_EDGE('',*,*,#703,.F.);
#530=ORIENTED_EDGE('',*,*,#697,.T.);
#531=ORIENTED_EDGE('',*,*,#694,.F.);
#532=ORIENTED_EDGE('',*,*,#703,.T.);
#533=ORIENTED_EDGE('',*,*,#704,.T.);
#534=ORIENTED_EDGE('',*,*,#680,.F.);
#535=ORIENTED_EDGE('',*,*,#704,.F.);
#536=ORIENTED_EDGE('',*,*,#702,.T.);
#537=ORIENTED_EDGE('',*,*,#700,.T.);
#538=ORIENTED_EDGE('',*,*,#698,.F.);
#539=ORIENTED_EDGE('',*,*,#705,.F.);
#540=ORIENTED_EDGE('',*,*,#706,.T.);
#541=ORIENTED_EDGE('',*,*,#705,.T.);
#542=ORIENTED_EDGE('',*,*,#706,.F.);
#543=EDGE_CURVE('',#707,#708,#818,.T.);
#544=EDGE_CURVE('',#707,#709,#178,.T.);
#545=EDGE_CURVE('',#710,#709,#819,.F.);
#546=EDGE_CURVE('',#711,#710,#179,.F.);
#547=EDGE_CURVE('',#711,#712,#166,.T.);
#548=EDGE_CURVE('',#712,#713,#180,.T.);
#549=EDGE_CURVE('',#713,#714,#820,.F.);
#550=EDGE_CURVE('',#714,#715,#181,.T.);
#551=EDGE_CURVE('',#708,#715,#167,.T.);
#552=EDGE_CURVE('',#716,#717,#182,.T.);
#553=EDGE_CURVE('',#718,#716,#821,.T.);
#554=EDGE_CURVE('',#719,#718,#183,.F.);
#555=EDGE_CURVE('',#711,#719,#80,.T.);
#556=EDGE_CURVE('',#717,#710,#822,.T.);
#557=EDGE_CURVE('',#720,#721,#823,.T.);
#558=EDGE_CURVE('',#721,#722,#184,.T.);
#559=EDGE_CURVE('',#722,#723,#824,.T.);
#560=EDGE_CURVE('',#723,#720,#185,.F.);
#561=EDGE_CURVE('',#717,#724,#825,.F.);
#562=EDGE_CURVE('',#724,#725,#186,.F.);
#563=EDGE_CURVE('',#725,#716,#826,.T.);
#564=EDGE_CURVE('',#718,#726,#168,.T.);
#565=EDGE_CURVE('',#727,#726,#827,.T.);
#566=EDGE_CURVE('',#719,#727,#169,.T.);
#567=EDGE_CURVE('',#712,#727,#828,.F.);
#568=EDGE_CURVE('',#718,#708,#829,.T.);
#569=EDGE_CURVE('',#715,#728,#830,.F.);
#570=EDGE_CURVE('',#728,#726,#831,.F.);
#571=EDGE_CURVE('',#728,#728,#187,.T.);
#572=EDGE_CURVE('',#714,#729,#832,.T.);
#573=EDGE_CURVE('',#726,#729,#833,.T.);
#574=EDGE_CURVE('',#713,#730,#834,.T.);
#575=EDGE_CURVE('',#729,#730,#835,.T.);
#576=EDGE_CURVE('',#730,#727,#836,.T.);
#577=EDGE_CURVE('',#731,#731,#188,.F.);
#578=EDGE_CURVE('',#732,#732,#189,.T.);
#579=EDGE_CURVE('',#725,#721,#837,.F.);
#580=EDGE_CURVE('',#720,#707,#838,.T.);
#581=EDGE_CURVE('',#722,#724,#839,.F.);
#582=EDGE_CURVE('',#709,#723,#840,.T.);
#583=EDGE_CURVE('',#733,#734,#841,.T.);
#584=EDGE_CURVE('',#733,#735,#190,.T.);
#585=EDGE_CURVE('',#736,#735,#842,.F.);
#586=EDGE_CURVE('',#737,#736,#191,.F.);
#587=EDGE_CURVE('',#737,#738,#170,.T.);
#588=EDGE_CURVE('',#738,#739,#192,.T.);
#589=EDGE_CURVE('',#739,#740,#843,.F.);
#590=EDGE_CURVE('',#740,#741,#193,.T.);
#591=EDGE_CURVE('',#734,#741,#171,.T.);
#592=EDGE_CURVE('',#742,#743,#194,.T.);
#593=EDGE_CURVE('',#744,#742,#844,.T.);
#594=EDGE_CURVE('',#745,#744,#195,.F.);
#595=EDGE_CURVE('',#737,#745,#81,.T.);
#596=EDGE_CURVE('',#743,#736,#845,.T.);
#597=EDGE_CURVE('',#746,#747,#846,.T.);
#598=EDGE_CURVE('',#747,#748,#196,.F.);
#599=EDGE_CURVE('',#748,#749,#847,.T.);
#600=EDGE_CURVE('',#749,#746,#197,.T.);
#601=EDGE_CURVE('',#743,#750,#848,.F.);
#602=EDGE_CURVE('',#750,#751,#198,.F.);
#603=EDGE_CURVE('',#751,#742,#849,.T.);
#604=EDGE_CURVE('',#744,#752,#172,.T.);
#605=EDGE_CURVE('',#753,#752,#850,.T.);
#606=EDGE_CURVE('',#745,#753,#173,.T.);
#607=EDGE_CURVE('',#738,#753,#851,.F.);
#608=EDGE_CURVE('',#744,#734,#852,.T.);
#609=EDGE_CURVE('',#741,#754,#853,.F.);
#610=EDGE_CURVE('',#754,#752,#854,.F.);
#611=EDGE_CURVE('',#754,#754,#199,.T.);
#612=EDGE_CURVE('',#740,#755,#855,.T.);
#613=EDGE_CURVE('',#752,#755,#856,.T.);
#614=EDGE_CURVE('',#739,#756,#857,.T.);
#615=EDGE_CURVE('',#755,#756,#858,.T.);
#616=EDGE_CURVE('',#756,#753,#859,.T.);
#617=EDGE_CURVE('',#757,#757,#200,.F.);
#618=EDGE_CURVE('',#758,#758,#201,.T.);
#619=EDGE_CURVE('',#748,#733,#860,.T.);
#620=EDGE_CURVE('',#751,#749,#861,.F.);
#621=EDGE_CURVE('',#735,#747,#862,.T.);
#622=EDGE_CURVE('',#746,#750,#863,.F.);
#623=EDGE_CURVE('',#759,#759,#202,.T.);
#624=EDGE_CURVE('',#760,#760,#82,.T.);
#625=EDGE_CURVE('',#761,#761,#203,.F.);
#626=EDGE_CURVE('',#762,#763,#83,.T.);
#627=EDGE_CURVE('',#763,#764,#864,.T.);
#628=EDGE_CURVE('',#765,#764,#84,.T.);
#629=EDGE_CURVE('',#762,#765,#865,.T.);
#630=EDGE_CURVE('',#766,#767,#866,.T.);
#631=EDGE_CURVE('',#767,#768,#867,.T.);
#632=EDGE_CURVE('',#768,#769,#85,.T.);
#633=EDGE_CURVE('',#769,#770,#86,.T.);
#634=EDGE_CURVE('',#770,#771,#87,.T.);
#635=EDGE_CURVE('',#771,#764,#88,.T.);
#636=EDGE_CURVE('',#763,#766,#89,.T.);
#637=EDGE_CURVE('',#772,#773,#868,.T.);
#638=EDGE_CURVE('',#772,#762,#90,.T.);
#639=EDGE_CURVE('',#765,#774,#91,.T.);
#640=EDGE_CURVE('',#774,#775,#92,.T.);
#641=EDGE_CURVE('',#775,#776,#93,.T.);
#642=EDGE_CURVE('',#776,#777,#94,.T.);
#643=EDGE_CURVE('',#773,#777,#869,.T.);
#644=EDGE_CURVE('',#777,#768,#95,.T.);
#645=EDGE_CURVE('',#767,#773,#204,.F.);
#646=EDGE_CURVE('',#774,#771,#96,.T.);
#647=EDGE_CURVE('',#775,#770,#97,.T.);
#648=EDGE_CURVE('',#776,#769,#98,.T.);
#649=EDGE_CURVE('',#772,#766,#99,.F.);
#650=EDGE_CURVE('',#778,#778,#205,.T.);
#651=EDGE_CURVE('',#779,#779,#206,.F.);
#652=EDGE_CURVE('',#780,#781,#870,.T.);
#653=EDGE_CURVE('',#780,#782,#100,.T.);
#654=EDGE_CURVE('',#783,#782,#871,.F.);
#655=EDGE_CURVE('',#781,#783,#101,.T.);
#656=EDGE_CURVE('',#781,#781,#207,.T.);
#657=EDGE_CURVE('',#784,#784,#208,.T.);
#658=EDGE_CURVE('',#785,#780,#102,.T.);
#659=EDGE_CURVE('',#781,#786,#209,.T.);
#660=EDGE_CURVE('',#786,#787,#103,.T.);
#661=EDGE_CURVE('',#787,#788,#104,.T.);
#662=EDGE_CURVE('',#788,#789,#872,.T.);
#663=EDGE_CURVE('',#789,#790,#105,.T.);
#664=EDGE_CURVE('',#790,#785,#106,.T.);
#665=EDGE_CURVE('',#782,#791,#107,.T.);
#666=EDGE_CURVE('',#791,#792,#108,.T.);
#667=EDGE_CURVE('',#792,#793,#109,.T.);
#668=EDGE_CURVE('',#793,#794,#873,.T.);
#669=EDGE_CURVE('',#794,#795,#110,.T.);
#670=EDGE_CURVE('',#795,#796,#111,.T.);
#671=EDGE_CURVE('',#796,#783,#112,.T.);
#672=EDGE_CURVE('',#785,#791,#113,.T.);
#673=EDGE_CURVE('',#790,#792,#114,.T.);
#674=EDGE_CURVE('',#789,#793,#174,.T.);
#675=EDGE_CURVE('',#788,#794,#115,.F.);
#676=EDGE_CURVE('',#787,#795,#116,.T.);
#677=EDGE_CURVE('',#786,#796,#117,.T.);
#678=EDGE_CURVE('',#797,#797,#210,.T.);
#679=EDGE_CURVE('',#798,#798,#211,.T.);
#680=EDGE_CURVE('',#799,#799,#212,.T.);
#681=EDGE_CURVE('',#800,#801,#118,.T.);
#682=EDGE_CURVE('',#802,#801,#119,.T.);
#683=EDGE_CURVE('',#802,#803,#120,.T.);
#684=EDGE_CURVE('',#803,#800,#121,.T.);
#685=EDGE_CURVE('',#804,#800,#122,.T.);
#686=EDGE_CURVE('',#803,#805,#123,.T.);
#687=EDGE_CURVE('',#805,#804,#124,.T.);
#688=EDGE_CURVE('',#806,#804,#125,.T.);
#689=EDGE_CURVE('',#805,#807,#126,.T.);
#690=EDGE_CURVE('',#807,#806,#175,.T.);
#691=EDGE_CURVE('',#808,#807,#874,.T.);
#692=EDGE_CURVE('',#809,#808,#213,.T.);
#693=EDGE_CURVE('',#809,#806,#875,.T.);
#694=EDGE_CURVE('',#810,#811,#127,.T.);
#695=EDGE_CURVE('',#811,#809,#876,.T.);
#696=EDGE_CURVE('',#810,#808,#877,.T.);
#697=EDGE_CURVE('',#812,#811,#128,.T.);
#698=EDGE_CURVE('',#812,#813,#878,.T.);
#699=EDGE_CURVE('',#801,#813,#129,.T.);
#700=EDGE_CURVE('',#814,#813,#176,.T.);
#701=EDGE_CURVE('',#814,#802,#130,.T.);
#702=EDGE_CURVE('',#815,#814,#879,.T.);
#703=EDGE_CURVE('',#810,#815,#131,.T.);
#704=EDGE_CURVE('',#815,#812,#177,.T.);
#705=EDGE_CURVE('',#816,#816,#214,.T.);
#706=EDGE_CURVE('',#817,#817,#132,.T.);
#707=VERTEX_POINT('',#1688);
#708=VERTEX_POINT('',#1689);
#709=VERTEX_POINT('',#1691);
#710=VERTEX_POINT('',#1693);
#711=VERTEX_POINT('',#1695);
#712=VERTEX_POINT('',#1767);
#713=VERTEX_POINT('',#1769);
#714=VERTEX_POINT('',#1771);
#715=VERTEX_POINT('',#1773);
#716=VERTEX_POINT('',#1847);
#717=VERTEX_POINT('',#1848);
#718=VERTEX_POINT('',#1850);
#719=VERTEX_POINT('',#1852);
#720=VERTEX_POINT('',#1860);
#721=VERTEX_POINT('',#1861);
#722=VERTEX_POINT('',#1863);
#723=VERTEX_POINT('',#1865);
#724=VERTEX_POINT('',#1869);
#725=VERTEX_POINT('',#1871);
#726=VERTEX_POINT('',#1945);
#727=VERTEX_POINT('',#1947);
#728=VERTEX_POINT('',#2074);
#729=VERTEX_POINT('',#2079);
#730=VERTEX_POINT('',#2083);
#731=VERTEX_POINT('',#2090);
#732=VERTEX_POINT('',#2093);
#733=VERTEX_POINT('',#2106);
#734=VERTEX_POINT('',#2107);
#735=VERTEX_POINT('',#2109);
#736=VERTEX_POINT('',#2111);
#737=VERTEX_POINT('',#2113);
#738=VERTEX_POINT('',#2185);
#739=VERTEX_POINT('',#2187);
#740=VERTEX_POINT('',#2189);
#741=VERTEX_POINT('',#2191);
#742=VERTEX_POINT('',#2265);
#743=VERTEX_POINT('',#2266);
#744=VERTEX_POINT('',#2268);
#745=VERTEX_POINT('',#2270);
#746=VERTEX_POINT('',#2278);
#747=VERTEX_POINT('',#2279);
#748=VERTEX_POINT('',#2281);
#749=VERTEX_POINT('',#2283);
#750=VERTEX_POINT('',#2287);
#751=VERTEX_POINT('',#2289);
#752=VERTEX_POINT('',#2363);
#753=VERTEX_POINT('',#2365);
#754=VERTEX_POINT('',#2492);
#755=VERTEX_POINT('',#2497);
#756=VERTEX_POINT('',#2501);
#757=VERTEX_POINT('',#2508);
#758=VERTEX_POINT('',#2511);
#759=VERTEX_POINT('',#2525);
#760=VERTEX_POINT('',#2537);
#761=VERTEX_POINT('',#2543);
#762=VERTEX_POINT('',#2563);
#763=VERTEX_POINT('',#2564);
#764=VERTEX_POINT('',#2566);
#765=VERTEX_POINT('',#2586);
#766=VERTEX_POINT('',#2590);
#767=VERTEX_POINT('',#2591);
#768=VERTEX_POINT('',#2593);
#769=VERTEX_POINT('',#2605);
#770=VERTEX_POINT('',#2619);
#771=VERTEX_POINT('',#2633);
#772=VERTEX_POINT('',#2660);
#773=VERTEX_POINT('',#2661);
#774=VERTEX_POINT('',#2687);
#775=VERTEX_POINT('',#2701);
#776=VERTEX_POINT('',#2715);
#777=VERTEX_POINT('',#2727);
#778=VERTEX_POINT('',#4497);
#779=VERTEX_POINT('',#4499);
#780=VERTEX_POINT('',#4502);
#781=VERTEX_POINT('',#4503);
#782=VERTEX_POINT('',#4619);
#783=VERTEX_POINT('',#4621);
#784=VERTEX_POINT('',#4740);
#785=VERTEX_POINT('',#4747);
#786=VERTEX_POINT('',#4749);
#787=VERTEX_POINT('',#4754);
#788=VERTEX_POINT('',#4759);
#789=VERTEX_POINT('',#4761);
#790=VERTEX_POINT('',#4766);
#791=VERTEX_POINT('',#4776);
#792=VERTEX_POINT('',#4781);
#793=VERTEX_POINT('',#4786);
#794=VERTEX_POINT('',#4788);
#795=VERTEX_POINT('',#4793);
#796=VERTEX_POINT('',#4798);
#797=VERTEX_POINT('',#8412);
#798=VERTEX_POINT('',#8414);
#799=VERTEX_POINT('',#8417);
#800=VERTEX_POINT('',#8586);
#801=VERTEX_POINT('',#8587);
#802=VERTEX_POINT('',#8630);
#803=VERTEX_POINT('',#8646);
#804=VERTEX_POINT('',#8856);
#805=VERTEX_POINT('',#8872);
#806=VERTEX_POINT('',#9082);
#807=VERTEX_POINT('',#9098);
#808=VERTEX_POINT('',#9143);
#809=VERTEX_POINT('',#9145);
#810=VERTEX_POINT('',#9163);
#811=VERTEX_POINT('',#9164);
#812=VERTEX_POINT('',#9183);
#813=VERTEX_POINT('',#9185);
#814=VERTEX_POINT('',#9395);
#815=VERTEX_POINT('',#9413);
#816=VERTEX_POINT('',#9913);
#817=VERTEX_POINT('',#9925);
#818=LINE('',#1687,#880);
#819=LINE('',#1692,#881);
#820=LINE('',#1770,#882);
#821=LINE('',#1849,#883);
#822=LINE('',#1857,#884);
#823=LINE('',#1859,#885);
#824=LINE('',#1864,#886);
#825=LINE('',#1868,#887);
#826=LINE('',#1872,#888);
#827=LINE('',#1946,#889);
#828=LINE('',#2041,#890);
#829=LINE('',#2072,#891);
#830=LINE('',#2073,#892);
#831=LINE('',#2075,#893);
#832=LINE('',#2078,#894);
#833=LINE('',#2080,#895);
#834=LINE('',#2082,#896);
#835=LINE('',#2084,#897);
#836=LINE('',#2086,#898);
#837=LINE('',#2095,#899);
#838=LINE('',#2096,#900);
#839=LINE('',#2098,#901);
#840=LINE('',#2099,#902);
#841=LINE('',#2105,#903);
#842=LINE('',#2110,#904);
#843=LINE('',#2188,#905);
#844=LINE('',#2267,#906);
#845=LINE('',#2275,#907);
#846=LINE('',#2277,#908);
#847=LINE('',#2282,#909);
#848=LINE('',#2286,#910);
#849=LINE('',#2290,#911);
#850=LINE('',#2364,#912);
#851=LINE('',#2459,#913);
#852=LINE('',#2490,#914);
#853=LINE('',#2491,#915);
#854=LINE('',#2493,#916);
#855=LINE('',#2496,#917);
#856=LINE('',#2498,#918);
#857=LINE('',#2500,#919);
#858=LINE('',#2502,#920);
#859=LINE('',#2504,#921);
#860=LINE('',#2513,#922);
#861=LINE('',#2514,#923);
#862=LINE('',#2516,#924);
#863=LINE('',#2517,#925);
#864=LINE('',#2565,#926);
#865=LINE('',#2587,#927);
#866=LINE('',#2589,#928);
#867=LINE('',#2592,#929);
#868=LINE('',#2659,#930);
#869=LINE('',#2728,#931);
#870=LINE('',#4501,#932);
#871=LINE('',#4620,#933);
#872=LINE('',#4760,#934);
#873=LINE('',#4787,#935);
#874=LINE('',#9142,#936);
#875=LINE('',#9146,#937);
#876=LINE('',#9165,#938);
#877=LINE('',#9166,#939);
#878=LINE('',#9184,#940);
#879=LINE('',#9412,#941);
#880=VECTOR('',#1423,1.);
#881=VECTOR('',#1426,1.);
#882=VECTOR('',#1431,1.);
#883=VECTOR('',#1438,1.);
#884=VECTOR('',#1441,1.);
#885=VECTOR('',#1444,1.);
#886=VECTOR('',#1447,1.);
#887=VECTOR('',#1452,1.);
#888=VECTOR('',#1455,1.);
#889=VECTOR('',#1458,1.);
#890=VECTOR('',#1459,1.);
#891=VECTOR('',#1460,1.);
#892=VECTOR('',#1461,1.);
#893=VECTOR('',#1462,1.);
#894=VECTOR('',#1467,1.);
#895=VECTOR('',#1468,1.);
#896=VECTOR('',#1471,1.);
#897=VECTOR('',#1472,1.);
#898=VECTOR('',#1475,1.);
#899=VECTOR('',#1488,1.);
#900=VECTOR('',#1489,1.);
#901=VECTOR('',#1492,1.);
#902=VECTOR('',#1493,1.);
#903=VECTOR('',#1504,1.);
#904=VECTOR('',#1507,1.);
#905=VECTOR('',#1512,1.);
#906=VECTOR('',#1519,1.);
#907=VECTOR('',#1522,1.);
#908=VECTOR('',#1525,1.);
#909=VECTOR('',#1528,1.);
#910=VECTOR('',#1533,1.);
#911=VECTOR('',#1536,1.);
#912=VECTOR('',#1539,1.);
#913=VECTOR('',#1540,1.);
#914=VECTOR('',#1541,1.);
#915=VECTOR('',#1542,1.);
#916=VECTOR('',#1543,1.);
#917=VECTOR('',#1548,1.);
#918=VECTOR('',#1549,1.);
#919=VECTOR('',#1552,1.);
#920=VECTOR('',#1553,1.);
#921=VECTOR('',#1556,1.);
#922=VECTOR('',#1569,1.);
#923=VECTOR('',#1570,1.);
#924=VECTOR('',#1573,1.);
#925=VECTOR('',#1574,1.);
#926=VECTOR('',#1599,1.);
#927=VECTOR('',#1600,1.);
#928=VECTOR('',#1603,1.);
#929=VECTOR('',#1604,1.);
#930=VECTOR('',#1607,1.);
#931=VECTOR('',#1608,1.);
#932=VECTOR('',#1623,1.);
#933=VECTOR('',#1624,1.);
#934=VECTOR('',#1637,1.);
#935=VECTOR('',#1640,1.);
#936=VECTOR('',#1655,1.);
#937=VECTOR('',#1658,1.);
#938=VECTOR('',#1661,1.);
#939=VECTOR('',#1662,1.);
#940=VECTOR('',#1665,1.);
#941=VECTOR('',#1668,1.);
#942=EDGE_LOOP('',(#215,#216,#217,#218,#219,#220,#221,#222,#223));
#943=EDGE_LOOP('',(#224,#225,#226,#227,#228,#229));
#944=EDGE_LOOP('',(#230,#231,#232,#233));
#945=EDGE_LOOP('',(#234,#235,#236,#237));
#946=EDGE_LOOP('',(#238,#239,#240,#241));
#947=EDGE_LOOP('',(#242,#243,#244,#245));
#948=EDGE_LOOP('',(#246,#247,#248,#249,#250));
#949=EDGE_LOOP('',(#251,#252,#253,#254,#255,#256));
#950=EDGE_LOOP('',(#257,#258,#259,#260));
#951=EDGE_LOOP('',(#261,#262,#263,#264));
#952=EDGE_LOOP('',(#265,#266,#267,#268));
#953=EDGE_LOOP('',(#269));
#954=EDGE_LOOP('',(#270));
#955=EDGE_LOOP('',(#271));
#956=EDGE_LOOP('',(#272,#273,#274,#275,#276,#277,#278));
#957=EDGE_LOOP('',(#279,#280,#281,#282,#283,#284));
#958=EDGE_LOOP('',(#285));
#959=EDGE_LOOP('',(#286));
#960=EDGE_LOOP('',(#287,#288,#289,#290));
#961=EDGE_LOOP('',(#291,#292,#293,#294));
#962=EDGE_LOOP('',(#295,#296,#297,#298,#299,#300,#301,#302,#303));
#963=EDGE_LOOP('',(#304,#305,#306,#307,#308,#309));
#964=EDGE_LOOP('',(#310,#311,#312,#313));
#965=EDGE_LOOP('',(#314,#315,#316,#317));
#966=EDGE_LOOP('',(#318,#319,#320,#321));
#967=EDGE_LOOP('',(#322,#323,#324,#325));
#968=EDGE_LOOP('',(#326,#327,#328,#329,#330));
#969=EDGE_LOOP('',(#331,#332,#333,#334,#335,#336));
#970=EDGE_LOOP('',(#337,#338,#339,#340));
#971=EDGE_LOOP('',(#341,#342,#343,#344));
#972=EDGE_LOOP('',(#345,#346,#347,#348));
#973=EDGE_LOOP('',(#349));
#974=EDGE_LOOP('',(#350));
#975=EDGE_LOOP('',(#351));
#976=EDGE_LOOP('',(#352,#353,#354,#355,#356,#357,#358));
#977=EDGE_LOOP('',(#359,#360,#361,#362,#363,#364));
#978=EDGE_LOOP('',(#365));
#979=EDGE_LOOP('',(#366));
#980=EDGE_LOOP('',(#367,#368,#369,#370));
#981=EDGE_LOOP('',(#371,#372,#373,#374));
#982=EDGE_LOOP('',(#375));
#983=EDGE_LOOP('',(#376));
#984=EDGE_LOOP('',(#377));
#985=EDGE_LOOP('',(#378));
#986=EDGE_LOOP('',(#379));
#987=EDGE_LOOP('',(#380,#381,#382,#383));
#988=EDGE_LOOP('',(#384,#385,#386,#387,#388,#389,#390,#391));
#989=EDGE_LOOP('',(#392,#393,#394,#395,#396,#397,#398,#399));
#990=EDGE_LOOP('',(#400,#401,#402,#403));
#991=EDGE_LOOP('',(#404,#405,#406,#407));
#992=EDGE_LOOP('',(#408,#409,#410,#411));
#993=EDGE_LOOP('',(#412,#413,#414,#415));
#994=EDGE_LOOP('',(#416,#417,#418,#419));
#995=EDGE_LOOP('',(#420,#421,#422,#423));
#996=EDGE_LOOP('',(#424,#425,#426,#427));
#997=EDGE_LOOP('',(#428));
#998=EDGE_LOOP('',(#429));
#999=EDGE_LOOP('',(#430));
#1000=EDGE_LOOP('',(#431,#432,#433,#434,#435));
#1001=EDGE_LOOP('',(#436));
#1002=EDGE_LOOP('',(#437));
#1003=EDGE_LOOP('',(#438));
#1004=EDGE_LOOP('',(#439));
#1005=EDGE_LOOP('',(#440,#441,#442,#443,#444,#445,#446,#447));
#1006=EDGE_LOOP('',(#448,#449,#450,#451,#452,#453,#454,#455));
#1007=EDGE_LOOP('',(#456,#457,#458,#459));
#1008=EDGE_LOOP('',(#460,#461,#462,#463));
#1009=EDGE_LOOP('',(#464,#465,#466,#467));
#1010=EDGE_LOOP('',(#468,#469,#470,#471));
#1011=EDGE_LOOP('',(#472,#473,#474,#475));
#1012=EDGE_LOOP('',(#476,#477,#478,#479));
#1013=EDGE_LOOP('',(#480,#481,#482,#483));
#1014=EDGE_LOOP('',(#484));
#1015=EDGE_LOOP('',(#485));
#1016=EDGE_LOOP('',(#486));
#1017=EDGE_LOOP('',(#487));
#1018=EDGE_LOOP('',(#488));
#1019=EDGE_LOOP('',(#489));
#1020=EDGE_LOOP('',(#490,#491,#492,#493));
#1021=EDGE_LOOP('',(#494,#495,#496,#497));
#1022=EDGE_LOOP('',(#498,#499,#500,#501));
#1023=EDGE_LOOP('',(#502,#503,#504,#505));
#1024=EDGE_LOOP('',(#506,#507,#508,#509));
#1025=EDGE_LOOP('',(#510,#511,#512,#513,#514,#515,#516,#517));
#1026=EDGE_LOOP('',(#518,#519,#520,#521));
#1027=EDGE_LOOP('',(#522,#523,#524,#525,#526,#527,#528,#529));
#1028=EDGE_LOOP('',(#530,#531,#532,#533));
#1029=EDGE_LOOP('',(#534));
#1030=EDGE_LOOP('',(#535,#536,#537,#538));
#1031=EDGE_LOOP('',(#539));
#1032=EDGE_LOOP('',(#540));
#1033=EDGE_LOOP('',(#541));
#1034=EDGE_LOOP('',(#542));
#1035=FACE_BOUND('',#942,.T.);
#1036=FACE_BOUND('',#943,.T.);
#1037=FACE_BOUND('',#944,.T.);
#1038=FACE_BOUND('',#945,.T.);
#1039=FACE_BOUND('',#946,.T.);
#1040=FACE_BOUND('',#947,.T.);
#1041=FACE_BOUND('',#948,.T.);
#1042=FACE_BOUND('',#949,.T.);
#1043=FACE_BOUND('',#950,.T.);
#1044=FACE_BOUND('',#951,.T.);
#1045=FACE_BOUND('',#952,.T.);
#1046=FACE_BOUND('',#953,.T.);
#1047=FACE_BOUND('',#954,.T.);
#1048=FACE_BOUND('',#955,.T.);
#1049=FACE_BOUND('',#956,.T.);
#1050=FACE_BOUND('',#957,.T.);
#1051=FACE_BOUND('',#958,.T.);
#1052=FACE_BOUND('',#959,.T.);
#1053=FACE_BOUND('',#960,.T.);
#1054=FACE_BOUND('',#961,.T.);
#1055=FACE_BOUND('',#962,.T.);
#1056=FACE_BOUND('',#963,.T.);
#1057=FACE_BOUND('',#964,.T.);
#1058=FACE_BOUND('',#965,.T.);
#1059=FACE_BOUND('',#966,.T.);
#1060=FACE_BOUND('',#967,.T.);
#1061=FACE_BOUND('',#968,.T.);
#1062=FACE_BOUND('',#969,.T.);
#1063=FACE_BOUND('',#970,.T.);
#1064=FACE_BOUND('',#971,.T.);
#1065=FACE_BOUND('',#972,.T.);
#1066=FACE_BOUND('',#973,.T.);
#1067=FACE_BOUND('',#974,.T.);
#1068=FACE_BOUND('',#975,.T.);
#1069=FACE_BOUND('',#976,.T.);
#1070=FACE_BOUND('',#977,.T.);
#1071=FACE_BOUND('',#978,.T.);
#1072=FACE_BOUND('',#979,.T.);
#1073=FACE_BOUND('',#980,.T.);
#1074=FACE_BOUND('',#981,.T.);
#1075=FACE_BOUND('',#982,.T.);
#1076=FACE_BOUND('',#983,.T.);
#1077=FACE_BOUND('',#984,.T.);
#1078=FACE_BOUND('',#985,.T.);
#1079=FACE_BOUND('',#986,.T.);
#1080=FACE_BOUND('',#987,.T.);
#1081=FACE_BOUND('',#988,.T.);
#1082=FACE_BOUND('',#989,.T.);
#1083=FACE_BOUND('',#990,.T.);
#1084=FACE_BOUND('',#991,.T.);
#1085=FACE_BOUND('',#992,.T.);
#1086=FACE_BOUND('',#993,.T.);
#1087=FACE_BOUND('',#994,.T.);
#1088=FACE_BOUND('',#995,.T.);
#1089=FACE_BOUND('',#996,.T.);
#1090=FACE_BOUND('',#997,.T.);
#1091=FACE_BOUND('',#998,.T.);
#1092=FACE_BOUND('',#999,.T.);
#1093=FACE_BOUND('',#1000,.T.);
#1094=FACE_BOUND('',#1001,.T.);
#1095=FACE_BOUND('',#1002,.T.);
#1096=FACE_BOUND('',#1003,.T.);
#1097=FACE_BOUND('',#1004,.T.);
#1098=FACE_BOUND('',#1005,.T.);
#1099=FACE_BOUND('',#1006,.T.);
#1100=FACE_BOUND('',#1007,.T.);
#1101=FACE_BOUND('',#1008,.T.);
#1102=FACE_BOUND('',#1009,.T.);
#1103=FACE_BOUND('',#1010,.T.);
#1104=FACE_BOUND('',#1011,.T.);
#1105=FACE_BOUND('',#1012,.T.);
#1106=FACE_BOUND('',#1013,.T.);
#1107=FACE_BOUND('',#1014,.T.);
#1108=FACE_BOUND('',#1015,.T.);
#1109=FACE_BOUND('',#1016,.T.);
#1110=FACE_BOUND('',#1017,.T.);
#1111=FACE_BOUND('',#1018,.T.);
#1112=FACE_BOUND('',#1019,.T.);
#1113=FACE_BOUND('',#1020,.T.);
#1114=FACE_BOUND('',#1021,.T.);
#1115=FACE_BOUND('',#1022,.T.);
#1116=FACE_BOUND('',#1023,.T.);
#1117=FACE_BOUND('',#1024,.T.);
#1118=FACE_BOUND('',#1025,.T.);
#1119=FACE_BOUND('',#1026,.T.);
#1120=FACE_BOUND('',#1027,.T.);
#1121=FACE_BOUND('',#1028,.T.);
#1122=FACE_BOUND('',#1029,.T.);
#1123=FACE_BOUND('',#1030,.T.);
#1124=FACE_BOUND('',#1031,.T.);
#1125=FACE_BOUND('',#1032,.T.);
#1126=FACE_BOUND('',#1033,.T.);
#1127=FACE_BOUND('',#1034,.T.);
#1128=CYLINDRICAL_SURFACE('',#1318,0.01524);
#1129=CYLINDRICAL_SURFACE('',#1329,0.01905);
#1130=CYLINDRICAL_SURFACE('',#1331,0.017145);
#1131=CYLINDRICAL_SURFACE('',#1337,0.000889);
#1132=CYLINDRICAL_SURFACE('',#1347,0.01524);
#1133=CYLINDRICAL_SURFACE('',#1358,0.01905);
#1134=CYLINDRICAL_SURFACE('',#1360,0.017145);
#1135=CYLINDRICAL_SURFACE('',#1366,0.000889);
#1136=CYLINDRICAL_SURFACE('',#1377,0.001905);
#1137=CYLINDRICAL_SURFACE('',#1380,0.01397);
#1138=CYLINDRICAL_SURFACE('',#1388,0.0180964671840214);
#1139=CYLINDRICAL_SURFACE('',#1392,0.005588);
#1140=CYLINDRICAL_SURFACE('',#1396,0.004191);
#1141=CYLINDRICAL_SURFACE('',#1403,0.01397);
#1142=CYLINDRICAL_SURFACE('',#1405,0.0101152549149705);
#1143=CYLINDRICAL_SURFACE('',#1408,0.0206364671840214);
#1144=CYLINDRICAL_SURFACE('',#1413,0.001905);
#1145=CYLINDRICAL_SURFACE('',#1416,0.01397);
#1146=ADVANCED_FACE('',(#1035),#1128,.F.);
#1147=ADVANCED_FACE('',(#1036),#133,.F.);
#1148=ADVANCED_FACE('',(#1037),#134,.T.);
#1149=ADVANCED_FACE('',(#1038),#1129,.T.);
#1150=ADVANCED_FACE('',(#1039),#1130,.F.);
#1151=ADVANCED_FACE('',(#1040),#64,.T.);
#1152=ADVANCED_FACE('',(#1041),#65,.T.);
#1153=ADVANCED_FACE('',(#1042),#135,.T.);
#1154=ADVANCED_FACE('',(#1043),#136,.T.);
#1155=ADVANCED_FACE('',(#1044),#137,.T.);
#1156=ADVANCED_FACE('',(#1045),#138,.F.);
#1157=ADVANCED_FACE('',(#1046,#1047),#1131,.T.);
#1158=ADVANCED_FACE('',(#1048),#139,.T.);
#1159=ADVANCED_FACE('',(#1049),#140,.F.);
#1160=ADVANCED_FACE('',(#1050),#141,.F.);
#1161=ADVANCED_FACE('',(#1051,#1052),#62,.T.);
#1162=ADVANCED_FACE('',(#1053),#58,.T.);
#1163=ADVANCED_FACE('',(#1054),#59,.F.);
#1164=ADVANCED_FACE('',(#1055),#1132,.F.);
#1165=ADVANCED_FACE('',(#1056),#142,.F.);
#1166=ADVANCED_FACE('',(#1057),#143,.T.);
#1167=ADVANCED_FACE('',(#1058),#1133,.T.);
#1168=ADVANCED_FACE('',(#1059),#1134,.F.);
#1169=ADVANCED_FACE('',(#1060),#66,.T.);
#1170=ADVANCED_FACE('',(#1061),#67,.T.);
#1171=ADVANCED_FACE('',(#1062),#144,.T.);
#1172=ADVANCED_FACE('',(#1063),#145,.T.);
#1173=ADVANCED_FACE('',(#1064),#146,.T.);
#1174=ADVANCED_FACE('',(#1065),#147,.F.);
#1175=ADVANCED_FACE('',(#1066,#1067),#1135,.T.);
#1176=ADVANCED_FACE('',(#1068),#148,.T.);
#1177=ADVANCED_FACE('',(#1069),#149,.F.);
#1178=ADVANCED_FACE('',(#1070),#150,.F.);
#1179=ADVANCED_FACE('',(#1071,#1072),#63,.T.);
#1180=ADVANCED_FACE('',(#1073),#60,.F.);
#1181=ADVANCED_FACE('',(#1074),#61,.T.);
#1182=ADVANCED_FACE('',(#1075,#1076),#1136,.T.);
#1183=ADVANCED_FACE('',(#1077),#151,.T.);
#1184=ADVANCED_FACE('',(#1078),#1137,.F.);
#1185=ADVANCED_FACE('',(#1079,#1080),#152,.F.);
#1186=ADVANCED_FACE('',(#1081),#153,.F.);
#1187=ADVANCED_FACE('',(#1082),#154,.F.);
#1188=ADVANCED_FACE('',(#1083),#155,.F.);
#1189=ADVANCED_FACE('',(#1084),#15,.F.);
#1190=ADVANCED_FACE('',(#1085),#16,.F.);
#1191=ADVANCED_FACE('',(#1086),#17,.F.);
#1192=ADVANCED_FACE('',(#1087),#18,.F.);
#1193=ADVANCED_FACE('',(#1088),#19,.F.);
#1194=ADVANCED_FACE('',(#1089),#1138,.F.);
#1195=ADVANCED_FACE('',(#1090,#1091),#156,.T.);
#1196=ADVANCED_FACE('',(#1092,#1093),#1139,.T.);
#1197=ADVANCED_FACE('',(#1094,#1095),#157,.T.);
#1198=ADVANCED_FACE('',(#1096,#1097),#1140,.F.);
#1199=ADVANCED_FACE('',(#1098),#158,.T.);
#1200=ADVANCED_FACE('',(#1099),#159,.F.);
#1201=ADVANCED_FACE('',(#1100),#68,.F.);
#1202=ADVANCED_FACE('',(#1101),#69,.F.);
#1203=ADVANCED_FACE('',(#1102),#70,.F.);
#1204=ADVANCED_FACE('',(#1103),#71,.F.);
#1205=ADVANCED_FACE('',(#1104),#72,.F.);
#1206=ADVANCED_FACE('',(#1105),#73,.F.);
#1207=ADVANCED_FACE('',(#1106),#74,.F.);
#1208=ADVANCED_FACE('',(#1107,#1108),#160,.T.);
#1209=ADVANCED_FACE('',(#1109,#1110),#1141,.T.);
#1210=ADVANCED_FACE('',(#1111,#1112),#1142,.F.);
#1211=ADVANCED_FACE('',(#1113),#75,.T.);
#1212=ADVANCED_FACE('',(#1114),#76,.T.);
#1213=ADVANCED_FACE('',(#1115),#77,.T.);
#1214=ADVANCED_FACE('',(#1116),#161,.T.);
#1215=ADVANCED_FACE('',(#1117),#1143,.T.);
#1216=ADVANCED_FACE('',(#1118),#162,.T.);
#1217=ADVANCED_FACE('',(#1119),#78,.T.);
#1218=ADVANCED_FACE('',(#1120),#163,.T.);
#1219=ADVANCED_FACE('',(#1121),#79,.T.);
#1220=ADVANCED_FACE('',(#1122,#1123),#164,.T.);
#1221=ADVANCED_FACE('',(#1124,#1125),#1144,.T.);
#1222=ADVANCED_FACE('',(#1126),#165,.T.);
#1223=ADVANCED_FACE('',(#1127),#1145,.F.);
#1224=CLOSED_SHELL('',(#1146,#1147,#1148,#1149,#1150,#1151,#1152,#1153,
#1154,#1155,#1156,#1157,#1158,#1159,#1160,#1161,#1162,#1163));
#1225=CLOSED_SHELL('',(#1164,#1165,#1166,#1167,#1168,#1169,#1170,#1171,
#1172,#1173,#1174,#1175,#1176,#1177,#1178,#1179,#1180,#1181));
#1226=CLOSED_SHELL('',(#1182,#1183,#1184));
#1227=CLOSED_SHELL('',(#1185,#1186,#1187,#1188,#1189,#1190,#1191,#1192,
#1193,#1194,#1195,#1196,#1197,#1198,#1199,#1200,#1201,#1202,#1203,#1204,
#1205,#1206,#1207,#1208,#1209,#1210,#1211,#1212,#1213,#1214,#1215,#1216,
#1217,#1218,#1219,#1220));
#1228=CLOSED_SHELL('',(#1221,#1222,#1223));
#1229=STYLED_ITEM('',(#1234),#1296);
#1230=STYLED_ITEM('',(#1235),#1297);
#1231=STYLED_ITEM('',(#1236),#1298);
#1232=STYLED_ITEM('',(#1237),#1299);
#1233=STYLED_ITEM('',(#1243),#1300);
#1234=PRESENTATION_STYLE_ASSIGNMENT((#1244));
#1235=PRESENTATION_STYLE_ASSIGNMENT((#1245));
#1236=PRESENTATION_STYLE_ASSIGNMENT((#1246));
#1237=PRESENTATION_STYLE_ASSIGNMENT((#1247));
#1238=PRESENTATION_STYLE_ASSIGNMENT((#1248));
#1239=PRESENTATION_STYLE_ASSIGNMENT((#1249));
#1240=PRESENTATION_STYLE_ASSIGNMENT((#1250));
#1241=PRESENTATION_STYLE_ASSIGNMENT((#1251));
#1242=PRESENTATION_STYLE_ASSIGNMENT((#1252));
#1243=PRESENTATION_STYLE_ASSIGNMENT((#1253));
#1244=SURFACE_STYLE_USAGE(.BOTH.,#1254);
#1245=SURFACE_STYLE_USAGE(.BOTH.,#1255);
#1246=SURFACE_STYLE_USAGE(.BOTH.,#1256);
#1247=SURFACE_STYLE_USAGE(.BOTH.,#1257);
#1248=SURFACE_STYLE_USAGE(.BOTH.,#1258);
#1249=SURFACE_STYLE_USAGE(.BOTH.,#1259);
#1250=SURFACE_STYLE_USAGE(.BOTH.,#1260);
#1251=SURFACE_STYLE_USAGE(.BOTH.,#1261);
#1252=SURFACE_STYLE_USAGE(.BOTH.,#1262);
#1253=SURFACE_STYLE_USAGE(.BOTH.,#1263);
#1254=SURFACE_SIDE_STYLE('',(#1264));
#1255=SURFACE_SIDE_STYLE('',(#1265));
#1256=SURFACE_SIDE_STYLE('',(#1266));
#1257=SURFACE_SIDE_STYLE('',(#1267));
#1258=SURFACE_SIDE_STYLE('',(#1268));
#1259=SURFACE_SIDE_STYLE('',(#1269));
#1260=SURFACE_SIDE_STYLE('',(#1270));
#1261=SURFACE_SIDE_STYLE('',(#1271));
#1262=SURFACE_SIDE_STYLE('',(#1272));
#1263=SURFACE_SIDE_STYLE('',(#1273));
#1264=SURFACE_STYLE_FILL_AREA(#1274);
#1265=SURFACE_STYLE_FILL_AREA(#1275);
#1266=SURFACE_STYLE_FILL_AREA(#1276);
#1267=SURFACE_STYLE_FILL_AREA(#1277);
#1268=SURFACE_STYLE_FILL_AREA(#1278);
#1269=SURFACE_STYLE_FILL_AREA(#1279);
#1270=SURFACE_STYLE_FILL_AREA(#1280);
#1271=SURFACE_STYLE_FILL_AREA(#1281);
#1272=SURFACE_STYLE_FILL_AREA(#1282);
#1273=SURFACE_STYLE_FILL_AREA(#1283);
#1274=FILL_AREA_STYLE('',(#1284));
#1275=FILL_AREA_STYLE('',(#1285));
#1276=FILL_AREA_STYLE('',(#1286));
#1277=FILL_AREA_STYLE('',(#1287));
#1278=FILL_AREA_STYLE('',(#1288));
#1279=FILL_AREA_STYLE('',(#1289));
#1280=FILL_AREA_STYLE('',(#1290));
#1281=FILL_AREA_STYLE('',(#1291));
#1282=FILL_AREA_STYLE('',(#1292));
#1283=FILL_AREA_STYLE('',(#1293));
#1284=FILL_AREA_STYLE_COLOUR('',#1294);
#1285=FILL_AREA_STYLE_COLOUR('',#1294);
#1286=FILL_AREA_STYLE_COLOUR('',#1295);
#1287=FILL_AREA_STYLE_COLOUR('',#1295);
#1288=FILL_AREA_STYLE_COLOUR('',#1294);
#1289=FILL_AREA_STYLE_COLOUR('',#1294);
#1290=FILL_AREA_STYLE_COLOUR('',#1294);
#1291=FILL_AREA_STYLE_COLOUR('',#1294);
#1292=FILL_AREA_STYLE_COLOUR('',#1294);
#1293=FILL_AREA_STYLE_COLOUR('',#1295);
#1294=COLOUR_RGB('',0.298039215686275,0.298039215686275,0.298039215686275);
#1295=COLOUR_RGB('',1.,0.650980392156863,0.631372549019608);
#1296=MANIFOLD_SOLID_BREP('Bottle project(cap)-1',#1224);
#1297=MANIFOLD_SOLID_BREP('Bottle project(cap)-1',#1225);
#1298=MANIFOLD_SOLID_BREP('Bottle project(Bottle)-1',#1226);
#1299=MANIFOLD_SOLID_BREP('Bottle project(Bottle)-1',#1227);
#1300=MANIFOLD_SOLID_BREP('Bottle project(Bottle)-1',#1228);
#1301=SHAPE_DEFINITION_REPRESENTATION(#9950,#1309);
#1302=SHAPE_DEFINITION_REPRESENTATION(#9951,#1310);
#1303=SHAPE_DEFINITION_REPRESENTATION(#9952,#1311);
#1304=SHAPE_DEFINITION_REPRESENTATION(#9954,#1312);
#1305=SHAPE_DEFINITION_REPRESENTATION(#9957,#1313);
#1306=SHAPE_DEFINITION_REPRESENTATION(#9958,#1314);
#1307=SHAPE_DEFINITION_REPRESENTATION(#9960,#1315);
#1308=SHAPE_DEFINITION_REPRESENTATION(#9962,#1316);
#1309=SHAPE_REPRESENTATION('Bottle Assembly',(#1317,#1376,#1418),#9931);
#1310=SHAPE_REPRESENTATION('Bottle project(cap)-1 (2) <1>',(#1317,#1346,
#1375),#9932);
#1311=SHAPE_REPRESENTATION('Bottle project(cap)-1',(#1317),#9933);
#1312=SHAPE_REPRESENTATION('Bottle project(cap)-1',(#1317),#9934);
#1313=SHAPE_REPRESENTATION('Bottle project(Bottle)-1 (3) <1>',(#1317,#1381,
#1412,#1417),#9935);
#1314=SHAPE_REPRESENTATION('Bottle project(Bottle)-1',(#1317),#9936);
#1315=SHAPE_REPRESENTATION('Bottle project(Bottle)-1',(#1317),#9937);
#1316=SHAPE_REPRESENTATION('Bottle project(Bottle)-1',(#1317),#9938);
#1317=AXIS2_PLACEMENT_3D('',#1685,#1419,#1420);
#1318=AXIS2_PLACEMENT_3D('',#1686,#1421,#1422);
#1319=AXIS2_PLACEMENT_3D('',#1690,#1424,#1425);
#1320=AXIS2_PLACEMENT_3D('',#1694,#1427,#1428);
#1321=AXIS2_PLACEMENT_3D('',#1768,#1429,#1430);
#1322=AXIS2_PLACEMENT_3D('',#1772,#1432,#1433);
#1323=AXIS2_PLACEMENT_3D('',#1845,#1434,#1435);
#1324=AXIS2_PLACEMENT_3D('',#1846,#1436,#1437);
#1325=AXIS2_PLACEMENT_3D('',#1851,#1439,#1440);
#1326=AXIS2_PLACEMENT_3D('',#1858,#1442,#1443);
#1327=AXIS2_PLACEMENT_3D('',#1862,#1445,#1446);
#1328=AXIS2_PLACEMENT_3D('',#1866,#1448,#1449);
#1329=AXIS2_PLACEMENT_3D('',#1867,#1450,#1451);
#1330=AXIS2_PLACEMENT_3D('',#1870,#1453,#1454);
#1331=AXIS2_PLACEMENT_3D('',#1873,#1456,#1457);
#1332=AXIS2_PLACEMENT_3D('',#2076,#1463,#1464);
#1333=AXIS2_PLACEMENT_3D('',#2077,#1465,#1466);
#1334=AXIS2_PLACEMENT_3D('',#2081,#1469,#1470);
#1335=AXIS2_PLACEMENT_3D('',#2085,#1473,#1474);
#1336=AXIS2_PLACEMENT_3D('',#2087,#1476,#1477);
#1337=AXIS2_PLACEMENT_3D('',#2088,#1478,#1479);
#1338=AXIS2_PLACEMENT_3D('',#2089,#1480,#1481);
#1339=AXIS2_PLACEMENT_3D('',#2091,#1482,#1483);
#1340=AXIS2_PLACEMENT_3D('',#2092,#1484,#1485);
#1341=AXIS2_PLACEMENT_3D('',#2094,#1486,#1487);
#1342=AXIS2_PLACEMENT_3D('',#2097,#1490,#1491);
#1343=AXIS2_PLACEMENT_3D('',#2100,#1494,#1495);
#1344=AXIS2_PLACEMENT_3D('',#2101,#1496,#1497);
#1345=AXIS2_PLACEMENT_3D('',#2102,#1498,#1499);
#1346=AXIS2_PLACEMENT_3D('',#2103,#1500,#1501);
#1347=AXIS2_PLACEMENT_3D('',#2104,#1502,#1503);
#1348=AXIS2_PLACEMENT_3D('',#2108,#1505,#1506);
#1349=AXIS2_PLACEMENT_3D('',#2112,#1508,#1509);
#1350=AXIS2_PLACEMENT_3D('',#2186,#1510,#1511);
#1351=AXIS2_PLACEMENT_3D('',#2190,#1513,#1514);
#1352=AXIS2_PLACEMENT_3D('',#2263,#1515,#1516);
#1353=AXIS2_PLACEMENT_3D('',#2264,#1517,#1518);
#1354=AXIS2_PLACEMENT_3D('',#2269,#1520,#1521);
#1355=AXIS2_PLACEMENT_3D('',#2276,#1523,#1524);
#1356=AXIS2_PLACEMENT_3D('',#2280,#1526,#1527);
#1357=AXIS2_PLACEMENT_3D('',#2284,#1529,#1530);
#1358=AXIS2_PLACEMENT_3D('',#2285,#1531,#1532);
#1359=AXIS2_PLACEMENT_3D('',#2288,#1534,#1535);
#1360=AXIS2_PLACEMENT_3D('',#2291,#1537,#1538);
#1361=AXIS2_PLACEMENT_3D('',#2494,#1544,#1545);
#1362=AXIS2_PLACEMENT_3D('',#2495,#1546,#1547);
#1363=AXIS2_PLACEMENT_3D('',#2499,#1550,#1551);
#1364=AXIS2_PLACEMENT_3D('',#2503,#1554,#1555);
#1365=AXIS2_PLACEMENT_3D('',#2505,#1557,#1558);
#1366=AXIS2_PLACEMENT_3D('',#2506,#1559,#1560);
#1367=AXIS2_PLACEMENT_3D('',#2507,#1561,#1562);
#1368=AXIS2_PLACEMENT_3D('',#2509,#1563,#1564);
#1369=AXIS2_PLACEMENT_3D('',#2510,#1565,#1566);
#1370=AXIS2_PLACEMENT_3D('',#2512,#1567,#1568);
#1371=AXIS2_PLACEMENT_3D('',#2515,#1571,#1572);
#1372=AXIS2_PLACEMENT_3D('',#2518,#1575,#1576);
#1373=AXIS2_PLACEMENT_3D('',#2519,#1577,#1578);
#1374=AXIS2_PLACEMENT_3D('',#2520,#1579,#1580);
#1375=AXIS2_PLACEMENT_3D('',#2521,#1581,#1582);
#1376=AXIS2_PLACEMENT_3D('',#2522,#1583,#1584);
#1377=AXIS2_PLACEMENT_3D('',#2523,#1585,#1586);
#1378=AXIS2_PLACEMENT_3D('',#2524,#1587,#1588);
#1379=AXIS2_PLACEMENT_3D('',#2538,#1589,#1590);
#1380=AXIS2_PLACEMENT_3D('',#2539,#1591,#1592);
#1381=AXIS2_PLACEMENT_3D('',#2540,#1593,#1594);
#1382=AXIS2_PLACEMENT_3D('',#2541,#1595,#1596);
#1383=AXIS2_PLACEMENT_3D('',#2542,#1597,#1598);
#1384=AXIS2_PLACEMENT_3D('',#2588,#1601,#1602);
#1385=AXIS2_PLACEMENT_3D('',#2658,#1605,#1606);
#1386=AXIS2_PLACEMENT_3D('',#2729,#1609,#1610);
#1387=AXIS2_PLACEMENT_3D('',#2749,#1611,#1612);
#1388=AXIS2_PLACEMENT_3D('',#4494,#1613,#1614);
#1389=AXIS2_PLACEMENT_3D('',#4495,#1615,#1616);
#1390=AXIS2_PLACEMENT_3D('',#4496,#1617,#1618);
#1391=AXIS2_PLACEMENT_3D('',#4498,#1619,#1620);
#1392=AXIS2_PLACEMENT_3D('',#4500,#1621,#1622);
#1393=AXIS2_PLACEMENT_3D('',#4737,#1625,#1626);
#1394=AXIS2_PLACEMENT_3D('',#4738,#1627,#1628);
#1395=AXIS2_PLACEMENT_3D('',#4739,#1629,#1630);
#1396=AXIS2_PLACEMENT_3D('',#4741,#1631,#1632);
#1397=AXIS2_PLACEMENT_3D('',#4742,#1633,#1634);
#1398=AXIS2_PLACEMENT_3D('',#4748,#1635,#1636);
#1399=AXIS2_PLACEMENT_3D('',#4771,#1638,#1639);
#1400=AXIS2_PLACEMENT_3D('',#8410,#1641,#1642);
#1401=AXIS2_PLACEMENT_3D('',#8411,#1643,#1644);
#1402=AXIS2_PLACEMENT_3D('',#8413,#1645,#1646);
#1403=AXIS2_PLACEMENT_3D('',#8415,#1647,#1648);
#1404=AXIS2_PLACEMENT_3D('',#8416,#1649,#1650);
#1405=AXIS2_PLACEMENT_3D('',#8418,#1651,#1652);
#1406=AXIS2_PLACEMENT_3D('',#9141,#1653,#1654);
#1407=AXIS2_PLACEMENT_3D('',#9144,#1656,#1657);
#1408=AXIS2_PLACEMENT_3D('',#9147,#1659,#1660);
#1409=AXIS2_PLACEMENT_3D('',#9167,#1663,#1664);
#1410=AXIS2_PLACEMENT_3D('',#9411,#1666,#1667);
#1411=AXIS2_PLACEMENT_3D('',#9909,#1669,#1670);
#1412=AXIS2_PLACEMENT_3D('',#9910,#1671,#1672);
#1413=AXIS2_PLACEMENT_3D('',#9911,#1673,#1674);
#1414=AXIS2_PLACEMENT_3D('',#9912,#1675,#1676);
#1415=AXIS2_PLACEMENT_3D('',#9926,#1677,#1678);
#1416=AXIS2_PLACEMENT_3D('',#9927,#1679,#1680);
#1417=AXIS2_PLACEMENT_3D('',#9928,#1681,#1682);
#1418=AXIS2_PLACEMENT_3D('',#9929,#1683,#1684);
#1419=DIRECTION('',(0.,0.,1.));
#1420=DIRECTION('',(1.,0.,0.));
#1421=DIRECTION('',(0.,-1.,0.));
#1422=DIRECTION('',(0.,0.,1.));
#1423=DIRECTION('',(0.,-1.,0.));
#1424=DIRECTION('',(0.,1.,0.));
#1425=DIRECTION('',(0.,0.,1.));
#1426=DIRECTION('',(0.,-1.,0.));
#1427=DIRECTION('',(0.,-1.,0.));
#1428=DIRECTION('',(0.,0.,-1.));
#1429=DIRECTION('',(0.,1.,3.41480999208035E-16));
#1430=DIRECTION('',(0.,3.41480999208035E-16,-1.));
#1431=DIRECTION('',(0.,-1.,0.));
#1432=DIRECTION('',(0.,-1.,-3.41480999208035E-16));
#1433=DIRECTION('',(0.,-3.41480999208035E-16,1.));
#1434=DIRECTION('',(0.,1.,0.));
#1435=DIRECTION('',(0.,0.,-1.));
#1436=DIRECTION('',(0.,1.,0.));
#1437=DIRECTION('',(0.,0.,-1.));
#1438=DIRECTION('',(0.,0.,1.));
#1439=DIRECTION('',(0.,1.,0.));
#1440=DIRECTION('',(0.,0.,1.));
#1441=DIRECTION('',(0.,0.,1.));
#1442=DIRECTION('',(0.,1.,0.));
#1443=DIRECTION('',(0.,0.,-1.));
#1444=DIRECTION('',(0.,0.,1.));
#1445=DIRECTION('',(0.,1.,0.));
#1446=DIRECTION('',(0.,0.,1.));
#1447=DIRECTION('',(0.,0.,1.));
#1448=DIRECTION('',(0.,1.,0.));
#1449=DIRECTION('',(0.,0.,1.));
#1450=DIRECTION('',(0.,-1.,0.));
#1451=DIRECTION('',(0.,0.,1.));
#1452=DIRECTION('',(0.,-1.,0.));
#1453=DIRECTION('',(0.,1.,0.));
#1454=DIRECTION('',(0.,0.,1.));
#1455=DIRECTION('',(0.,-1.,0.));
#1456=DIRECTION('',(5.93919233687143E-17,1.,6.49958476380829E-17));
#1457=DIRECTION('',(0.,-6.49958476380829E-17,1.));
#1458=DIRECTION('',(0.,1.,0.));
#1459=DIRECTION('',(-1.,0.,0.));
#1460=DIRECTION('',(0.,7.22369564314733E-15,-1.));
#1461=DIRECTION('',(-1.,0.,0.));
#1462=DIRECTION('',(-1.,0.,0.));
#1463=DIRECTION('',(0.,-1.,-3.41480999208035E-16));
#1464=DIRECTION('',(0.,-3.41480999208035E-16,1.));
#1465=DIRECTION('',(0.,-1.,0.));
#1466=DIRECTION('',(0.,0.,1.));
#1467=DIRECTION('',(1.,0.,0.));
#1468=DIRECTION('',(0.,3.41480999208035E-16,-1.));
#1469=DIRECTION('',(0.,1.70740499604017E-16,1.));
#1470=DIRECTION('',(0.,1.,-1.70740499604017E-16));
#1471=DIRECTION('',(1.,0.,0.));
#1472=DIRECTION('',(0.,-1.,1.70740499604017E-16));
#1473=DIRECTION('',(0.,1.,3.41480999208035E-16));
#1474=DIRECTION('',(0.,3.41480999208035E-16,-1.));
#1475=DIRECTION('',(0.,-3.41480999208035E-16,1.));
#1476=DIRECTION('',(1.,0.,0.));
#1477=DIRECTION('',(0.,0.,-1.));
#1478=DIRECTION('',(0.,1.,0.));
#1479=DIRECTION('',(0.,0.,-1.));
#1480=DIRECTION('',(0.,-1.,0.));
#1481=DIRECTION('',(0.,0.,-1.));
#1482=DIRECTION('',(0.,-1.,0.));
#1483=DIRECTION('',(0.,0.,1.));
#1484=DIRECTION('',(0.,-1.,0.));
#1485=DIRECTION('',(0.,0.,-1.));
#1486=DIRECTION('',(1.,0.,0.));
#1487=DIRECTION('',(0.,0.,-1.));
#1488=DIRECTION('',(0.,-0.707106781186548,0.707106781186548));
#1489=DIRECTION('',(0.,-0.707106781186546,-0.707106781186549));
#1490=DIRECTION('',(1.,0.,0.));
#1491=DIRECTION('',(0.,0.,-1.));
#1492=DIRECTION('',(0.,0.707106781186548,0.707106781186548));
#1493=DIRECTION('',(0.,0.707106781186546,-0.707106781186549));
#1494=DIRECTION('',(0.,-1.,0.));
#1495=DIRECTION('',(0.,0.,-1.));
#1496=DIRECTION('',(0.,-1.,0.));
#1497=DIRECTION('',(0.,0.,-1.));
#1498=DIRECTION('',(0.,1.,0.));
#1499=DIRECTION('',(0.,0.,1.));
#1500=DIRECTION('',(-0.571790179143385,0.,0.820399897022895));
#1501=DIRECTION('',(0.820399897022895,0.,0.571790179143385));
#1502=DIRECTION('',(0.,-1.,0.));
#1503=DIRECTION('',(0.,0.,-1.));
#1504=DIRECTION('',(0.,-1.,0.));
#1505=DIRECTION('',(0.,1.,0.));
#1506=DIRECTION('',(0.,0.,1.));
#1507=DIRECTION('',(0.,-1.,0.));
#1508=DIRECTION('',(0.,-1.,0.));
#1509=DIRECTION('',(0.,0.,-1.));
#1510=DIRECTION('',(0.,1.,-3.41480999208035E-16));
#1511=DIRECTION('',(0.,3.41480999208035E-16,1.));
#1512=DIRECTION('',(0.,-1.,0.));
#1513=DIRECTION('',(0.,-1.,3.41480999208035E-16));
#1514=DIRECTION('',(0.,-3.41480999208035E-16,-1.));
#1515=DIRECTION('',(0.,1.,0.));
#1516=DIRECTION('',(0.,0.,1.));
#1517=DIRECTION('',(0.,1.,0.));
#1518=DIRECTION('',(0.,0.,1.));
#1519=DIRECTION('',(0.,0.,-1.));
#1520=DIRECTION('',(0.,1.,0.));
#1521=DIRECTION('',(0.,0.,1.));
#1522=DIRECTION('',(0.,0.,-1.));
#1523=DIRECTION('',(0.,1.,0.));
#1524=DIRECTION('',(0.,0.,1.));
#1525=DIRECTION('',(0.,0.,-1.));
#1526=DIRECTION('',(0.,1.,0.));
#1527=DIRECTION('',(0.,0.,1.));
#1528=DIRECTION('',(0.,0.,-1.));
#1529=DIRECTION('',(0.,1.,0.));
#1530=DIRECTION('',(0.,0.,1.));
#1531=DIRECTION('',(0.,-1.,0.));
#1532=DIRECTION('',(0.,0.,-1.));
#1533=DIRECTION('',(0.,-1.,0.));
#1534=DIRECTION('',(0.,1.,0.));
#1535=DIRECTION('',(0.,0.,1.));
#1536=DIRECTION('',(0.,-1.,0.));
#1537=DIRECTION('',(-4.23282170243364E-17,1.,8.39504401108008E-17));
#1538=DIRECTION('',(0.,-8.39504401108008E-17,1.));
#1539=DIRECTION('',(0.,1.,0.));
#1540=DIRECTION('',(1.,0.,0.));
#1541=DIRECTION('',(0.,7.22369564314733E-15,1.));
#1542=DIRECTION('',(1.,0.,0.));
#1543=DIRECTION('',(1.,0.,0.));
#1544=DIRECTION('',(0.,-1.,3.41480999208035E-16));
#1545=DIRECTION('',(0.,-3.41480999208035E-16,-1.));
#1546=DIRECTION('',(0.,-1.,0.));
#1547=DIRECTION('',(0.,0.,-1.));
#1548=DIRECTION('',(-1.,0.,0.));
#1549=DIRECTION('',(0.,3.41480999208035E-16,1.));
#1550=DIRECTION('',(0.,1.70740499604017E-16,-1.));
#1551=DIRECTION('',(0.,1.,1.70740499604017E-16));
#1552=DIRECTION('',(-1.,0.,0.));
#1553=DIRECTION('',(0.,-1.,-1.70740499604017E-16));
#1554=DIRECTION('',(0.,1.,-3.41480999208035E-16));
#1555=DIRECTION('',(0.,3.41480999208035E-16,1.));
#1556=DIRECTION('',(0.,-3.41480999208035E-16,-1.));
#1557=DIRECTION('',(-1.,0.,0.));
#1558=DIRECTION('',(0.,0.,1.));
#1559=DIRECTION('',(0.,1.,0.));
#1560=DIRECTION('',(0.,0.,1.));
#1561=DIRECTION('',(0.,-1.,0.));
#1562=DIRECTION('',(0.,0.,-1.));
#1563=DIRECTION('',(0.,-1.,0.));
#1564=DIRECTION('',(0.,0.,-1.));
#1565=DIRECTION('',(0.,-1.,0.));
#1566=DIRECTION('',(0.,0.,-1.));
#1567=DIRECTION('',(-1.,0.,0.));
#1568=DIRECTION('',(0.,0.,1.));
#1569=DIRECTION('',(0.,-0.707106781186546,0.707106781186549));
#1570=DIRECTION('',(0.,-0.707106781186548,-0.707106781186548));
#1571=DIRECTION('',(-1.,0.,0.));
#1572=DIRECTION('',(0.,0.,1.));
#1573=DIRECTION('',(0.,0.707106781186546,0.707106781186549));
#1574=DIRECTION('',(0.,0.707106781186548,-0.707106781186548));
#1575=DIRECTION('',(0.,-1.,0.));
#1576=DIRECTION('',(0.,0.,-1.));
#1577=DIRECTION('',(0.,1.,0.));
#1578=DIRECTION('',(0.,0.,1.));
#1579=DIRECTION('',(0.,-1.,0.));
#1580=DIRECTION('',(0.,0.,-1.));
#1581=DIRECTION('',(-0.571790179143385,0.,0.820399897022895));
#1582=DIRECTION('',(0.820399897022895,0.,0.571790179143385));
#1583=DIRECTION('',(0.,0.,1.));
#1584=DIRECTION('',(1.,0.,0.));
#1585=DIRECTION('',(0.999999999980707,-2.26261237476507E-21,6.21176319110511E-6));
#1586=DIRECTION('',(-6.21176319110511E-6,7.02740613272007E-27,0.999999999980707));
#1587=DIRECTION('',(0.999999999980707,-2.26261237476507E-21,6.21176319110511E-6));
#1588=DIRECTION('',(6.21176319110511E-6,-7.02740613272007E-27,-0.999999999980707));
#1589=DIRECTION('',(-0.999999999980707,2.26261237476507E-21,-6.21176319110511E-6));
#1590=DIRECTION('',(6.21176319110511E-6,-7.02740613272007E-27,-0.999999999980707));
#1591=DIRECTION('',(0.,-1.,-3.64246399155235E-16));
#1592=DIRECTION('',(6.21176319110511E-6,3.64246399148207E-16,-0.999999999980707));
#1593=DIRECTION('',(0.,0.,1.));
#1594=DIRECTION('',(1.,0.,0.));
#1595=DIRECTION('',(0.,1.,3.64246399155235E-16));
#1596=DIRECTION('',(0.,-3.64246399155235E-16,1.));
#1597=DIRECTION('',(0.,1.,3.64246399155235E-16));
#1598=DIRECTION('',(0.,-3.64246399155235E-16,1.));
#1599=DIRECTION('',(1.,0.,0.));
#1600=DIRECTION('',(1.,0.,0.));
#1601=DIRECTION('',(0.,1.36592399683213E-16,-1.));
#1602=DIRECTION('',(0.,1.,1.36592399683213E-16));
#1603=DIRECTION('',(0.,-1.,-1.83697019872103E-16));
#1604=DIRECTION('',(1.,0.,0.));
#1605=DIRECTION('',(0.,-2.27653999472022E-16,1.));
#1606=DIRECTION('',(0.,-1.,-2.27653999472022E-16));
#1607=DIRECTION('',(0.,-1.,-1.83697019872103E-16));
#1608=DIRECTION('',(1.,0.,0.));
#1609=DIRECTION('',(0.,-1.,-1.83697019872103E-16));
#1610=DIRECTION('',(0.,1.83697019872103E-16,-1.));
#1611=DIRECTION('',(0.,-1.,-1.83697019872103E-16));
#1612=DIRECTION('',(0.,1.83697019872103E-16,-1.));
#1613=DIRECTION('',(0.,-1.,-1.83697019872103E-16));
#1614=DIRECTION('',(0.,1.83697019872103E-16,-1.));
#1615=DIRECTION('',(0.,1.,3.64246399155235E-16));
#1616=DIRECTION('',(0.,-3.64246399155235E-16,1.));
#1617=DIRECTION('',(0.,1.,3.64246399155235E-16));
#1618=DIRECTION('',(0.,-3.64246399155235E-16,1.));
#1619=DIRECTION('',(0.,1.,3.64246399155235E-16));
#1620=DIRECTION('',(0.,-3.64246399155235E-16,1.));
#1621=DIRECTION('',(0.,-1.,-3.64246399155235E-16));
#1622=DIRECTION('',(0.,3.64246399155235E-16,-1.));
#1623=DIRECTION('',(-4.11230192721553E-17,1.,1.17760919563564E-15));
#1624=DIRECTION('',(8.82093180273828E-6,0.999999999949354,4.84598917317185E-6));
#1625=DIRECTION('',(0.,1.,3.64246399155235E-16));
#1626=DIRECTION('',(0.,-3.64246399155235E-16,1.));
#1627=DIRECTION('',(0.,1.,3.64246399155235E-16));
#1628=DIRECTION('',(0.,-3.64246399155235E-16,1.));
#1629=DIRECTION('',(0.,1.,3.64246399155235E-16));
#1630=DIRECTION('',(0.,-3.64246399155235E-16,1.));
#1631=DIRECTION('',(0.,-1.,-3.64246399155235E-16));
#1632=DIRECTION('',(0.,3.64246399155235E-16,-1.));
#1633=DIRECTION('',(-0.0348994967025015,-1.17832700060708E-15,0.999390827019096));
#1634=DIRECTION('',(0.999390827019096,0.,0.0348994967025015));
#1635=DIRECTION('',(0.0348994967025034,-6.00214322687975E-16,-0.999390827019096));
#1636=DIRECTION('',(0.999390827019096,-3.64246399155243E-14,0.0348994967025034));
#1637=DIRECTION('',(0.,-1.,0.));
#1638=DIRECTION('',(-0.876447544923699,1.0064414982256E-5,-0.481497352947998));
#1639=DIRECTION('',(-0.481497352972384,0.,0.876447544968088));
#1640=DIRECTION('',(8.82093180273829E-6,0.999999999949354,4.84598917317185E-6));
#1641=DIRECTION('',(0.,1.,3.64246399155235E-16));
#1642=DIRECTION('',(0.,-3.64246399155235E-16,1.));
#1643=DIRECTION('',(0.,1.,3.64246399155235E-16));
#1644=DIRECTION('',(0.,-3.64246399155235E-16,1.));
#1645=DIRECTION('',(0.,1.,3.64246399155235E-16));
#1646=DIRECTION('',(0.,-3.64246399155235E-16,1.));
#1647=DIRECTION('',(0.,-1.,-3.64246399155235E-16));
#1648=DIRECTION('',(0.,3.64246399155235E-16,-1.));
#1649=DIRECTION('',(0.,1.,3.64246399155235E-16));
#1650=DIRECTION('',(0.,-3.64246399155235E-16,1.));
#1651=DIRECTION('',(0.,-1.,-3.64246399155235E-16));
#1652=DIRECTION('',(0.,3.64246399155235E-16,-1.));
#1653=DIRECTION('',(0.,-1.,-1.83697019872103E-16));
#1654=DIRECTION('',(0.,1.83697019872103E-16,-1.));
#1655=DIRECTION('',(1.,0.,0.));
#1656=DIRECTION('',(0.,1.,1.83697019872103E-16));
#1657=DIRECTION('',(0.,1.83697019872103E-16,-1.));
#1658=DIRECTION('',(1.,0.,0.));
#1659=DIRECTION('',(0.,-1.,-1.83697019872103E-16));
#1660=DIRECTION('',(0.,1.83697019872103E-16,-1.));
#1661=DIRECTION('',(0.,-1.,-1.83697019872103E-16));
#1662=DIRECTION('',(0.,-1.,-1.83697019872103E-16));
#1663=DIRECTION('',(0.,1.36592399683213E-16,-1.));
#1664=DIRECTION('',(0.,1.,1.36592399683213E-16));
#1665=DIRECTION('',(1.,0.,0.));
#1666=DIRECTION('',(0.,-2.27653999472022E-16,1.));
#1667=DIRECTION('',(0.,-1.,-2.27653999472022E-16));
#1668=DIRECTION('',(1.,0.,0.));
#1669=DIRECTION('',(0.,1.,3.64246399155235E-16));
#1670=DIRECTION('',(0.,-3.64246399155235E-16,1.));
#1671=DIRECTION('',(0.,0.,1.));
#1672=DIRECTION('',(1.,0.,0.));
#1673=DIRECTION('',(-1.,0.,0.));
#1674=DIRECTION('',(0.,0.,1.));
#1675=DIRECTION('',(1.,0.,0.));
#1676=DIRECTION('',(0.,0.,-1.));
#1677=DIRECTION('',(1.,0.,0.));
#1678=DIRECTION('',(0.,0.,-1.));
#1679=DIRECTION('',(0.,-1.,-3.64246399155235E-16));
#1680=DIRECTION('',(0.,3.64246399155235E-16,-1.));
#1681=DIRECTION('',(0.,0.,1.));
#1682=DIRECTION('',(1.,0.,0.));
#1683=DIRECTION('',(0.,0.,1.));
#1684=DIRECTION('',(1.,0.,0.));
#1685=CARTESIAN_POINT('',(0.,0.,0.));
#1686=CARTESIAN_POINT('',(0.,0.03429,0.));
#1687=CARTESIAN_POINT('',(0.,0.03429,0.01524));
#1688=CARTESIAN_POINT('',(0.,0.03302,0.01524));
#1689=CARTESIAN_POINT('',(3.73272344380113E-18,1.38777878078145E-17,0.01524));
#1690=CARTESIAN_POINT('',(0.,0.03302,0.));
#1691=CARTESIAN_POINT('',(0.,0.03302,-0.01524));
#1692=CARTESIAN_POINT('',(0.,0.03429,-0.01524));
#1693=CARTESIAN_POINT('',(0.,0.,-0.01524));
#1694=CARTESIAN_POINT('',(0.,0.,0.));
#1695=CARTESIAN_POINT('',(0.00895673108987155,-7.26190295288036E-13,0.0123302298512124));
#1696=CARTESIAN_POINT('',(3.73272344380113E-18,-0.05588,0.01524));
#1697=CARTESIAN_POINT('',(0.00171713560407769,-0.0549728571428571,0.01524));
#1698=CARTESIAN_POINT('',(0.00339121903349423,-0.0540657142857143,0.014857901381651));
#1699=CARTESIAN_POINT('',(0.00506530246291077,-0.0531585714285714,0.014475802763302));
#1700=CARTESIAN_POINT('',(0.00661238818415159,-0.0522514285714286,0.0137307655468329));
#1701=CARTESIAN_POINT('',(0.0081594739053924,-0.0513442857142857,0.0129857283303637));
#1702=CARTESIAN_POINT('',(0.0095019845803271,-0.0504371428571428,0.0119151117928128));
#1703=CARTESIAN_POINT('',(0.0108444952552618,-0.04953,0.0108444952552618));
#1704=CARTESIAN_POINT('',(0.0119151117928128,-0.0486228571428571,0.00950198458032709));
#1705=CARTESIAN_POINT('',(0.0129857283303637,-0.0477157142857143,0.0081594739053924));
#1706=CARTESIAN_POINT('',(0.0137307655468329,-0.0468085714285714,0.00661238818415158));
#1707=CARTESIAN_POINT('',(0.014475802763302,-0.0459014285714285,0.00506530246291076));
#1708=CARTESIAN_POINT('',(0.014857901381651,-0.0449942857142857,0.00339121903349423));
#1709=CARTESIAN_POINT('',(0.01524,-0.0440871428571428,0.00171713560407769));
#1710=CARTESIAN_POINT('',(0.01524,-0.04318,-2.79954258285085E-18));
#1711=CARTESIAN_POINT('',(0.01524,-0.0422728571428571,-0.00171713560407769));
#1712=CARTESIAN_POINT('',(0.014857901381651,-0.0413657142857142,-0.00339121903349423));
#1713=CARTESIAN_POINT('',(0.014475802763302,-0.0404585714285714,-0.00506530246291077));
#1714=CARTESIAN_POINT('',(0.0137307655468329,-0.0395514285714285,-0.00661238818415159));
#1715=CARTESIAN_POINT('',(0.0129857283303637,-0.0386442857142857,-0.0081594739053924));
#1716=CARTESIAN_POINT('',(0.0119151117928128,-0.0377371428571429,-0.0095019845803271));
#1717=CARTESIAN_POINT('',(0.0108444952552618,-0.03683,-0.0108444952552618));
#1718=CARTESIAN_POINT('',(0.00950198458032709,-0.0359228571428571,-0.0119151117928128));
#1719=CARTESIAN_POINT('',(0.0081594739053924,-0.0350157142857142,-0.0129857283303637));
#1720=CARTESIAN_POINT('',(0.00661238818415158,-0.0341085714285714,-0.0137307655468329));
#1721=CARTESIAN_POINT('',(0.00506530246291076,-0.0332014285714286,-0.014475802763302));
#1722=CARTESIAN_POINT('',(0.00339121903349423,-0.0322942857142857,-0.014857901381651));
#1723=CARTESIAN_POINT('',(0.00171713560407769,-0.0313871428571428,-0.01524));
#1724=CARTESIAN_POINT('',(-1.86636172190056E-18,-0.03048,-0.01524));
#1725=CARTESIAN_POINT('',(-0.00171713560407769,-0.0295728571428571,-0.01524));
#1726=CARTESIAN_POINT('',(-0.00339121903349423,-0.0286657142857143,-0.014857901381651));
#1727=CARTESIAN_POINT('',(-0.00506530246291077,-0.0277585714285714,-0.014475802763302));
#1728=CARTESIAN_POINT('',(-0.00661238818415159,-0.0268514285714286,-0.0137307655468329));
#1729=CARTESIAN_POINT('',(-0.0081594739053924,-0.0259442857142857,-0.0129857283303637));
#1730=CARTESIAN_POINT('',(-0.0095019845803271,-0.0250371428571428,-0.0119151117928128));
#1731=CARTESIAN_POINT('',(-0.0108444952552618,-0.02413,-0.0108444952552618));
#1732=CARTESIAN_POINT('',(-0.0119151117928128,-0.0232228571428571,-0.0095019845803271));
#1733=CARTESIAN_POINT('',(-0.0129857283303637,-0.0223157142857143,-0.0081594739053924));
#1734=CARTESIAN_POINT('',(-0.0137307655468329,-0.0214085714285714,-0.00661238818415158));
#1735=CARTESIAN_POINT('',(-0.014475802763302,-0.0205014285714286,-0.00506530246291076));
#1736=CARTESIAN_POINT('',(-0.014857901381651,-0.0195942857142857,-0.00339121903349423));
#1737=CARTESIAN_POINT('',(-0.01524,-0.0186871428571428,-0.00171713560407769));
#1738=CARTESIAN_POINT('',(-0.01524,-0.01778,9.33180860950283E-19));
#1739=CARTESIAN_POINT('',(-0.01524,-0.0168728571428571,0.00171713560407769));
#1740=CARTESIAN_POINT('',(-0.014857901381651,-0.0159657142857142,0.00339121903349423));
#1741=CARTESIAN_POINT('',(-0.014475802763302,-0.0150585714285714,0.00506530246291077));
#1742=CARTESIAN_POINT('',(-0.0137307655468329,-0.0141514285714286,0.00661238818415159));
#1743=CARTESIAN_POINT('',(-0.0129857283303637,-0.0132442857142857,0.0081594739053924));
#1744=CARTESIAN_POINT('',(-0.0119151117928128,-0.0123371428571428,0.0095019845803271));
#1745=CARTESIAN_POINT('',(-0.0108444952552618,-0.01143,0.0108444952552618));
#1746=CARTESIAN_POINT('',(-0.0095019845803271,-0.0105228571428571,0.0119151117928128));
#1747=CARTESIAN_POINT('',(-0.0081594739053924,-0.00961571428571427,0.0129857283303637));
#1748=CARTESIAN_POINT('',(-0.00661238818415159,-0.00870857142857141,0.0137307655468329));
#1749=CARTESIAN_POINT('',(-0.00506530246291077,-0.00780142857142856,0.014475802763302));
#1750=CARTESIAN_POINT('',(-0.00339121903349423,-0.0068942857142857,0.014857901381651));
#1751=CARTESIAN_POINT('',(-0.00171713560407769,-0.00598714285714284,0.01524));
#1752=CARTESIAN_POINT('',(3.73272344380113E-18,-0.00508,0.01524));
#1753=CARTESIAN_POINT('',(0.00171713560407769,-0.00417285714285713,0.01524));
#1754=CARTESIAN_POINT('',(0.00339121903349423,-0.00326571428571427,0.014857901381651));
#1755=CARTESIAN_POINT('',(0.00506530246291077,-0.00235857142857142,0.014475802763302));
#1756=CARTESIAN_POINT('',(0.00661238818415159,-0.00145142857142856,0.0137307655468329));
#1757=CARTESIAN_POINT('',(0.0081594739053924,-0.000544285714285701,0.0129857283303637));
#1758=CARTESIAN_POINT('',(0.0095019845803271,0.000362857142857156,0.0119151117928128));
#1759=CARTESIAN_POINT('',(0.0108444952552618,0.00127000000000001,0.0108444952552618));
#1760=CARTESIAN_POINT('',(0.0119151117928128,0.00217714285714287,0.00950198458032709));
#1761=CARTESIAN_POINT('',(0.0129857283303637,0.00308428571428573,0.0081594739053924));
#1762=CARTESIAN_POINT('',(0.0137307655468329,0.00399142857142858,0.00661238818415158));
#1763=CARTESIAN_POINT('',(0.014475802763302,0.00489857142857144,0.00506530246291076));
#1764=CARTESIAN_POINT('',(0.014857901381651,0.0058057142857143,0.00339121903349423));
#1765=CARTESIAN_POINT('',(0.01524,0.00671285714285715,0.00171713560407769));
#1766=CARTESIAN_POINT('',(0.01524,0.00762,-2.79954258285085E-18));
#1767=CARTESIAN_POINT('',(0.01524,0.00762,-3.96601865903809E-18));
#1768=CARTESIAN_POINT('',(0.,0.00762,0.));
#1769=CARTESIAN_POINT('',(0.0143684097937106,0.00762,-0.00508));
#1770=CARTESIAN_POINT('',(0.0143684097937106,0.03429,-0.00508));
#1771=CARTESIAN_POINT('',(0.0143684097937106,0.0127,-0.00508));
#1772=CARTESIAN_POINT('',(0.,0.0127,0.));
#1773=CARTESIAN_POINT('',(0.01524,0.0127,-3.26613301332599E-18));
#1774=CARTESIAN_POINT('',(3.73272344380113E-18,-0.0508,0.01524));
#1775=CARTESIAN_POINT('',(0.00171713560407769,-0.0498928571428571,0.01524));
#1776=CARTESIAN_POINT('',(0.00339121903349423,-0.0489857142857143,0.014857901381651));
#1777=CARTESIAN_POINT('',(0.00506530246291077,-0.0480785714285714,0.014475802763302));
#1778=CARTESIAN_POINT('',(0.00661238818415159,-0.0471714285714286,0.0137307655468329));
#1779=CARTESIAN_POINT('',(0.0081594739053924,-0.0462642857142857,0.0129857283303637));
#1780=CARTESIAN_POINT('',(0.0095019845803271,-0.0453571428571428,0.0119151117928128));
#1781=CARTESIAN_POINT('',(0.0108444952552618,-0.04445,0.0108444952552618));
#1782=CARTESIAN_POINT('',(0.0119151117928128,-0.0435428571428571,0.00950198458032709));
#1783=CARTESIAN_POINT('',(0.0129857283303637,-0.0426357142857143,0.0081594739053924));
#1784=CARTESIAN_POINT('',(0.0137307655468329,-0.0417285714285714,0.00661238818415158));
#1785=CARTESIAN_POINT('',(0.014475802763302,-0.0408214285714286,0.00506530246291076));
#1786=CARTESIAN_POINT('',(0.014857901381651,-0.0399142857142857,0.00339121903349423));
#1787=CARTESIAN_POINT('',(0.01524,-0.0390071428571429,0.00171713560407769));
#1788=CARTESIAN_POINT('',(0.01524,-0.0381,-2.79954258285085E-18));
#1789=CARTESIAN_POINT('',(0.01524,-0.0371928571428571,-0.00171713560407769));
#1790=CARTESIAN_POINT('',(0.014857901381651,-0.0362857142857142,-0.00339121903349423));
#1791=CARTESIAN_POINT('',(0.014475802763302,-0.0353785714285714,-0.00506530246291077));
#1792=CARTESIAN_POINT('',(0.0137307655468329,-0.0344714285714285,-0.00661238818415159));
#1793=CARTESIAN_POINT('',(0.0129857283303637,-0.0335642857142857,-0.0081594739053924));
#1794=CARTESIAN_POINT('',(0.0119151117928128,-0.0326571428571428,-0.0095019845803271));
#1795=CARTESIAN_POINT('',(0.0108444952552618,-0.03175,-0.0108444952552618));
#1796=CARTESIAN_POINT('',(0.00950198458032709,-0.0308428571428571,-0.0119151117928128));
#1797=CARTESIAN_POINT('',(0.0081594739053924,-0.0299357142857143,-0.0129857283303637));
#1798=CARTESIAN_POINT('',(0.00661238818415158,-0.0290285714285714,-0.0137307655468329));
#1799=CARTESIAN_POINT('',(0.00506530246291076,-0.0281214285714286,-0.014475802763302));
#1800=CARTESIAN_POINT('',(0.00339121903349423,-0.0272142857142857,-0.014857901381651));
#1801=CARTESIAN_POINT('',(0.00171713560407769,-0.0263071428571428,-0.01524));
#1802=CARTESIAN_POINT('',(-1.86636172190056E-18,-0.0254,-0.01524));
#1803=CARTESIAN_POINT('',(-0.00171713560407769,-0.0244928571428571,-0.01524));
#1804=CARTESIAN_POINT('',(-0.00339121903349423,-0.0235857142857143,-0.014857901381651));
#1805=CARTESIAN_POINT('',(-0.00506530246291077,-0.0226785714285714,-0.014475802763302));
#1806=CARTESIAN_POINT('',(-0.00661238818415159,-0.0217714285714285,-0.0137307655468329));
#1807=CARTESIAN_POINT('',(-0.0081594739053924,-0.0208642857142857,-0.0129857283303637));
#1808=CARTESIAN_POINT('',(-0.0095019845803271,-0.0199571428571429,-0.0119151117928128));
#1809=CARTESIAN_POINT('',(-0.0108444952552618,-0.01905,-0.0108444952552618));
#1810=CARTESIAN_POINT('',(-0.0119151117928128,-0.0181428571428571,-0.0095019845803271));
#1811=CARTESIAN_POINT('',(-0.0129857283303637,-0.0172357142857143,-0.0081594739053924));
#1812=CARTESIAN_POINT('',(-0.0137307655468329,-0.0163285714285714,-0.00661238818415158));
#1813=CARTESIAN_POINT('',(-0.014475802763302,-0.0154214285714285,-0.00506530246291076));
#1814=CARTESIAN_POINT('',(-0.014857901381651,-0.0145142857142857,-0.00339121903349423));
#1815=CARTESIAN_POINT('',(-0.01524,-0.0136071428571428,-0.00171713560407769));
#1816=CARTESIAN_POINT('',(-0.01524,-0.0127,9.33180860950283E-19));
#1817=CARTESIAN_POINT('',(-0.01524,-0.0117928571428571,0.00171713560407769));
#1818=CARTESIAN_POINT('',(-0.014857901381651,-0.0108857142857143,0.00339121903349423));
#1819=CARTESIAN_POINT('',(-0.014475802763302,-0.00997857142857141,0.00506530246291077));
#1820=CARTESIAN_POINT('',(-0.0137307655468329,-0.00907142857142856,0.00661238818415159));
#1821=CARTESIAN_POINT('',(-0.0129857283303637,-0.00816428571428569,0.0081594739053924));
#1822=CARTESIAN_POINT('',(-0.0119151117928128,-0.00725714285714284,0.0095019845803271));
#1823=CARTESIAN_POINT('',(-0.0108444952552618,-0.00634999999999999,0.0108444952552618));
#1824=CARTESIAN_POINT('',(-0.0095019845803271,-0.00544285714285713,0.0119151117928128));
#1825=CARTESIAN_POINT('',(-0.0081594739053924,-0.00453571428571427,0.0129857283303637));
#1826=CARTESIAN_POINT('',(-0.00661238818415159,-0.00362857142857142,0.0137307655468329));
#1827=CARTESIAN_POINT('',(-0.00506530246291077,-0.00272142857142855,0.014475802763302));
#1828=CARTESIAN_POINT('',(-0.00339121903349423,-0.0018142857142857,0.014857901381651));
#1829=CARTESIAN_POINT('',(-0.00171713560407769,-0.000907142857142843,0.01524));
#1830=CARTESIAN_POINT('',(3.73272344380113E-18,1.38777878078145E-17,0.01524));
#1831=CARTESIAN_POINT('',(0.00171713560407769,0.00090714285714287,0.01524));
#1832=CARTESIAN_POINT('',(0.00339121903349423,0.00181428571428573,0.014857901381651));
#1833=CARTESIAN_POINT('',(0.00506530246291077,0.00272142857142858,0.014475802763302));
#1834=CARTESIAN_POINT('',(0.00661238818415159,0.00362857142857145,0.0137307655468329));
#1835=CARTESIAN_POINT('',(0.0081594739053924,0.0045357142857143,0.0129857283303637));
#1836=CARTESIAN_POINT('',(0.0095019845803271,0.00544285714285716,0.0119151117928128));
#1837=CARTESIAN_POINT('',(0.0108444952552618,0.00635000000000001,0.0108444952552618));
#1838=CARTESIAN_POINT('',(0.0119151117928128,0.00725714285714287,0.00950198458032709));
#1839=CARTESIAN_POINT('',(0.0129857283303637,0.00816428571428572,0.0081594739053924));
#1840=CARTESIAN_POINT('',(0.0137307655468329,0.00907142857142858,0.00661238818415158));
#1841=CARTESIAN_POINT('',(0.014475802763302,0.00997857142857144,0.00506530246291076));
#1842=CARTESIAN_POINT('',(0.014857901381651,0.0108857142857143,0.00339121903349423));
#1843=CARTESIAN_POINT('',(0.01524,0.0117928571428572,0.00171713560407769));
#1844=CARTESIAN_POINT('',(0.01524,0.0127,-2.79954258285085E-18));
#1845=CARTESIAN_POINT('',(0.,0.,0.));
#1846=CARTESIAN_POINT('',(0.,0.,0.));
#1847=CARTESIAN_POINT('',(0.,0.,0.01905));
#1848=CARTESIAN_POINT('',(0.,0.,-0.01905));
#1849=CARTESIAN_POINT('',(0.,0.,0.01905));
#1850=CARTESIAN_POINT('',(2.09965693713813E-18,-8.67361737988403E-19,0.017145));
#1851=CARTESIAN_POINT('',(2.10906986963359E-18,0.,1.83729094850391E-18));
#1852=CARTESIAN_POINT('',(0.0100763224773516,-4.562850811839E-18,0.0138715085817087));
#1853=CARTESIAN_POINT('',(0.00895673108987155,-3.63092356970772E-13,0.0123302298512124));
#1854=CARTESIAN_POINT('',(0.0093299282186162,-3.63092356970773E-13,0.0128439894283462));
#1855=CARTESIAN_POINT('',(0.0097031253485608,-9.125701623678E-18,0.0133577490046084));
#1856=CARTESIAN_POINT('',(0.0100763224773516,-9.125701623678E-18,0.0138715085817087));
#1857=CARTESIAN_POINT('',(0.,0.,0.01905));
#1858=CARTESIAN_POINT('',(0.,0.03429,0.));
#1859=CARTESIAN_POINT('',(0.,0.03429,0.01905));
#1860=CARTESIAN_POINT('',(0.,0.03429,0.01651));
#1861=CARTESIAN_POINT('',(0.,0.03429,0.01778));
#1862=CARTESIAN_POINT('',(0.,0.03429,0.));
#1863=CARTESIAN_POINT('',(0.,0.03429,-0.01778));
#1864=CARTESIAN_POINT('',(0.,0.03429,0.01905));
#1865=CARTESIAN_POINT('',(0.,0.03429,-0.01651));
#1866=CARTESIAN_POINT('',(0.,0.03429,0.));
#1867=CARTESIAN_POINT('',(0.,0.03429,0.));
#1868=CARTESIAN_POINT('',(0.,0.03429,-0.01905));
#1869=CARTESIAN_POINT('',(0.,0.03302,-0.01905));
#1870=CARTESIAN_POINT('',(0.,0.03302,0.));
#1871=CARTESIAN_POINT('',(0.,0.03302,0.01905));
#1872=CARTESIAN_POINT('',(0.,0.03429,0.01905));
#1873=CARTESIAN_POINT('',(-1.20975080821014E-18,-0.05588,-1.79467701751214E-18));
#1874=CARTESIAN_POINT('',(4.19931387427627E-18,-0.0508,0.017145));
#1875=CARTESIAN_POINT('',(0.0019317775545874,-0.0498928571428571,0.017145));
#1876=CARTESIAN_POINT('',(0.00381512141268102,-0.0489857142857143,0.0167151390543574));
#1877=CARTESIAN_POINT('',(0.00569846527077462,-0.0480785714285714,0.0162852781087147));
#1878=CARTESIAN_POINT('',(0.00743893670717054,-0.0471714285714286,0.0154471112401869));
#1879=CARTESIAN_POINT('',(0.00917940814356645,-0.0462642857142857,0.0146089443716592));
#1880=CARTESIAN_POINT('',(0.010689732652868,-0.0453571428571429,0.0134045007669144));
#1881=CARTESIAN_POINT('',(0.0122000571621695,-0.04445,0.0122000571621695));
#1882=CARTESIAN_POINT('',(0.0134045007669144,-0.0435428571428571,0.010689732652868));
#1883=CARTESIAN_POINT('',(0.0146089443716592,-0.0426357142857143,0.00917940814356644));
#1884=CARTESIAN_POINT('',(0.015447111240187,-0.0417285714285714,0.00743893670717053));
#1885=CARTESIAN_POINT('',(0.0162852781087147,-0.0408214285714286,0.00569846527077462));
#1886=CARTESIAN_POINT('',(0.0167151390543574,-0.0399142857142857,0.00381512141268101));
#1887=CARTESIAN_POINT('',(0.017145,-0.0390071428571429,0.0019317775545874));
#1888=CARTESIAN_POINT('',(0.017145,-0.0381,-3.1494854057072E-18));
#1889=CARTESIAN_POINT('',(0.017145,-0.0371928571428571,-0.0019317775545874));
#1890=CARTESIAN_POINT('',(0.0167151390543574,-0.0362857142857143,-0.00381512141268102));
#1891=CARTESIAN_POINT('',(0.0162852781087147,-0.0353785714285714,-0.00569846527077462));
#1892=CARTESIAN_POINT('',(0.0154471112401869,-0.0344714285714285,-0.00743893670717054));
#1893=CARTESIAN_POINT('',(0.0146089443716592,-0.0335642857142857,-0.00917940814356645));
#1894=CARTESIAN_POINT('',(0.0134045007669144,-0.0326571428571428,-0.010689732652868));
#1895=CARTESIAN_POINT('',(0.0122000571621695,-0.03175,-0.0122000571621695));
#1896=CARTESIAN_POINT('',(0.010689732652868,-0.0308428571428571,-0.0134045007669144));
#1897=CARTESIAN_POINT('',(0.00917940814356645,-0.0299357142857143,-0.0146089443716592));
#1898=CARTESIAN_POINT('',(0.00743893670717053,-0.0290285714285715,-0.015447111240187));
#1899=CARTESIAN_POINT('',(0.00569846527077462,-0.0281214285714286,-0.0162852781087147));
#1900=CARTESIAN_POINT('',(0.00381512141268101,-0.0272142857142857,-0.0167151390543574));
#1901=CARTESIAN_POINT('',(0.0019317775545874,-0.0263071428571428,-0.017145));
#1902=CARTESIAN_POINT('',(-2.09965693713813E-18,-0.0254,-0.017145));
#1903=CARTESIAN_POINT('',(-0.0019317775545874,-0.0244928571428571,-0.017145));
#1904=CARTESIAN_POINT('',(-0.00381512141268101,-0.0235857142857143,-0.0167151390543574));
#1905=CARTESIAN_POINT('',(-0.00569846527077462,-0.0226785714285714,-0.0162852781087147));
#1906=CARTESIAN_POINT('',(-0.00743893670717054,-0.0217714285714285,-0.0154471112401869));
#1907=CARTESIAN_POINT('',(-0.00917940814356645,-0.0208642857142857,-0.0146089443716592));
#1908=CARTESIAN_POINT('',(-0.010689732652868,-0.0199571428571429,-0.0134045007669144));
#1909=CARTESIAN_POINT('',(-0.0122000571621695,-0.01905,-0.0122000571621695));
#1910=CARTESIAN_POINT('',(-0.0134045007669144,-0.0181428571428571,-0.010689732652868));
#1911=CARTESIAN_POINT('',(-0.0146089443716592,-0.0172357142857143,-0.00917940814356645));
#1912=CARTESIAN_POINT('',(-0.015447111240187,-0.0163285714285714,-0.00743893670717053));
#1913=CARTESIAN_POINT('',(-0.0162852781087147,-0.0154214285714286,-0.00569846527077462));
#1914=CARTESIAN_POINT('',(-0.0167151390543574,-0.0145142857142857,-0.00381512141268101));
#1915=CARTESIAN_POINT('',(-0.017145,-0.0136071428571429,-0.0019317775545874));
#1916=CARTESIAN_POINT('',(-0.017145,-0.0127,1.04982846856907E-18));
#1917=CARTESIAN_POINT('',(-0.017145,-0.0117928571428571,0.0019317775545874));
#1918=CARTESIAN_POINT('',(-0.0167151390543574,-0.0108857142857143,0.00381512141268101));
#1919=CARTESIAN_POINT('',(-0.0162852781087147,-0.00997857142857143,0.00569846527077462));
#1920=CARTESIAN_POINT('',(-0.015447111240187,-0.00907142857142857,0.00743893670717054));
#1921=CARTESIAN_POINT('',(-0.0146089443716592,-0.00816428571428571,0.00917940814356645));
#1922=CARTESIAN_POINT('',(-0.0134045007669144,-0.00725714285714286,0.010689732652868));
#1923=CARTESIAN_POINT('',(-0.0122000571621695,-0.00635,0.0122000571621695));
#1924=CARTESIAN_POINT('',(-0.010689732652868,-0.00544285714285714,0.0134045007669144));
#1925=CARTESIAN_POINT('',(-0.00917940814356645,-0.00453571428571429,0.0146089443716592));
#1926=CARTESIAN_POINT('',(-0.00743893670717053,-0.00362857142857143,0.015447111240187));
#1927=CARTESIAN_POINT('',(-0.00569846527077462,-0.00272142857142857,0.0162852781087147));
#1928=CARTESIAN_POINT('',(-0.003815121412681,-0.00181428571428572,0.0167151390543574));
#1929=CARTESIAN_POINT('',(-0.0019317775545874,-0.000907142857142858,0.017145));
#1930=CARTESIAN_POINT('',(4.19931387427627E-18,-1.7347234759768E-18,0.017145));
#1931=CARTESIAN_POINT('',(0.0019317775545874,0.000907142857142855,0.017145));
#1932=CARTESIAN_POINT('',(0.00381512141268102,0.00181428571428572,0.0167151390543574));
#1933=CARTESIAN_POINT('',(0.00569846527077462,0.00272142857142857,0.0162852781087147));
#1934=CARTESIAN_POINT('',(0.00743893670717054,0.00362857142857143,0.0154471112401869));
#1935=CARTESIAN_POINT('',(0.00917940814356645,0.00453571428571428,0.0146089443716592));
#1936=CARTESIAN_POINT('',(0.010689732652868,0.00544285714285714,0.0134045007669144));
#1937=CARTESIAN_POINT('',(0.0122000571621695,0.00635,0.0122000571621695));
#1938=CARTESIAN_POINT('',(0.0134045007669144,0.00725714285714286,0.010689732652868));
#1939=CARTESIAN_POINT('',(0.0146089443716592,0.00816428571428571,0.00917940814356644));
#1940=CARTESIAN_POINT('',(0.015447111240187,0.00907142857142857,0.00743893670717053));
#1941=CARTESIAN_POINT('',(0.0162852781087147,0.00997857142857142,0.00569846527077462));
#1942=CARTESIAN_POINT('',(0.0167151390543574,0.0108857142857143,0.00381512141268101));
#1943=CARTESIAN_POINT('',(0.017145,0.0117928571428571,0.0019317775545874));
#1944=CARTESIAN_POINT('',(0.017145,0.0127,-3.1494854057072E-18));
#1945=CARTESIAN_POINT('',(0.017145,0.0127,-3.55775203237265E-18));
#1946=CARTESIAN_POINT('',(0.017145,0.,-3.96601865903809E-18));
#1947=CARTESIAN_POINT('',(0.017145,0.00762,-3.55775203237265E-18));
#1948=CARTESIAN_POINT('',(4.19931387427627E-18,-0.05588,0.017145));
#1949=CARTESIAN_POINT('',(0.0019317775545874,-0.0549728571428571,0.017145));
#1950=CARTESIAN_POINT('',(0.00381512141268102,-0.0540657142857143,0.0167151390543574));
#1951=CARTESIAN_POINT('',(0.00569846527077462,-0.0531585714285714,0.0162852781087147));
#1952=CARTESIAN_POINT('',(0.00743893670717054,-0.0522514285714286,0.0154471112401869));
#1953=CARTESIAN_POINT('',(0.00917940814356645,-0.0513442857142857,0.0146089443716592));
#1954=CARTESIAN_POINT('',(0.010689732652868,-0.0504371428571428,0.0134045007669144));
#1955=CARTESIAN_POINT('',(0.0122000571621695,-0.04953,0.0122000571621695));
#1956=CARTESIAN_POINT('',(0.0134045007669144,-0.0486228571428571,0.010689732652868));
#1957=CARTESIAN_POINT('',(0.0146089443716592,-0.0477157142857143,0.00917940814356644));
#1958=CARTESIAN_POINT('',(0.015447111240187,-0.0468085714285714,0.00743893670717053));
#1959=CARTESIAN_POINT('',(0.0162852781087147,-0.0459014285714285,0.00569846527077462));
#1960=CARTESIAN_POINT('',(0.0167151390543574,-0.0449942857142857,0.00381512141268101));
#1961=CARTESIAN_POINT('',(0.017145,-0.0440871428571428,0.0019317775545874));
#1962=CARTESIAN_POINT('',(0.017145,-0.04318,-3.1494854057072E-18));
#1963=CARTESIAN_POINT('',(0.017145,-0.0422728571428571,-0.0019317775545874));
#1964=CARTESIAN_POINT('',(0.0167151390543574,-0.0413657142857142,-0.00381512141268102));
#1965=CARTESIAN_POINT('',(0.0162852781087147,-0.0404585714285714,-0.00569846527077462));
#1966=CARTESIAN_POINT('',(0.0154471112401869,-0.0395514285714285,-0.00743893670717054));
#1967=CARTESIAN_POINT('',(0.0146089443716592,-0.0386442857142857,-0.00917940814356645));
#1968=CARTESIAN_POINT('',(0.0134045007669144,-0.0377371428571429,-0.010689732652868));
#1969=CARTESIAN_POINT('',(0.0122000571621695,-0.03683,-0.0122000571621695));
#1970=CARTESIAN_POINT('',(0.010689732652868,-0.0359228571428571,-0.0134045007669144));
#1971=CARTESIAN_POINT('',(0.00917940814356645,-0.0350157142857142,-0.0146089443716592));
#1972=CARTESIAN_POINT('',(0.00743893670717053,-0.0341085714285714,-0.015447111240187));
#1973=CARTESIAN_POINT('',(0.00569846527077462,-0.0332014285714286,-0.0162852781087147));
#1974=CARTESIAN_POINT('',(0.00381512141268101,-0.0322942857142857,-0.0167151390543574));
#1975=CARTESIAN_POINT('',(0.0019317775545874,-0.0313871428571428,-0.017145));
#1976=CARTESIAN_POINT('',(-2.09965693713813E-18,-0.03048,-0.017145));
#1977=CARTESIAN_POINT('',(-0.0019317775545874,-0.0295728571428571,-0.017145));
#1978=CARTESIAN_POINT('',(-0.00381512141268101,-0.0286657142857143,-0.0167151390543574));
#1979=CARTESIAN_POINT('',(-0.00569846527077462,-0.0277585714285714,-0.0162852781087147));
#1980=CARTESIAN_POINT('',(-0.00743893670717054,-0.0268514285714286,-0.0154471112401869));
#1981=CARTESIAN_POINT('',(-0.00917940814356645,-0.0259442857142857,-0.0146089443716592));
#1982=CARTESIAN_POINT('',(-0.010689732652868,-0.0250371428571428,-0.0134045007669144));
#1983=CARTESIAN_POINT('',(-0.0122000571621695,-0.02413,-0.0122000571621695));
#1984=CARTESIAN_POINT('',(-0.0134045007669144,-0.0232228571428571,-0.010689732652868));
#1985=CARTESIAN_POINT('',(-0.0146089443716592,-0.0223157142857143,-0.00917940814356645));
#1986=CARTESIAN_POINT('',(-0.015447111240187,-0.0214085714285714,-0.00743893670717053));
#1987=CARTESIAN_POINT('',(-0.0162852781087147,-0.0205014285714286,-0.00569846527077462));
#1988=CARTESIAN_POINT('',(-0.0167151390543574,-0.0195942857142857,-0.00381512141268101));
#1989=CARTESIAN_POINT('',(-0.017145,-0.0186871428571428,-0.0019317775545874));
#1990=CARTESIAN_POINT('',(-0.017145,-0.01778,1.04982846856907E-18));
#1991=CARTESIAN_POINT('',(-0.017145,-0.0168728571428571,0.0019317775545874));
#1992=CARTESIAN_POINT('',(-0.0167151390543574,-0.0159657142857142,0.00381512141268101));
#1993=CARTESIAN_POINT('',(-0.0162852781087147,-0.0150585714285714,0.00569846527077462));
#1994=CARTESIAN_POINT('',(-0.015447111240187,-0.0141514285714286,0.00743893670717054));
#1995=CARTESIAN_POINT('',(-0.0146089443716592,-0.0132442857142857,0.00917940814356645));
#1996=CARTESIAN_POINT('',(-0.0134045007669144,-0.0123371428571428,0.010689732652868));
#1997=CARTESIAN_POINT('',(-0.0122000571621695,-0.01143,0.0122000571621695));
#1998=CARTESIAN_POINT('',(-0.010689732652868,-0.0105228571428571,0.0134045007669144));
#1999=CARTESIAN_POINT('',(-0.00917940814356645,-0.00961571428571427,0.0146089443716592));
#2000=CARTESIAN_POINT('',(-0.00743893670717053,-0.00870857142857141,0.015447111240187));
#2001=CARTESIAN_POINT('',(-0.00569846527077462,-0.00780142857142855,0.0162852781087147));
#2002=CARTESIAN_POINT('',(-0.003815121412681,-0.0068942857142857,0.0167151390543574));
#2003=CARTESIAN_POINT('',(-0.0019317775545874,-0.00598714285714284,0.017145));
#2004=CARTESIAN_POINT('',(4.19931387427627E-18,-0.00508,0.017145));
#2005=CARTESIAN_POINT('',(0.0019317775545874,-0.00417285714285713,0.017145));
#2006=CARTESIAN_POINT('',(0.00381512141268102,-0.00326571428571427,0.0167151390543574));
#2007=CARTESIAN_POINT('',(0.00569846527077462,-0.00235857142857141,0.0162852781087147));
#2008=CARTESIAN_POINT('',(0.00743893670717054,-0.00145142857142856,0.0154471112401869));
#2009=CARTESIAN_POINT('',(0.00917940814356645,-0.0005442857142857,0.0146089443716592));
#2010=CARTESIAN_POINT('',(0.010689732652868,0.000362857142857157,0.0134045007669144));
#2011=CARTESIAN_POINT('',(0.0122000571621695,0.00127000000000001,0.0122000571621695));
#2012=CARTESIAN_POINT('',(0.0134045007669144,0.00217714285714287,0.010689732652868));
#2013=CARTESIAN_POINT('',(0.0146089443716592,0.00308428571428573,0.00917940814356644));
#2014=CARTESIAN_POINT('',(0.015447111240187,0.00399142857142858,0.00743893670717053));
#2015=CARTESIAN_POINT('',(0.0162852781087147,0.00489857142857144,0.00569846527077462));
#2016=CARTESIAN_POINT('',(0.0167151390543574,0.0058057142857143,0.00381512141268101));
#2017=CARTESIAN_POINT('',(0.017145,0.00671285714285716,0.0019317775545874));
#2018=CARTESIAN_POINT('',(0.017145,0.00762,-3.1494854057072E-18));
#2019=CARTESIAN_POINT('',(0.00895673109042539,-3.63088120037328E-13,0.01233022985081));
#2020=CARTESIAN_POINT('',(0.00923402563039376,0.000181795604965584,0.0121288019246975));
#2021=CARTESIAN_POINT('',(0.0095019845803271,0.000362857142857156,0.0119151117928128));
#2022=CARTESIAN_POINT('',(0.0108444952552618,0.00127000000000001,0.0108444952552618));
#2023=CARTESIAN_POINT('',(0.0119151117928128,0.00217714285714287,0.00950198458032709));
#2024=CARTESIAN_POINT('',(0.0129857283303637,0.00308428571428573,0.0081594739053924));
#2025=CARTESIAN_POINT('',(0.0137307655468329,0.00399142857142858,0.00661238818415158));
#2026=CARTESIAN_POINT('',(0.014475802763302,0.00489857142857144,0.00506530246291076));
#2027=CARTESIAN_POINT('',(0.014857901381651,0.0058057142857143,0.00339121903349423));
#2028=CARTESIAN_POINT('',(0.01524,0.00671285714285715,0.00171713560407769));
#2029=CARTESIAN_POINT('',(0.01524,0.00762,-2.79954258285085E-18));
#2030=CARTESIAN_POINT('',(0.0100763224767286,-3.63087115123756E-13,0.0138715085821613));
#2031=CARTESIAN_POINT('',(0.010388278834193,0.000181795604965585,0.0136449021652847));
#2032=CARTESIAN_POINT('',(0.010689732652868,0.000362857142857157,0.0134045007669144));
#2033=CARTESIAN_POINT('',(0.0122000571621695,0.00127000000000001,0.0122000571621695));
#2034=CARTESIAN_POINT('',(0.0134045007669144,0.00217714285714287,0.010689732652868));
#2035=CARTESIAN_POINT('',(0.0146089443716592,0.00308428571428573,0.00917940814356644));
#2036=CARTESIAN_POINT('',(0.015447111240187,0.00399142857142858,0.00743893670717053));
#2037=CARTESIAN_POINT('',(0.0162852781087147,0.00489857142857144,0.00569846527077462));
#2038=CARTESIAN_POINT('',(0.0167151390543574,0.0058057142857143,0.00381512141268101));
#2039=CARTESIAN_POINT('',(0.017145,0.00671285714285716,0.0019317775545874));
#2040=CARTESIAN_POINT('',(0.017145,0.00762,-3.1494854057072E-18));
#2041=CARTESIAN_POINT('',(0.012192,0.00762,-3.96601865903809E-18));
#2042=CARTESIAN_POINT('',(4.19931387427627E-18,1.16647607618786E-19,0.017145));
#2043=CARTESIAN_POINT('',(0.0019317775545874,0.000907142857142857,0.017145));
#2044=CARTESIAN_POINT('',(0.00381512141268102,0.00181428571428572,0.0167151390543574));
#2045=CARTESIAN_POINT('',(0.00569846527077462,0.00272142857142857,0.0162852781087147));
#2046=CARTESIAN_POINT('',(0.00743893670717054,0.00362857142857143,0.0154471112401869));
#2047=CARTESIAN_POINT('',(0.00917940814356645,0.00453571428571428,0.0146089443716592));
#2048=CARTESIAN_POINT('',(0.010689732652868,0.00544285714285714,0.0134045007669144));
#2049=CARTESIAN_POINT('',(0.0122000571621695,0.00635,0.0122000571621695));
#2050=CARTESIAN_POINT('',(0.0134045007669144,0.00725714285714286,0.010689732652868));
#2051=CARTESIAN_POINT('',(0.0146089443716592,0.00816428571428571,0.00917940814356644));
#2052=CARTESIAN_POINT('',(0.015447111240187,0.00907142857142857,0.00743893670717053));
#2053=CARTESIAN_POINT('',(0.0162852781087147,0.00997857142857143,0.00569846527077462));
#2054=CARTESIAN_POINT('',(0.0167151390543574,0.0108857142857143,0.00381512141268101));
#2055=CARTESIAN_POINT('',(0.017145,0.0117928571428571,0.0019317775545874));
#2056=CARTESIAN_POINT('',(0.017145,0.0127,-3.1494854057072E-18));
#2057=CARTESIAN_POINT('',(3.73272344380113E-18,1.38777878078145E-17,0.01524));
#2058=CARTESIAN_POINT('',(0.00171713560407769,0.00090714285714287,0.01524));
#2059=CARTESIAN_POINT('',(0.00339121903349423,0.00181428571428573,0.014857901381651));
#2060=CARTESIAN_POINT('',(0.00506530246291077,0.00272142857142858,0.014475802763302));
#2061=CARTESIAN_POINT('',(0.00661238818415159,0.00362857142857145,0.0137307655468329));
#2062=CARTESIAN_POINT('',(0.0081594739053924,0.0045357142857143,0.0129857283303637));
#2063=CARTESIAN_POINT('',(0.0095019845803271,0.00544285714285716,0.0119151117928128));
#2064=CARTESIAN_POINT('',(0.0108444952552618,0.00635000000000001,0.0108444952552618));
#2065=CARTESIAN_POINT('',(0.0119151117928128,0.00725714285714287,0.00950198458032709));
#2066=CARTESIAN_POINT('',(0.0129857283303637,0.00816428571428572,0.0081594739053924));
#2067=CARTESIAN_POINT('',(0.0137307655468329,0.00907142857142858,0.00661238818415158));
#2068=CARTESIAN_POINT('',(0.014475802763302,0.00997857142857144,0.00506530246291076));
#2069=CARTESIAN_POINT('',(0.014857901381651,0.0108857142857143,0.00339121903349423));
#2070=CARTESIAN_POINT('',(0.01524,0.0117928571428572,0.00171713560407769));
#2071=CARTESIAN_POINT('',(0.01524,0.0127,-2.79954258285085E-18));
#2072=CARTESIAN_POINT('',(0.,1.16647607618786E-19,0.017145));
#2073=CARTESIAN_POINT('',(0.012192,0.0127,-3.26613301332599E-18));
#2074=CARTESIAN_POINT('',(0.0161925,0.0127,-3.25936976539125E-18));
#2075=CARTESIAN_POINT('',(0.012192,0.0127,-3.26613301332599E-18));
#2076=CARTESIAN_POINT('',(0.012192,0.0127,-3.26613301332599E-18));
#2077=CARTESIAN_POINT('',(0.0161925,0.0127,-0.000889));
#2078=CARTESIAN_POINT('',(0.012192,0.0127,-0.00508));
#2079=CARTESIAN_POINT('',(0.017145,0.0127,-0.00508));
#2080=CARTESIAN_POINT('',(0.017145,0.0127,-3.26613301332599E-18));
#2081=CARTESIAN_POINT('',(0.012192,0.0127,-0.00508));
#2082=CARTESIAN_POINT('',(0.012192,0.00762,-0.00508));
#2083=CARTESIAN_POINT('',(0.017145,0.00762,-0.00508));
#2084=CARTESIAN_POINT('',(0.017145,0.0127,-0.00508));
#2085=CARTESIAN_POINT('',(0.012192,0.00762,-3.96601865903809E-18));
#2086=CARTESIAN_POINT('',(0.017145,0.00762,-3.96601865903809E-18));
#2087=CARTESIAN_POINT('',(0.017145,0.,0.));
#2088=CARTESIAN_POINT('',(0.0161925,0.011176,-0.000889));
#2089=CARTESIAN_POINT('',(0.0161925,0.011684,-0.000889));
#2090=CARTESIAN_POINT('',(0.0161925,0.011684,-0.001778));
#2091=CARTESIAN_POINT('',(0.0161925,0.011176,-0.000889));
#2092=CARTESIAN_POINT('',(0.0161925,0.011176,-0.000889));
#2093=CARTESIAN_POINT('',(0.0161925,0.011176,-0.00127));
#2094=CARTESIAN_POINT('',(0.,0.03429,0.01905));
#2095=CARTESIAN_POINT('',(0.,0.05207,0.));
#2096=CARTESIAN_POINT('',(0.,0.01778,0.));
#2097=CARTESIAN_POINT('',(0.,0.03429,0.01905));
#2098=CARTESIAN_POINT('',(0.,0.05207,0.));
#2099=CARTESIAN_POINT('',(0.,0.01778,0.));
#2100=CARTESIAN_POINT('',(0.0161925,0.011684,-0.000889));
#2101=CARTESIAN_POINT('',(0.,0.03429,0.));
#2102=CARTESIAN_POINT('',(0.,0.03302,0.));
#2103=CARTESIAN_POINT('',(-0.0746625032034692,0.0727828370000731,0.00699520935089503));
#2104=CARTESIAN_POINT('',(0.,0.03429,0.));
#2105=CARTESIAN_POINT('',(0.,0.03429,-0.01524));
#2106=CARTESIAN_POINT('',(0.,0.03302,-0.01524));
#2107=CARTESIAN_POINT('',(-3.73272344380113E-18,1.38777878078145E-17,-0.01524));
#2108=CARTESIAN_POINT('',(0.,0.03302,0.));
#2109=CARTESIAN_POINT('',(0.,0.03302,0.01524));
#2110=CARTESIAN_POINT('',(0.,0.03429,0.01524));
#2111=CARTESIAN_POINT('',(0.,0.,0.01524));
#2112=CARTESIAN_POINT('',(0.,0.,0.));
#2113=CARTESIAN_POINT('',(-0.00895673108987155,-7.26190295288036E-13,-0.0123302298512124));
#2114=CARTESIAN_POINT('',(-3.73272344380113E-18,-0.05588,-0.01524));
#2115=CARTESIAN_POINT('',(-0.00171713560407769,-0.0549728571428571,-0.01524));
#2116=CARTESIAN_POINT('',(-0.00339121903349423,-0.0540657142857143,-0.014857901381651));
#2117=CARTESIAN_POINT('',(-0.00506530246291077,-0.0531585714285714,-0.014475802763302));
#2118=CARTESIAN_POINT('',(-0.00661238818415159,-0.0522514285714286,-0.0137307655468329));
#2119=CARTESIAN_POINT('',(-0.0081594739053924,-0.0513442857142857,-0.0129857283303637));
#2120=CARTESIAN_POINT('',(-0.0095019845803271,-0.0504371428571428,-0.0119151117928128));
#2121=CARTESIAN_POINT('',(-0.0108444952552618,-0.04953,-0.0108444952552618));
#2122=CARTESIAN_POINT('',(-0.0119151117928128,-0.0486228571428571,-0.00950198458032709));
#2123=CARTESIAN_POINT('',(-0.0129857283303637,-0.0477157142857143,-0.0081594739053924));
#2124=CARTESIAN_POINT('',(-0.0137307655468329,-0.0468085714285714,-0.00661238818415158));
#2125=CARTESIAN_POINT('',(-0.014475802763302,-0.0459014285714285,-0.00506530246291076));
#2126=CARTESIAN_POINT('',(-0.014857901381651,-0.0449942857142857,-0.00339121903349423));
#2127=CARTESIAN_POINT('',(-0.01524,-0.0440871428571428,-0.00171713560407769));
#2128=CARTESIAN_POINT('',(-0.01524,-0.04318,2.79954258285085E-18));
#2129=CARTESIAN_POINT('',(-0.01524,-0.0422728571428571,0.00171713560407769));
#2130=CARTESIAN_POINT('',(-0.014857901381651,-0.0413657142857142,0.00339121903349423));
#2131=CARTESIAN_POINT('',(-0.014475802763302,-0.0404585714285714,0.00506530246291077));
#2132=CARTESIAN_POINT('',(-0.0137307655468329,-0.0395514285714285,0.00661238818415159));
#2133=CARTESIAN_POINT('',(-0.0129857283303637,-0.0386442857142857,0.0081594739053924));
#2134=CARTESIAN_POINT('',(-0.0119151117928128,-0.0377371428571429,0.0095019845803271));
#2135=CARTESIAN_POINT('',(-0.0108444952552618,-0.03683,0.0108444952552618));
#2136=CARTESIAN_POINT('',(-0.00950198458032709,-0.0359228571428571,0.0119151117928128));
#2137=CARTESIAN_POINT('',(-0.0081594739053924,-0.0350157142857142,0.0129857283303637));
#2138=CARTESIAN_POINT('',(-0.00661238818415158,-0.0341085714285714,0.0137307655468329));
#2139=CARTESIAN_POINT('',(-0.00506530246291076,-0.0332014285714286,0.014475802763302));
#2140=CARTESIAN_POINT('',(-0.00339121903349423,-0.0322942857142857,0.014857901381651));
#2141=CARTESIAN_POINT('',(-0.00171713560407769,-0.0313871428571428,0.01524));
#2142=CARTESIAN_POINT('',(1.86636172190056E-18,-0.03048,0.01524));
#2143=CARTESIAN_POINT('',(0.00171713560407769,-0.0295728571428571,0.01524));
#2144=CARTESIAN_POINT('',(0.00339121903349423,-0.0286657142857143,0.014857901381651));
#2145=CARTESIAN_POINT('',(0.00506530246291077,-0.0277585714285714,0.014475802763302));
#2146=CARTESIAN_POINT('',(0.00661238818415159,-0.0268514285714286,0.0137307655468329));
#2147=CARTESIAN_POINT('',(0.0081594739053924,-0.0259442857142857,0.0129857283303637));
#2148=CARTESIAN_POINT('',(0.0095019845803271,-0.0250371428571428,0.0119151117928128));
#2149=CARTESIAN_POINT('',(0.0108444952552618,-0.02413,0.0108444952552618));
#2150=CARTESIAN_POINT('',(0.0119151117928128,-0.0232228571428571,0.0095019845803271));
#2151=CARTESIAN_POINT('',(0.0129857283303637,-0.0223157142857143,0.0081594739053924));
#2152=CARTESIAN_POINT('',(0.0137307655468329,-0.0214085714285714,0.00661238818415158));
#2153=CARTESIAN_POINT('',(0.014475802763302,-0.0205014285714286,0.00506530246291076));
#2154=CARTESIAN_POINT('',(0.014857901381651,-0.0195942857142857,0.00339121903349423));
#2155=CARTESIAN_POINT('',(0.01524,-0.0186871428571428,0.00171713560407769));
#2156=CARTESIAN_POINT('',(0.01524,-0.01778,-9.33180860950283E-19));
#2157=CARTESIAN_POINT('',(0.01524,-0.0168728571428571,-0.00171713560407769));
#2158=CARTESIAN_POINT('',(0.014857901381651,-0.0159657142857142,-0.00339121903349423));
#2159=CARTESIAN_POINT('',(0.014475802763302,-0.0150585714285714,-0.00506530246291077));
#2160=CARTESIAN_POINT('',(0.0137307655468329,-0.0141514285714286,-0.00661238818415159));
#2161=CARTESIAN_POINT('',(0.0129857283303637,-0.0132442857142857,-0.0081594739053924));
#2162=CARTESIAN_POINT('',(0.0119151117928128,-0.0123371428571428,-0.0095019845803271));
#2163=CARTESIAN_POINT('',(0.0108444952552618,-0.01143,-0.0108444952552618));
#2164=CARTESIAN_POINT('',(0.0095019845803271,-0.0105228571428571,-0.0119151117928128));
#2165=CARTESIAN_POINT('',(0.0081594739053924,-0.00961571428571427,-0.0129857283303637));
#2166=CARTESIAN_POINT('',(0.00661238818415159,-0.00870857142857141,-0.0137307655468329));
#2167=CARTESIAN_POINT('',(0.00506530246291077,-0.00780142857142856,-0.014475802763302));
#2168=CARTESIAN_POINT('',(0.00339121903349423,-0.0068942857142857,-0.014857901381651));
#2169=CARTESIAN_POINT('',(0.00171713560407769,-0.00598714285714284,-0.01524));
#2170=CARTESIAN_POINT('',(-3.73272344380113E-18,-0.00508,-0.01524));
#2171=CARTESIAN_POINT('',(-0.00171713560407769,-0.00417285714285713,-0.01524));
#2172=CARTESIAN_POINT('',(-0.00339121903349423,-0.00326571428571427,-0.014857901381651));
#2173=CARTESIAN_POINT('',(-0.00506530246291077,-0.00235857142857142,-0.014475802763302));
#2174=CARTESIAN_POINT('',(-0.00661238818415159,-0.00145142857142856,-0.0137307655468329));
#2175=CARTESIAN_POINT('',(-0.0081594739053924,-0.000544285714285701,-0.0129857283303637));
#2176=CARTESIAN_POINT('',(-0.0095019845803271,0.000362857142857156,-0.0119151117928128));
#2177=CARTESIAN_POINT('',(-0.0108444952552618,0.00127000000000001,-0.0108444952552618));
#2178=CARTESIAN_POINT('',(-0.0119151117928128,0.00217714285714287,-0.00950198458032709));
#2179=CARTESIAN_POINT('',(-0.0129857283303637,0.00308428571428573,-0.0081594739053924));
#2180=CARTESIAN_POINT('',(-0.0137307655468329,0.00399142857142858,-0.00661238818415158));
#2181=CARTESIAN_POINT('',(-0.014475802763302,0.00489857142857144,-0.00506530246291076));
#2182=CARTESIAN_POINT('',(-0.014857901381651,0.0058057142857143,-0.00339121903349423));
#2183=CARTESIAN_POINT('',(-0.01524,0.00671285714285715,-0.00171713560407769));
#2184=CARTESIAN_POINT('',(-0.01524,0.00762,2.79954258285085E-18));
#2185=CARTESIAN_POINT('',(-0.01524,0.00762,3.96601865903809E-18));
#2186=CARTESIAN_POINT('',(0.,0.00762,0.));
#2187=CARTESIAN_POINT('',(-0.0143684097937106,0.00762,0.00508));
#2188=CARTESIAN_POINT('',(-0.0143684097937106,0.03429,0.00508));
#2189=CARTESIAN_POINT('',(-0.0143684097937106,0.0127,0.00508));
#2190=CARTESIAN_POINT('',(0.,0.0127,0.));
#2191=CARTESIAN_POINT('',(-0.01524,0.0127,3.26613301332599E-18));
#2192=CARTESIAN_POINT('',(-3.73272344380113E-18,-0.0508,-0.01524));
#2193=CARTESIAN_POINT('',(-0.00171713560407769,-0.0498928571428571,-0.01524));
#2194=CARTESIAN_POINT('',(-0.00339121903349423,-0.0489857142857143,-0.014857901381651));
#2195=CARTESIAN_POINT('',(-0.00506530246291077,-0.0480785714285714,-0.014475802763302));
#2196=CARTESIAN_POINT('',(-0.00661238818415159,-0.0471714285714286,-0.0137307655468329));
#2197=CARTESIAN_POINT('',(-0.0081594739053924,-0.0462642857142857,-0.0129857283303637));
#2198=CARTESIAN_POINT('',(-0.0095019845803271,-0.0453571428571428,-0.0119151117928128));
#2199=CARTESIAN_POINT('',(-0.0108444952552618,-0.04445,-0.0108444952552618));
#2200=CARTESIAN_POINT('',(-0.0119151117928128,-0.0435428571428571,-0.00950198458032709));
#2201=CARTESIAN_POINT('',(-0.0129857283303637,-0.0426357142857143,-0.0081594739053924));
#2202=CARTESIAN_POINT('',(-0.0137307655468329,-0.0417285714285714,-0.00661238818415158));
#2203=CARTESIAN_POINT('',(-0.014475802763302,-0.0408214285714286,-0.00506530246291076));
#2204=CARTESIAN_POINT('',(-0.014857901381651,-0.0399142857142857,-0.00339121903349423));
#2205=CARTESIAN_POINT('',(-0.01524,-0.0390071428571429,-0.00171713560407769));
#2206=CARTESIAN_POINT('',(-0.01524,-0.0381,2.79954258285085E-18));
#2207=CARTESIAN_POINT('',(-0.01524,-0.0371928571428571,0.00171713560407769));
#2208=CARTESIAN_POINT('',(-0.014857901381651,-0.0362857142857142,0.00339121903349423));
#2209=CARTESIAN_POINT('',(-0.014475802763302,-0.0353785714285714,0.00506530246291077));
#2210=CARTESIAN_POINT('',(-0.0137307655468329,-0.0344714285714285,0.00661238818415159));
#2211=CARTESIAN_POINT('',(-0.0129857283303637,-0.0335642857142857,0.0081594739053924));
#2212=CARTESIAN_POINT('',(-0.0119151117928128,-0.0326571428571428,0.0095019845803271));
#2213=CARTESIAN_POINT('',(-0.0108444952552618,-0.03175,0.0108444952552618));
#2214=CARTESIAN_POINT('',(-0.00950198458032709,-0.0308428571428571,0.0119151117928128));
#2215=CARTESIAN_POINT('',(-0.0081594739053924,-0.0299357142857143,0.0129857283303637));
#2216=CARTESIAN_POINT('',(-0.00661238818415158,-0.0290285714285714,0.0137307655468329));
#2217=CARTESIAN_POINT('',(-0.00506530246291076,-0.0281214285714286,0.014475802763302));
#2218=CARTESIAN_POINT('',(-0.00339121903349423,-0.0272142857142857,0.014857901381651));
#2219=CARTESIAN_POINT('',(-0.00171713560407769,-0.0263071428571428,0.01524));
#2220=CARTESIAN_POINT('',(1.86636172190056E-18,-0.0254,0.01524));
#2221=CARTESIAN_POINT('',(0.00171713560407769,-0.0244928571428571,0.01524));
#2222=CARTESIAN_POINT('',(0.00339121903349423,-0.0235857142857143,0.014857901381651));
#2223=CARTESIAN_POINT('',(0.00506530246291077,-0.0226785714285714,0.014475802763302));
#2224=CARTESIAN_POINT('',(0.00661238818415159,-0.0217714285714285,0.0137307655468329));
#2225=CARTESIAN_POINT('',(0.0081594739053924,-0.0208642857142857,0.0129857283303637));
#2226=CARTESIAN_POINT('',(0.0095019845803271,-0.0199571428571429,0.0119151117928128));
#2227=CARTESIAN_POINT('',(0.0108444952552618,-0.01905,0.0108444952552618));
#2228=CARTESIAN_POINT('',(0.0119151117928128,-0.0181428571428571,0.0095019845803271));
#2229=CARTESIAN_POINT('',(0.0129857283303637,-0.0172357142857143,0.0081594739053924));
#2230=CARTESIAN_POINT('',(0.0137307655468329,-0.0163285714285714,0.00661238818415158));
#2231=CARTESIAN_POINT('',(0.014475802763302,-0.0154214285714285,0.00506530246291076));
#2232=CARTESIAN_POINT('',(0.014857901381651,-0.0145142857142857,0.00339121903349423));
#2233=CARTESIAN_POINT('',(0.01524,-0.0136071428571428,0.00171713560407769));
#2234=CARTESIAN_POINT('',(0.01524,-0.0127,-9.33180860950283E-19));
#2235=CARTESIAN_POINT('',(0.01524,-0.0117928571428571,-0.00171713560407769));
#2236=CARTESIAN_POINT('',(0.014857901381651,-0.0108857142857143,-0.00339121903349423));
#2237=CARTESIAN_POINT('',(0.014475802763302,-0.00997857142857141,-0.00506530246291077));
#2238=CARTESIAN_POINT('',(0.0137307655468329,-0.00907142857142856,-0.00661238818415159));
#2239=CARTESIAN_POINT('',(0.0129857283303637,-0.00816428571428569,-0.0081594739053924));
#2240=CARTESIAN_POINT('',(0.0119151117928128,-0.00725714285714284,-0.0095019845803271));
#2241=CARTESIAN_POINT('',(0.0108444952552618,-0.00634999999999999,-0.0108444952552618));
#2242=CARTESIAN_POINT('',(0.0095019845803271,-0.00544285714285713,-0.0119151117928128));
#2243=CARTESIAN_POINT('',(0.0081594739053924,-0.00453571428571427,-0.0129857283303637));
#2244=CARTESIAN_POINT('',(0.00661238818415159,-0.00362857142857142,-0.0137307655468329));
#2245=CARTESIAN_POINT('',(0.00506530246291077,-0.00272142857142855,-0.014475802763302));
#2246=CARTESIAN_POINT('',(0.00339121903349423,-0.0018142857142857,-0.014857901381651));
#2247=CARTESIAN_POINT('',(0.00171713560407769,-0.000907142857142843,-0.01524));
#2248=CARTESIAN_POINT('',(-3.73272344380113E-18,1.38777878078145E-17,-0.01524));
#2249=CARTESIAN_POINT('',(-0.00171713560407769,0.00090714285714287,-0.01524));
#2250=CARTESIAN_POINT('',(-0.00339121903349423,0.00181428571428573,-0.014857901381651));
#2251=CARTESIAN_POINT('',(-0.00506530246291077,0.00272142857142858,-0.014475802763302));
#2252=CARTESIAN_POINT('',(-0.00661238818415159,0.00362857142857145,-0.0137307655468329));
#2253=CARTESIAN_POINT('',(-0.0081594739053924,0.0045357142857143,-0.0129857283303637));
#2254=CARTESIAN_POINT('',(-0.0095019845803271,0.00544285714285716,-0.0119151117928128));
#2255=CARTESIAN_POINT('',(-0.0108444952552618,0.00635000000000001,-0.0108444952552618));
#2256=CARTESIAN_POINT('',(-0.0119151117928128,0.00725714285714287,-0.00950198458032709));
#2257=CARTESIAN_POINT('',(-0.0129857283303637,0.00816428571428572,-0.0081594739053924));
#2258=CARTESIAN_POINT('',(-0.0137307655468329,0.00907142857142858,-0.00661238818415158));
#2259=CARTESIAN_POINT('',(-0.014475802763302,0.00997857142857144,-0.00506530246291076));
#2260=CARTESIAN_POINT('',(-0.014857901381651,0.0108857142857143,-0.00339121903349423));
#2261=CARTESIAN_POINT('',(-0.01524,0.0117928571428572,-0.00171713560407769));
#2262=CARTESIAN_POINT('',(-0.01524,0.0127,2.79954258285085E-18));
#2263=CARTESIAN_POINT('',(0.,0.,0.));
#2264=CARTESIAN_POINT('',(0.,0.,0.));
#2265=CARTESIAN_POINT('',(0.,0.,-0.01905));
#2266=CARTESIAN_POINT('',(0.,0.,0.01905));
#2267=CARTESIAN_POINT('',(0.,0.,-0.01905));
#2268=CARTESIAN_POINT('',(-2.09965693713813E-18,-8.67361737988403E-19,-0.017145));
#2269=CARTESIAN_POINT('',(1.00680580398231E-18,0.,7.40715760868559E-18));
#2270=CARTESIAN_POINT('',(-0.0100763224773516,-4.562850811839E-18,-0.0138715085817087));
#2271=CARTESIAN_POINT('',(-0.00895673108987155,-3.63092356970772E-13,-0.0123302298512124));
#2272=CARTESIAN_POINT('',(-0.0093299282186162,-3.63092356970773E-13,-0.0128439894283462));
#2273=CARTESIAN_POINT('',(-0.0097031253485608,-9.125701623678E-18,-0.0133577490046084));
#2274=CARTESIAN_POINT('',(-0.0100763224773516,-9.125701623678E-18,-0.0138715085817087));
#2275=CARTESIAN_POINT('',(0.,0.,-0.01905));
#2276=CARTESIAN_POINT('',(0.,0.03429,0.));
#2277=CARTESIAN_POINT('',(0.,0.03429,-0.01905));
#2278=CARTESIAN_POINT('',(0.,0.03429,0.01778));
#2279=CARTESIAN_POINT('',(0.,0.03429,0.01651));
#2280=CARTESIAN_POINT('',(0.,0.03429,0.));
#2281=CARTESIAN_POINT('',(0.,0.03429,-0.01651));
#2282=CARTESIAN_POINT('',(0.,0.03429,-0.01905));
#2283=CARTESIAN_POINT('',(0.,0.03429,-0.01778));
#2284=CARTESIAN_POINT('',(0.,0.03429,0.));
#2285=CARTESIAN_POINT('',(0.,0.03429,0.));
#2286=CARTESIAN_POINT('',(0.,0.03429,0.01905));
#2287=CARTESIAN_POINT('',(0.,0.03302,0.01905));
#2288=CARTESIAN_POINT('',(0.,0.03302,0.));
#2289=CARTESIAN_POINT('',(0.,0.03302,-0.01905));
#2290=CARTESIAN_POINT('',(0.,0.03429,-0.01905));
#2291=CARTESIAN_POINT('',(3.37210657130221E-18,-0.05588,2.71600701529407E-18));
#2292=CARTESIAN_POINT('',(-4.19931387427627E-18,-0.0508,-0.017145));
#2293=CARTESIAN_POINT('',(-0.0019317775545874,-0.0498928571428571,-0.017145));
#2294=CARTESIAN_POINT('',(-0.00381512141268102,-0.0489857142857143,-0.0167151390543574));
#2295=CARTESIAN_POINT('',(-0.00569846527077462,-0.0480785714285714,-0.0162852781087147));
#2296=CARTESIAN_POINT('',(-0.00743893670717054,-0.0471714285714286,-0.0154471112401869));
#2297=CARTESIAN_POINT('',(-0.00917940814356645,-0.0462642857142857,-0.0146089443716592));
#2298=CARTESIAN_POINT('',(-0.010689732652868,-0.0453571428571429,-0.0134045007669144));
#2299=CARTESIAN_POINT('',(-0.0122000571621695,-0.04445,-0.0122000571621695));
#2300=CARTESIAN_POINT('',(-0.0134045007669144,-0.0435428571428571,-0.010689732652868));
#2301=CARTESIAN_POINT('',(-0.0146089443716592,-0.0426357142857143,-0.00917940814356644));
#2302=CARTESIAN_POINT('',(-0.015447111240187,-0.0417285714285714,-0.00743893670717053));
#2303=CARTESIAN_POINT('',(-0.0162852781087147,-0.0408214285714286,-0.00569846527077462));
#2304=CARTESIAN_POINT('',(-0.0167151390543574,-0.0399142857142857,-0.00381512141268101));
#2305=CARTESIAN_POINT('',(-0.017145,-0.0390071428571429,-0.0019317775545874));
#2306=CARTESIAN_POINT('',(-0.017145,-0.0381,3.1494854057072E-18));
#2307=CARTESIAN_POINT('',(-0.017145,-0.0371928571428571,0.0019317775545874));
#2308=CARTESIAN_POINT('',(-0.0167151390543574,-0.0362857142857143,0.00381512141268102));
#2309=CARTESIAN_POINT('',(-0.0162852781087147,-0.0353785714285714,0.00569846527077462));
#2310=CARTESIAN_POINT('',(-0.0154471112401869,-0.0344714285714285,0.00743893670717054));
#2311=CARTESIAN_POINT('',(-0.0146089443716592,-0.0335642857142857,0.00917940814356645));
#2312=CARTESIAN_POINT('',(-0.0134045007669144,-0.0326571428571428,0.010689732652868));
#2313=CARTESIAN_POINT('',(-0.0122000571621695,-0.03175,0.0122000571621695));
#2314=CARTESIAN_POINT('',(-0.010689732652868,-0.0308428571428571,0.0134045007669144));
#2315=CARTESIAN_POINT('',(-0.00917940814356645,-0.0299357142857143,0.0146089443716592));
#2316=CARTESIAN_POINT('',(-0.00743893670717053,-0.0290285714285715,0.015447111240187));
#2317=CARTESIAN_POINT('',(-0.00569846527077462,-0.0281214285714286,0.0162852781087147));
#2318=CARTESIAN_POINT('',(-0.00381512141268101,-0.0272142857142857,0.0167151390543574));
#2319=CARTESIAN_POINT('',(-0.0019317775545874,-0.0263071428571428,0.017145));
#2320=CARTESIAN_POINT('',(2.09965693713813E-18,-0.0254,0.017145));
#2321=CARTESIAN_POINT('',(0.0019317775545874,-0.0244928571428571,0.017145));
#2322=CARTESIAN_POINT('',(0.00381512141268101,-0.0235857142857143,0.0167151390543574));
#2323=CARTESIAN_POINT('',(0.00569846527077462,-0.0226785714285714,0.0162852781087147));
#2324=CARTESIAN_POINT('',(0.00743893670717054,-0.0217714285714285,0.0154471112401869));
#2325=CARTESIAN_POINT('',(0.00917940814356645,-0.0208642857142857,0.0146089443716592));
#2326=CARTESIAN_POINT('',(0.010689732652868,-0.0199571428571429,0.0134045007669144));
#2327=CARTESIAN_POINT('',(0.0122000571621695,-0.01905,0.0122000571621695));
#2328=CARTESIAN_POINT('',(0.0134045007669144,-0.0181428571428571,0.010689732652868));
#2329=CARTESIAN_POINT('',(0.0146089443716592,-0.0172357142857143,0.00917940814356645));
#2330=CARTESIAN_POINT('',(0.015447111240187,-0.0163285714285714,0.00743893670717053));
#2331=CARTESIAN_POINT('',(0.0162852781087147,-0.0154214285714286,0.00569846527077462));
#2332=CARTESIAN_POINT('',(0.0167151390543574,-0.0145142857142857,0.00381512141268101));
#2333=CARTESIAN_POINT('',(0.017145,-0.0136071428571429,0.0019317775545874));
#2334=CARTESIAN_POINT('',(0.017145,-0.0127,-1.04982846856907E-18));
#2335=CARTESIAN_POINT('',(0.017145,-0.0117928571428571,-0.0019317775545874));
#2336=CARTESIAN_POINT('',(0.0167151390543574,-0.0108857142857143,-0.00381512141268101));
#2337=CARTESIAN_POINT('',(0.0162852781087147,-0.00997857142857143,-0.00569846527077462));
#2338=CARTESIAN_POINT('',(0.015447111240187,-0.00907142857142857,-0.00743893670717054));
#2339=CARTESIAN_POINT('',(0.0146089443716592,-0.00816428571428571,-0.00917940814356645));
#2340=CARTESIAN_POINT('',(0.0134045007669144,-0.00725714285714286,-0.010689732652868));
#2341=CARTESIAN_POINT('',(0.0122000571621695,-0.00635,-0.0122000571621695));
#2342=CARTESIAN_POINT('',(0.010689732652868,-0.00544285714285714,-0.0134045007669144));
#2343=CARTESIAN_POINT('',(0.00917940814356645,-0.00453571428571429,-0.0146089443716592));
#2344=CARTESIAN_POINT('',(0.00743893670717053,-0.00362857142857143,-0.015447111240187));
#2345=CARTESIAN_POINT('',(0.00569846527077462,-0.00272142857142857,-0.0162852781087147));
#2346=CARTESIAN_POINT('',(0.003815121412681,-0.00181428571428572,-0.0167151390543574));
#2347=CARTESIAN_POINT('',(0.0019317775545874,-0.000907142857142858,-0.017145));
#2348=CARTESIAN_POINT('',(-4.19931387427627E-18,-1.7347234759768E-18,-0.017145));
#2349=CARTESIAN_POINT('',(-0.0019317775545874,0.000907142857142855,-0.017145));
#2350=CARTESIAN_POINT('',(-0.00381512141268102,0.00181428571428572,-0.0167151390543574));
#2351=CARTESIAN_POINT('',(-0.00569846527077462,0.00272142857142857,-0.0162852781087147));
#2352=CARTESIAN_POINT('',(-0.00743893670717054,0.00362857142857143,-0.0154471112401869));
#2353=CARTESIAN_POINT('',(-0.00917940814356645,0.00453571428571428,-0.0146089443716592));
#2354=CARTESIAN_POINT('',(-0.010689732652868,0.00544285714285714,-0.0134045007669144));
#2355=CARTESIAN_POINT('',(-0.0122000571621695,0.00635,-0.0122000571621695));
#2356=CARTESIAN_POINT('',(-0.0134045007669144,0.00725714285714286,-0.010689732652868));
#2357=CARTESIAN_POINT('',(-0.0146089443716592,0.00816428571428571,-0.00917940814356644));
#2358=CARTESIAN_POINT('',(-0.015447111240187,0.00907142857142857,-0.00743893670717053));
#2359=CARTESIAN_POINT('',(-0.0162852781087147,0.00997857142857142,-0.00569846527077462));
#2360=CARTESIAN_POINT('',(-0.0167151390543574,0.0108857142857143,-0.00381512141268101));
#2361=CARTESIAN_POINT('',(-0.017145,0.0117928571428571,-0.0019317775545874));
#2362=CARTESIAN_POINT('',(-0.017145,0.0127,3.1494854057072E-18));
#2363=CARTESIAN_POINT('',(-0.017145,0.0127,3.55775203237265E-18));
#2364=CARTESIAN_POINT('',(-0.017145,0.,3.96601865903809E-18));
#2365=CARTESIAN_POINT('',(-0.017145,0.00762,3.55775203237265E-18));
#2366=CARTESIAN_POINT('',(-4.19931387427627E-18,-0.05588,-0.017145));
#2367=CARTESIAN_POINT('',(-0.0019317775545874,-0.0549728571428571,-0.017145));
#2368=CARTESIAN_POINT('',(-0.00381512141268102,-0.0540657142857143,-0.0167151390543574));
#2369=CARTESIAN_POINT('',(-0.00569846527077462,-0.0531585714285714,-0.0162852781087147));
#2370=CARTESIAN_POINT('',(-0.00743893670717054,-0.0522514285714286,-0.0154471112401869));
#2371=CARTESIAN_POINT('',(-0.00917940814356645,-0.0513442857142857,-0.0146089443716592));
#2372=CARTESIAN_POINT('',(-0.010689732652868,-0.0504371428571428,-0.0134045007669144));
#2373=CARTESIAN_POINT('',(-0.0122000571621695,-0.04953,-0.0122000571621695));
#2374=CARTESIAN_POINT('',(-0.0134045007669144,-0.0486228571428571,-0.010689732652868));
#2375=CARTESIAN_POINT('',(-0.0146089443716592,-0.0477157142857143,-0.00917940814356644));
#2376=CARTESIAN_POINT('',(-0.015447111240187,-0.0468085714285714,-0.00743893670717053));
#2377=CARTESIAN_POINT('',(-0.0162852781087147,-0.0459014285714285,-0.00569846527077462));
#2378=CARTESIAN_POINT('',(-0.0167151390543574,-0.0449942857142857,-0.00381512141268101));
#2379=CARTESIAN_POINT('',(-0.017145,-0.0440871428571428,-0.0019317775545874));
#2380=CARTESIAN_POINT('',(-0.017145,-0.04318,3.1494854057072E-18));
#2381=CARTESIAN_POINT('',(-0.017145,-0.0422728571428571,0.0019317775545874));
#2382=CARTESIAN_POINT('',(-0.0167151390543574,-0.0413657142857142,0.00381512141268102));
#2383=CARTESIAN_POINT('',(-0.0162852781087147,-0.0404585714285714,0.00569846527077462));
#2384=CARTESIAN_POINT('',(-0.0154471112401869,-0.0395514285714285,0.00743893670717054));
#2385=CARTESIAN_POINT('',(-0.0146089443716592,-0.0386442857142857,0.00917940814356645));
#2386=CARTESIAN_POINT('',(-0.0134045007669144,-0.0377371428571429,0.010689732652868));
#2387=CARTESIAN_POINT('',(-0.0122000571621695,-0.03683,0.0122000571621695));
#2388=CARTESIAN_POINT('',(-0.010689732652868,-0.0359228571428571,0.0134045007669144));
#2389=CARTESIAN_POINT('',(-0.00917940814356645,-0.0350157142857142,0.0146089443716592));
#2390=CARTESIAN_POINT('',(-0.00743893670717053,-0.0341085714285714,0.015447111240187));
#2391=CARTESIAN_POINT('',(-0.00569846527077462,-0.0332014285714286,0.0162852781087147));
#2392=CARTESIAN_POINT('',(-0.00381512141268101,-0.0322942857142857,0.0167151390543574));
#2393=CARTESIAN_POINT('',(-0.0019317775545874,-0.0313871428571428,0.017145));
#2394=CARTESIAN_POINT('',(2.09965693713813E-18,-0.03048,0.017145));
#2395=CARTESIAN_POINT('',(0.0019317775545874,-0.0295728571428571,0.017145));
#2396=CARTESIAN_POINT('',(0.00381512141268101,-0.0286657142857143,0.0167151390543574));
#2397=CARTESIAN_POINT('',(0.00569846527077462,-0.0277585714285714,0.0162852781087147));
#2398=CARTESIAN_POINT('',(0.00743893670717054,-0.0268514285714286,0.0154471112401869));
#2399=CARTESIAN_POINT('',(0.00917940814356645,-0.0259442857142857,0.0146089443716592));
#2400=CARTESIAN_POINT('',(0.010689732652868,-0.0250371428571428,0.0134045007669144));
#2401=CARTESIAN_POINT('',(0.0122000571621695,-0.02413,0.0122000571621695));
#2402=CARTESIAN_POINT('',(0.0134045007669144,-0.0232228571428571,0.010689732652868));
#2403=CARTESIAN_POINT('',(0.0146089443716592,-0.0223157142857143,0.00917940814356645));
#2404=CARTESIAN_POINT('',(0.015447111240187,-0.0214085714285714,0.00743893670717053));
#2405=CARTESIAN_POINT('',(0.0162852781087147,-0.0205014285714286,0.00569846527077462));
#2406=CARTESIAN_POINT('',(0.0167151390543574,-0.0195942857142857,0.00381512141268101));
#2407=CARTESIAN_POINT('',(0.017145,-0.0186871428571428,0.0019317775545874));
#2408=CARTESIAN_POINT('',(0.017145,-0.01778,-1.04982846856907E-18));
#2409=CARTESIAN_POINT('',(0.017145,-0.0168728571428571,-0.0019317775545874));
#2410=CARTESIAN_POINT('',(0.0167151390543574,-0.0159657142857142,-0.00381512141268101));
#2411=CARTESIAN_POINT('',(0.0162852781087147,-0.0150585714285714,-0.00569846527077462));
#2412=CARTESIAN_POINT('',(0.015447111240187,-0.0141514285714286,-0.00743893670717054));
#2413=CARTESIAN_POINT('',(0.0146089443716592,-0.0132442857142857,-0.00917940814356645));
#2414=CARTESIAN_POINT('',(0.0134045007669144,-0.0123371428571428,-0.010689732652868));
#2415=CARTESIAN_POINT('',(0.0122000571621695,-0.01143,-0.0122000571621695));
#2416=CARTESIAN_POINT('',(0.010689732652868,-0.0105228571428571,-0.0134045007669144));
#2417=CARTESIAN_POINT('',(0.00917940814356645,-0.00961571428571427,-0.0146089443716592));
#2418=CARTESIAN_POINT('',(0.00743893670717053,-0.00870857142857141,-0.015447111240187));
#2419=CARTESIAN_POINT('',(0.00569846527077462,-0.00780142857142855,-0.0162852781087147));
#2420=CARTESIAN_POINT('',(0.003815121412681,-0.0068942857142857,-0.0167151390543574));
#2421=CARTESIAN_POINT('',(0.0019317775545874,-0.00598714285714284,-0.017145));
#2422=CARTESIAN_POINT('',(-4.19931387427627E-18,-0.00508,-0.017145));
#2423=CARTESIAN_POINT('',(-0.0019317775545874,-0.00417285714285713,-0.017145));
#2424=CARTESIAN_POINT('',(-0.00381512141268102,-0.00326571428571427,-0.0167151390543574));
#2425=CARTESIAN_POINT('',(-0.00569846527077462,-0.00235857142857141,-0.0162852781087147));
#2426=CARTESIAN_POINT('',(-0.00743893670717054,-0.00145142857142856,-0.0154471112401869));
#2427=CARTESIAN_POINT('',(-0.00917940814356645,-0.0005442857142857,-0.0146089443716592));
#2428=CARTESIAN_POINT('',(-0.010689732652868,0.000362857142857157,-0.0134045007669144));
#2429=CARTESIAN_POINT('',(-0.0122000571621695,0.00127000000000001,-0.0122000571621695));
#2430=CARTESIAN_POINT('',(-0.0134045007669144,0.00217714285714287,-0.010689732652868));
#2431=CARTESIAN_POINT('',(-0.0146089443716592,0.00308428571428573,-0.00917940814356644));
#2432=CARTESIAN_POINT('',(-0.015447111240187,0.00399142857142858,-0.00743893670717053));
#2433=CARTESIAN_POINT('',(-0.0162852781087147,0.00489857142857144,-0.00569846527077462));
#2434=CARTESIAN_POINT('',(-0.0167151390543574,0.0058057142857143,-0.00381512141268101));
#2435=CARTESIAN_POINT('',(-0.017145,0.00671285714285716,-0.0019317775545874));
#2436=CARTESIAN_POINT('',(-0.017145,0.00762,3.1494854057072E-18));
#2437=CARTESIAN_POINT('',(-0.00895673109042539,-3.63088120037328E-13,-0.01233022985081));
#2438=CARTESIAN_POINT('',(-0.00923402563039376,0.000181795604965584,-0.0121288019246975));
#2439=CARTESIAN_POINT('',(-0.0095019845803271,0.000362857142857156,-0.0119151117928128));
#2440=CARTESIAN_POINT('',(-0.0108444952552618,0.00127000000000001,-0.0108444952552618));
#2441=CARTESIAN_POINT('',(-0.0119151117928128,0.00217714285714287,-0.00950198458032709));
#2442=CARTESIAN_POINT('',(-0.0129857283303637,0.00308428571428573,-0.0081594739053924));
#2443=CARTESIAN_POINT('',(-0.0137307655468329,0.00399142857142858,-0.00661238818415158));
#2444=CARTESIAN_POINT('',(-0.014475802763302,0.00489857142857144,-0.00506530246291076));
#2445=CARTESIAN_POINT('',(-0.014857901381651,0.0058057142857143,-0.00339121903349423));
#2446=CARTESIAN_POINT('',(-0.01524,0.00671285714285715,-0.00171713560407769));
#2447=CARTESIAN_POINT('',(-0.01524,0.00762,2.79954258285085E-18));
#2448=CARTESIAN_POINT('',(-0.0100763224767286,-3.63087115123756E-13,-0.0138715085821613));
#2449=CARTESIAN_POINT('',(-0.010388278834193,0.000181795604965585,-0.0136449021652847));
#2450=CARTESIAN_POINT('',(-0.010689732652868,0.000362857142857157,-0.0134045007669144));
#2451=CARTESIAN_POINT('',(-0.0122000571621695,0.00127000000000001,-0.0122000571621695));
#2452=CARTESIAN_POINT('',(-0.0134045007669144,0.00217714285714287,-0.010689732652868));
#2453=CARTESIAN_POINT('',(-0.0146089443716592,0.00308428571428573,-0.00917940814356644));
#2454=CARTESIAN_POINT('',(-0.015447111240187,0.00399142857142858,-0.00743893670717053));
#2455=CARTESIAN_POINT('',(-0.0162852781087147,0.00489857142857144,-0.00569846527077462));
#2456=CARTESIAN_POINT('',(-0.0167151390543574,0.0058057142857143,-0.00381512141268101));
#2457=CARTESIAN_POINT('',(-0.017145,0.00671285714285716,-0.0019317775545874));
#2458=CARTESIAN_POINT('',(-0.017145,0.00762,3.1494854057072E-18));
#2459=CARTESIAN_POINT('',(-0.012192,0.00762,3.96601865903809E-18));
#2460=CARTESIAN_POINT('',(-4.19931387427627E-18,1.16647607618786E-19,-0.017145));
#2461=CARTESIAN_POINT('',(-0.0019317775545874,0.000907142857142857,-0.017145));
#2462=CARTESIAN_POINT('',(-0.00381512141268102,0.00181428571428572,-0.0167151390543574));
#2463=CARTESIAN_POINT('',(-0.00569846527077462,0.00272142857142857,-0.0162852781087147));
#2464=CARTESIAN_POINT('',(-0.00743893670717054,0.00362857142857143,-0.0154471112401869));
#2465=CARTESIAN_POINT('',(-0.00917940814356645,0.00453571428571428,-0.0146089443716592));
#2466=CARTESIAN_POINT('',(-0.010689732652868,0.00544285714285714,-0.0134045007669144));
#2467=CARTESIAN_POINT('',(-0.0122000571621695,0.00635,-0.0122000571621695));
#2468=CARTESIAN_POINT('',(-0.0134045007669144,0.00725714285714286,-0.010689732652868));
#2469=CARTESIAN_POINT('',(-0.0146089443716592,0.00816428571428571,-0.00917940814356644));
#2470=CARTESIAN_POINT('',(-0.015447111240187,0.00907142857142857,-0.00743893670717053));
#2471=CARTESIAN_POINT('',(-0.0162852781087147,0.00997857142857143,-0.00569846527077462));
#2472=CARTESIAN_POINT('',(-0.0167151390543574,0.0108857142857143,-0.00381512141268101));
#2473=CARTESIAN_POINT('',(-0.017145,0.0117928571428571,-0.0019317775545874));
#2474=CARTESIAN_POINT('',(-0.017145,0.0127,3.1494854057072E-18));
#2475=CARTESIAN_POINT('',(-3.73272344380113E-18,1.38777878078145E-17,-0.01524));
#2476=CARTESIAN_POINT('',(-0.00171713560407769,0.00090714285714287,-0.01524));
#2477=CARTESIAN_POINT('',(-0.00339121903349423,0.00181428571428573,-0.014857901381651));
#2478=CARTESIAN_POINT('',(-0.00506530246291077,0.00272142857142858,-0.014475802763302));
#2479=CARTESIAN_POINT('',(-0.00661238818415159,0.00362857142857145,-0.0137307655468329));
#2480=CARTESIAN_POINT('',(-0.0081594739053924,0.0045357142857143,-0.0129857283303637));
#2481=CARTESIAN_POINT('',(-0.0095019845803271,0.00544285714285716,-0.0119151117928128));
#2482=CARTESIAN_POINT('',(-0.0108444952552618,0.00635000000000001,-0.0108444952552618));
#2483=CARTESIAN_POINT('',(-0.0119151117928128,0.00725714285714287,-0.00950198458032709));
#2484=CARTESIAN_POINT('',(-0.0129857283303637,0.00816428571428572,-0.0081594739053924));
#2485=CARTESIAN_POINT('',(-0.0137307655468329,0.00907142857142858,-0.00661238818415158));
#2486=CARTESIAN_POINT('',(-0.014475802763302,0.00997857142857144,-0.00506530246291076));
#2487=CARTESIAN_POINT('',(-0.014857901381651,0.0108857142857143,-0.00339121903349423));
#2488=CARTESIAN_POINT('',(-0.01524,0.0117928571428572,-0.00171713560407769));
#2489=CARTESIAN_POINT('',(-0.01524,0.0127,2.79954258285085E-18));
#2490=CARTESIAN_POINT('',(0.,1.16647607618786E-19,-0.017145));
#2491=CARTESIAN_POINT('',(-0.012192,0.0127,3.26613301332599E-18));
#2492=CARTESIAN_POINT('',(-0.0161925,0.0127,3.25936976539125E-18));
#2493=CARTESIAN_POINT('',(-0.012192,0.0127,3.26613301332599E-18));
#2494=CARTESIAN_POINT('',(-0.012192,0.0127,3.26613301332599E-18));
#2495=CARTESIAN_POINT('',(-0.0161925,0.0127,0.000889));
#2496=CARTESIAN_POINT('',(-0.012192,0.0127,0.00508));
#2497=CARTESIAN_POINT('',(-0.017145,0.0127,0.00508));
#2498=CARTESIAN_POINT('',(-0.017145,0.0127,3.26613301332599E-18));
#2499=CARTESIAN_POINT('',(-0.012192,0.0127,0.00508));
#2500=CARTESIAN_POINT('',(-0.012192,0.00762,0.00508));
#2501=CARTESIAN_POINT('',(-0.017145,0.00762,0.00508));
#2502=CARTESIAN_POINT('',(-0.017145,0.0127,0.00508));
#2503=CARTESIAN_POINT('',(-0.012192,0.00762,3.96601865903809E-18));
#2504=CARTESIAN_POINT('',(-0.017145,0.00762,3.96601865903809E-18));
#2505=CARTESIAN_POINT('',(-0.017145,0.,0.));
#2506=CARTESIAN_POINT('',(-0.0161925,0.011176,0.000889));
#2507=CARTESIAN_POINT('',(-0.0161925,0.011684,0.000889));
#2508=CARTESIAN_POINT('',(-0.0161925,0.011684,0.));
#2509=CARTESIAN_POINT('',(-0.0161925,0.011176,0.000889));
#2510=CARTESIAN_POINT('',(-0.0161925,0.011176,0.000889));
#2511=CARTESIAN_POINT('',(-0.0161925,0.011176,0.000508));
#2512=CARTESIAN_POINT('',(0.,0.03429,-0.01905));
#2513=CARTESIAN_POINT('',(0.,0.01778,0.));
#2514=CARTESIAN_POINT('',(0.,0.05207,0.));
#2515=CARTESIAN_POINT('',(0.,0.03429,-0.01905));
#2516=CARTESIAN_POINT('',(0.,0.01778,0.));
#2517=CARTESIAN_POINT('',(0.,0.05207,0.));
#2518=CARTESIAN_POINT('',(-0.0161925,0.011684,0.000889));
#2519=CARTESIAN_POINT('',(0.,0.03302,0.));
#2520=CARTESIAN_POINT('',(0.,0.03429,0.));
#2521=CARTESIAN_POINT('',(-0.0746625032034692,0.0727828370000731,0.00699520935089503));
#2522=CARTESIAN_POINT('',(0.,0.,0.));
#2523=CARTESIAN_POINT('',(-0.0426733078070098,0.086995,-1.07289941316281E-7));
#2524=CARTESIAN_POINT('',(-0.0426733078070098,0.086995,-1.07289941316281E-7));
#2525=CARTESIAN_POINT('',(-0.0426732959736009,0.086995,-0.00190510728990456));
#2526=CARTESIAN_POINT('',(-0.0393065183915302,0.0855005803893581,-0.00149163481726662));
#2527=CARTESIAN_POINT('',(-0.0392079712311545,0.0869953650733271,-0.00211169832103078));
#2528=CARTESIAN_POINT('',(-0.0393063974003046,0.0884879593173335,-0.00149208770692932));
#2529=CARTESIAN_POINT('',(-0.0394037510821114,0.0891058984511309,-1.82922810438152E-6));
#2530=CARTESIAN_POINT('',(-0.0393064448296907,0.0884884450869635,0.00149248501257072));
#2531=CARTESIAN_POINT('',(-0.0392080797460016,0.0869954638026323,0.0021106882965184));
#2532=CARTESIAN_POINT('',(-0.0393061790170032,0.0855040383441189,0.00149424516915616));
#2533=CARTESIAN_POINT('',(-0.039403787223421,0.0848838464215086,1.73008613294682E-6));
#2534=CARTESIAN_POINT('',(-0.0393065183915302,0.0855005803893581,-0.00149163481726662));
#2535=CARTESIAN_POINT('',(-0.0392079712311545,0.0869953650733271,-0.00211169832103078));
#2536=CARTESIAN_POINT('',(-0.0393063974003046,0.0884879593173335,-0.00149208770692932));
#2537=CARTESIAN_POINT('',(-0.0392408001194088,0.086995,-0.00190508596805317));
#2538=CARTESIAN_POINT('',(-0.0426733078070098,0.086995,-1.07289941316281E-7));
#2539=CARTESIAN_POINT('',(-0.0254013078073431,0.09144,-3.67446206852959E-13));
#2540=CARTESIAN_POINT('',(-0.0492613137134225,-0.045320603085634,0.00699520935089504));
#2541=CARTESIAN_POINT('',(-0.0508,0.07366,0.01905));
#2542=CARTESIAN_POINT('',(-0.0254011894900465,0.07366,2.68303897617746E-17));
#2543=CARTESIAN_POINT('',(-0.0254011894900465,0.07366,0.00419100000000003));
#2544=CARTESIAN_POINT('',(-0.0306395632569811,0.07366,0.01651));
#2545=CARTESIAN_POINT('',(-0.0315982217717276,0.07366,0.0161682624940418));
#2546=CARTESIAN_POINT('',(-0.0335101855028463,0.0736600000000001,0.0154729706622342));
#2547=CARTESIAN_POINT('',(-0.0364105887931914,0.0736599999999999,0.0145018822418516));
#2548=CARTESIAN_POINT('',(-0.0390775690878026,0.07366,0.0130480015592763));
#2549=CARTESIAN_POINT('',(-0.0414373358822227,0.07366,0.0110714538977047));
#2550=CARTESIAN_POINT('',(-0.0433599885263606,0.0736600000000001,0.00868882368874149));
#2551=CARTESIAN_POINT('',(-0.0447805179928128,0.0736600000000001,0.00599423588261609));
#2552=CARTESIAN_POINT('',(-0.0456619030725686,0.0736599999999999,0.00306941902551699));
#2553=CARTESIAN_POINT('',(-0.0459655425336196,0.0736600000000001,3.04655570565791E-5));
#2554=CARTESIAN_POINT('',(-0.0456675316311154,0.07366,-0.00303936788292724));
#2555=CARTESIAN_POINT('',(-0.0448055789305314,0.07366,-0.00593262410310462));
#2556=CARTESIAN_POINT('',(-0.0433767321728424,0.07366,-0.00866493402385088));
#2557=CARTESIAN_POINT('',(-0.0414754222361617,0.07366,-0.0110308705868076));
#2558=CARTESIAN_POINT('',(-0.0391158345817198,0.07366,-0.0130221093270737));
#2559=CARTESIAN_POINT('',(-0.0364551314816869,0.07366,-0.0144845467925956));
#2560=CARTESIAN_POINT('',(-0.0335253585168652,0.07366,-0.0154680445958425));
#2561=CARTESIAN_POINT('',(-0.031604135261529,0.07366,-0.0161661544632858));
#2562=CARTESIAN_POINT('',(-0.0306395631920636,0.07366,-0.01651));
#2563=CARTESIAN_POINT('',(-0.030639563256981,0.07366,0.01651));
#2564=CARTESIAN_POINT('',(-0.0306395631920636,0.07366,-0.01651));
#2565=CARTESIAN_POINT('',(-0.0508,0.07366,-0.01651));
#2566=CARTESIAN_POINT('',(-0.019852225458681,0.07366,-0.01651));
#2567=CARTESIAN_POINT('',(-0.0198522258195104,0.07366,0.01651));
#2568=CARTESIAN_POINT('',(-0.0189061130661603,0.07366,0.0161727344021901));
#2569=CARTESIAN_POINT('',(-0.0170169075667271,0.07366,0.0154870082694763));
#2570=CARTESIAN_POINT('',(-0.0141649775158915,0.07366,0.0145255930003472));
#2571=CARTESIAN_POINT('',(-0.011504468239796,0.07366,0.0130119122378544));
#2572=CARTESIAN_POINT('',(-0.00921430657816978,0.0736600000000001,0.0110693591098398));
#2573=CARTESIAN_POINT('',(-0.0073034093534563,0.0736599999999999,0.00865251784599236));
#2574=CARTESIAN_POINT('',(-0.0059018236625908,0.07366,0.00598830976247419));
#2575=CARTESIAN_POINT('',(-0.00503913403623969,0.0736599999999999,0.0030593863362664));
#2576=CARTESIAN_POINT('',(-0.00473056870672323,0.0736600000000002,5.86400836038053E-5));
#2577=CARTESIAN_POINT('',(-0.0050264234997374,0.07366,-0.0029928011987981));
#2578=CARTESIAN_POINT('',(-0.00585740600830154,0.07366,-0.00587955269343394));
#2579=CARTESIAN_POINT('',(-0.0072715473111836,0.0736599999999999,-0.00860277776316645));
#2580=CARTESIAN_POINT('',(-0.00913136304928557,0.07366,-0.010982564952354));
#2581=CARTESIAN_POINT('',(-0.0114522863479353,0.07366,-0.0129767393537135));
#2582=CARTESIAN_POINT('',(-0.0140815178436634,0.07366,-0.0144902860019123));
#2583=CARTESIAN_POINT('',(-0.0169858164019146,0.0736600000000001,-0.015478775093545));
#2584=CARTESIAN_POINT('',(-0.0188945449423677,0.07366,-0.0161686111243443));
#2585=CARTESIAN_POINT('',(-0.019852225458681,0.07366,-0.01651));
#2586=CARTESIAN_POINT('',(-0.0198522258195104,0.07366,0.01651));
#2587=CARTESIAN_POINT('',(-0.0508,0.07366,0.01651));
#2588=CARTESIAN_POINT('',(-0.0508,6.65191176193176E-18,-0.01651));
#2589=CARTESIAN_POINT('',(-0.03757158842693,0.0548601193950587,-0.01651));
#2590=CARTESIAN_POINT('',(-0.03757158842693,0.0548601193950587,-0.01651));
#2591=CARTESIAN_POINT('',(-0.03757158842693,0.00254,-0.01651));
#2592=CARTESIAN_POINT('',(-0.0508,0.00254,-0.01651));
#2593=CARTESIAN_POINT('',(-0.0198522254586808,0.00254,-0.01651));
#2594=CARTESIAN_POINT('',(-0.0198522254586808,0.00254,-0.01651));
#2595=CARTESIAN_POINT('',(-0.0206295698801885,0.00308536655905181,-0.01651));
#2596=CARTESIAN_POINT('',(-0.0220962363040729,0.00426683790402833,-0.01651));
#2597=CARTESIAN_POINT('',(-0.0239223429545298,0.00648582919209458,-0.01651));
#2598=CARTESIAN_POINT('',(-0.0248327565339526,0.009278645037147,-0.01651));
#2599=CARTESIAN_POINT('',(-0.0241592063109905,0.0121399524026364,-0.01651));
#2600=CARTESIAN_POINT('',(-0.0224398359922921,0.0144431456532154,-0.01651));
#2601=CARTESIAN_POINT('',(-0.0202792157648922,0.0162846263635436,-0.01651));
#2602=CARTESIAN_POINT('',(-0.0178839243478569,0.0178048949330917,-0.01651));
#2603=CARTESIAN_POINT('',(-0.0161969345098198,0.0186486234935692,-0.01651));
#2604=CARTESIAN_POINT('',(-0.0153403568469842,0.01905,-0.01651));
#2605=CARTESIAN_POINT('',(-0.0153403568469842,0.01905,-0.01651));
#2606=CARTESIAN_POINT('',(-0.0153403568469842,0.01905,-0.01651));
#2607=CARTESIAN_POINT('',(-0.0163934421417009,0.0195434563611757,-0.01651));
#2608=CARTESIAN_POINT('',(-0.0184566243530744,0.0205957964506598,-0.01651));
#2609=CARTESIAN_POINT('',(-0.0213312486216912,0.0225786205881083,-0.01651));
#2610=CARTESIAN_POINT('',(-0.0233597558642925,0.0247209472045669,-0.01651));
#2611=CARTESIAN_POINT('',(-0.0243821176115347,0.0268326105754397,-0.01651));
#2612=CARTESIAN_POINT('',(-0.0246704319294224,0.0285804135690464,-0.01651));
#2613=CARTESIAN_POINT('',(-0.02437919656127,0.0303264403581098,-0.01651));
#2614=CARTESIAN_POINT('',(-0.0233524692315773,0.0324382129190307,-0.01651));
#2615=CARTESIAN_POINT('',(-0.0213351312069763,0.0345667745677203,-0.01651));
#2616=CARTESIAN_POINT('',(-0.0184592510232618,0.0365533014368655,-0.01651));
#2617=CARTESIAN_POINT('',(-0.0163930803254049,0.0376067131792726,-0.01651));
#2618=CARTESIAN_POINT('',(-0.0153403568469842,0.0381,-0.01651));
#2619=CARTESIAN_POINT('',(-0.0153403568469842,0.0381,-0.01651));
#2620=CARTESIAN_POINT('',(-0.0153403568469842,0.0381,-0.01651));
#2621=CARTESIAN_POINT('',(-0.016393442141701,0.0385934563611756,-0.01651));
#2622=CARTESIAN_POINT('',(-0.0184566243530748,0.0396457964506595,-0.01651));
#2623=CARTESIAN_POINT('',(-0.0213312486216904,0.0416286205881088,-0.01651));
#2624=CARTESIAN_POINT('',(-0.0233597558642937,0.0437709472045664,-0.01651));
#2625=CARTESIAN_POINT('',(-0.0243821176115363,0.0458826105754391,-0.01651));
#2626=CARTESIAN_POINT('',(-0.0246704319294239,0.0476304135690461,-0.01651));
#2627=CARTESIAN_POINT('',(-0.0243791965612711,0.0493764403581096,-0.01651));
#2628=CARTESIAN_POINT('',(-0.0233524692315781,0.0514882129190305,-0.01651));
#2629=CARTESIAN_POINT('',(-0.0213351312069764,0.0536167745677198,-0.01651));
#2630=CARTESIAN_POINT('',(-0.0184592510232622,0.0556033014368655,-0.01651));
#2631=CARTESIAN_POINT('',(-0.016393080325405,0.0566567131792725,-0.01651));
#2632=CARTESIAN_POINT('',(-0.0153403568469842,0.05715,-0.01651));
#2633=CARTESIAN_POINT('',(-0.0153403568469842,0.05715,-0.01651));
#2634=CARTESIAN_POINT('',(-0.0153403568469843,0.05715,-0.01651));
#2635=CARTESIAN_POINT('',(-0.0161976005241533,0.0575516885884731,-0.01651));
#2636=CARTESIAN_POINT('',(-0.017886596757092,0.0583970694800647,-0.0165100000000001));
#2637=CARTESIAN_POINT('',(-0.0202742767851656,0.0599111031964953,-0.01651));
#2638=CARTESIAN_POINT('',(-0.0224505669147496,0.0617672884088289,-0.01651));
#2639=CARTESIAN_POINT('',(-0.0241646085041424,0.0640690814946043,-0.01651));
#2640=CARTESIAN_POINT('',(-0.0248320391056816,0.0669422288191206,-0.01651));
#2641=CARTESIAN_POINT('',(-0.0239152587769073,0.0697232249887462,-0.01651));
#2642=CARTESIAN_POINT('',(-0.0220913176443622,0.0719376175887604,-0.01651));
#2643=CARTESIAN_POINT('',(-0.0206283443717529,0.0731154932288366,-0.01651));
#2644=CARTESIAN_POINT('',(-0.019852225458681,0.07366,-0.01651));
#2645=CARTESIAN_POINT('',(-0.0306395631920636,0.07366,-0.01651));
#2646=CARTESIAN_POINT('',(-0.029689866676789,0.0730286546264017,-0.01651));
#2647=CARTESIAN_POINT('',(-0.027899398756714,0.0716536763784577,-0.01651));
#2648=CARTESIAN_POINT('',(-0.0260669482840769,0.0694044855128026,-0.01651));
#2649=CARTESIAN_POINT('',(-0.0252740018541522,0.0672504600682349,-0.01651));
#2650=CARTESIAN_POINT('',(-0.0251626305358342,0.0655236791761819,-0.01651));
#2651=CARTESIAN_POINT('',(-0.0255730493527955,0.0638430925640824,-0.01651));
#2652=CARTESIAN_POINT('',(-0.0266557160352201,0.061826973693022,-0.01651));
#2653=CARTESIAN_POINT('',(-0.028644522567162,0.0597588288608157,-0.01651));
#2654=CARTESIAN_POINT('',(-0.0314528117325039,0.0578028887620349,-0.0165100000000001));
#2655=CARTESIAN_POINT('',(-0.0344538017004283,0.0562209093293684,-0.01651));
#2656=CARTESIAN_POINT('',(-0.0365448198803289,0.0553374530947672,-0.01651));
#2657=CARTESIAN_POINT('',(-0.0375715884269299,0.0548601193950588,-0.01651));
#2658=CARTESIAN_POINT('',(-0.0508,5.78241158658936E-19,0.01651));
#2659=CARTESIAN_POINT('',(-0.0375746569008632,0.0548586925005775,0.01651));
#2660=CARTESIAN_POINT('',(-0.0375746569008634,0.0548586925005775,0.01651));
#2661=CARTESIAN_POINT('',(-0.0375746569008632,0.00254,0.01651));
#2662=CARTESIAN_POINT('',(-0.0375746569008633,0.0548586925005775,0.01651));
#2663=CARTESIAN_POINT('',(-0.0365481701857376,0.0553359454146331,0.01651));
#2664=CARTESIAN_POINT('',(-0.0344570815603583,0.0562196301654764,0.01651));
#2665=CARTESIAN_POINT('',(-0.031458937805946,0.0577989532701105,0.01651));
#2666=CARTESIAN_POINT('',(-0.0286448311452115,0.0597587361289676,0.01651));
#2667=CARTESIAN_POINT('',(-0.0266586706744606,0.0618228216059317,0.01651));
#2668=CARTESIAN_POINT('',(-0.0255731649559819,0.0638422840622658,0.01651));
#2669=CARTESIAN_POINT('',(-0.0251632861726853,0.0655214618054055,0.01651));
#2670=CARTESIAN_POINT('',(-0.0252727761321455,0.0672430185025682,0.01651));
#2671=CARTESIAN_POINT('',(-0.0258653251512149,0.068861830318915,0.01651));
#2672=CARTESIAN_POINT('',(-0.0268036441729689,0.070306098001056,0.01651));
#2673=CARTESIAN_POINT('',(-0.0283263282615273,0.0719782459832904,0.01651));
#2674=CARTESIAN_POINT('',(-0.0296895137973215,0.073028419990685,0.01651));
#2675=CARTESIAN_POINT('',(-0.030639563256981,0.07366,0.01651));
#2676=CARTESIAN_POINT('',(-0.0198522258195103,0.07366,0.01651));
#2677=CARTESIAN_POINT('',(-0.0206295306737778,0.0731146607172267,0.01651));
#2678=CARTESIAN_POINT('',(-0.0220961272309228,0.0719332549067171,0.01651));
#2679=CARTESIAN_POINT('',(-0.0239221755708157,0.069714408635066,0.01651));
#2680=CARTESIAN_POINT('',(-0.0248327043122564,0.0669218186439281,0.01651));
#2681=CARTESIAN_POINT('',(-0.0241594695752301,0.0640605655642442,0.01651));
#2682=CARTESIAN_POINT('',(-0.0224402960587418,0.0617574277994516,0.01651));
#2683=CARTESIAN_POINT('',(-0.0202800357089695,0.059915692509507,0.01651));
#2684=CARTESIAN_POINT('',(-0.0178843467943087,0.0583963246342773,0.01651));
#2685=CARTESIAN_POINT('',(-0.016198800311925,0.0575502424343913,0.01651));
#2686=CARTESIAN_POINT('',(-0.0153415912415614,0.05715,0.01651));
#2687=CARTESIAN_POINT('',(-0.0153415912415614,0.05715,0.01651));
#2688=CARTESIAN_POINT('',(-0.0153415912415614,0.05715,0.01651));
#2689=CARTESIAN_POINT('',(-0.016394257574556,0.0566584959430716,0.01651));
#2690=CARTESIAN_POINT('',(-0.0184536114503716,0.0556039458897533,0.01651));
#2691=CARTESIAN_POINT('',(-0.0213242517610956,0.0536291328435769,0.0165100000000001));
#2692=CARTESIAN_POINT('',(-0.0233553247708097,0.0514796603901805,0.01651));
#2693=CARTESIAN_POINT('',(-0.0243711547623815,0.0493975404817759,0.01651));
#2694=CARTESIAN_POINT('',(-0.0246714788875067,0.0476437729838877,0.01651));
#2695=CARTESIAN_POINT('',(-0.0243857831465708,0.0458923783220238,0.01651));
#2696=CARTESIAN_POINT('',(-0.023360799204689,0.0437710937364091,0.01651));
#2697=CARTESIAN_POINT('',(-0.0213398491707721,0.0416371642647477,0.01651));
#2698=CARTESIAN_POINT('',(-0.0184710513292165,0.0396546615593059,0.01651));
#2699=CARTESIAN_POINT('',(-0.0163967814568303,0.038592682491479,0.01651));
#2700=CARTESIAN_POINT('',(-0.0153415912415615,0.0381,0.01651));
#2701=CARTESIAN_POINT('',(-0.0153415912415615,0.0381,0.01651));
#2702=CARTESIAN_POINT('',(-0.0153415912415615,0.0381,0.01651));
#2703=CARTESIAN_POINT('',(-0.0163942575745562,0.0376084959430716,0.01651));
#2704=CARTESIAN_POINT('',(-0.0184536114503716,0.0365539458897522,0.01651));
#2705=CARTESIAN_POINT('',(-0.0213242517610973,0.0345791328435768,0.01651));
#2706=CARTESIAN_POINT('',(-0.0233553247708109,0.0324296603901804,0.01651));
#2707=CARTESIAN_POINT('',(-0.0243711547623818,0.0303475404817759,0.01651));
#2708=CARTESIAN_POINT('',(-0.0246714788875068,0.0285937729838875,0.01651));
#2709=CARTESIAN_POINT('',(-0.0243857831465712,0.0268423783220236,0.01651));
#2710=CARTESIAN_POINT('',(-0.0233607992046903,0.0247210937364082,0.01651));
#2711=CARTESIAN_POINT('',(-0.0213398491707723,0.0225871642647473,0.01651));
#2712=CARTESIAN_POINT('',(-0.0184710513292162,0.0206046615593063,0.01651));
#2713=CARTESIAN_POINT('',(-0.0163967814568301,0.0195426824914789,0.01651));
#2714=CARTESIAN_POINT('',(-0.0153415912415613,0.01905,0.01651));
#2715=CARTESIAN_POINT('',(-0.0153415912415613,0.01905,0.01651));
#2716=CARTESIAN_POINT('',(-0.0153415912415613,0.01905,0.01651));
#2717=CARTESIAN_POINT('',(-0.0161983041493297,0.018649989230592,0.01651));
#2718=CARTESIAN_POINT('',(-0.0178836820323427,0.0178033698093048,0.0165100000000001));
#2719=CARTESIAN_POINT('',(-0.020267852008021,0.0162936884980073,0.0165099999999999));
#2720=CARTESIAN_POINT('',(-0.0224439105899657,0.0144390959991356,0.01651));
#2721=CARTESIAN_POINT('',(-0.0241522776137112,0.0121492240477415,0.01651));
#2722=CARTESIAN_POINT('',(-0.0248345389811612,0.0092920464825806,0.01651));
#2723=CARTESIAN_POINT('',(-0.0239249565249973,0.00648960882359627,0.0165099999999998));
#2724=CARTESIAN_POINT('',(-0.022103616965863,0.00427395858853845,0.0165100000000007));
#2725=CARTESIAN_POINT('',(-0.0206305879936504,0.00308608107417902,0.01651));
#2726=CARTESIAN_POINT('',(-0.0198522258195122,0.00254,0.01651));
#2727=CARTESIAN_POINT('',(-0.0198522258195122,0.00254,0.01651));
#2728=CARTESIAN_POINT('',(-0.0508,0.00254,0.01651));
#2729=CARTESIAN_POINT('',(-0.0508,0.00254,0.01905));
#2730=CARTESIAN_POINT('',(-0.0198522258195122,0.00254,0.01651));
#2731=CARTESIAN_POINT('',(-0.0189061700246066,0.00254,0.0161727547064543));
#2732=CARTESIAN_POINT('',(-0.0170170609645271,0.00254000000000006,0.0154870620414302));
#2733=CARTESIAN_POINT('',(-0.0141653804247494,0.00253999999999999,0.0145257398127768));
#2734=CARTESIAN_POINT('',(-0.0115049338596864,0.00254,0.0130122592055815));
#2735=CARTESIAN_POINT('',(-0.00921456845961107,0.00254,0.0110695979363673));
#2736=CARTESIAN_POINT('',(-0.0073038499364621,0.00254,0.00865323251355745));
#2737=CARTESIAN_POINT('',(-0.0059018315356983,0.00254,0.00598834180226784));
#2738=CARTESIAN_POINT('',(-0.00503928754626468,0.00254000000000001,0.00306008085187657));
#2739=CARTESIAN_POINT('',(-0.00473054935614926,0.00254,5.89017038326752E-5));
#2740=CARTESIAN_POINT('',(-0.00502635481091881,0.00254,-0.00299234521377137));
#2741=CARTESIAN_POINT('',(-0.00585721947711241,0.00254,-0.00587911910211472));
#2742=CARTESIAN_POINT('',(-0.00727133755300378,0.00254,-0.00860240179964813));
#2743=CARTESIAN_POINT('',(-0.00913074241072958,0.00254,-0.0109819400993446));
#2744=CARTESIAN_POINT('',(-0.0114520355354849,0.00254000000000005,-0.0129765357284207));
#2745=CARTESIAN_POINT('',(-0.0140804378719292,0.00254,-0.0144898095977117));
#2746=CARTESIAN_POINT('',(-0.0169854654398722,0.00254,-0.0154786773742821));
#2747=CARTESIAN_POINT('',(-0.0188944051074662,0.00254000000000001,-0.0161685612767398));
#2748=CARTESIAN_POINT('',(-0.0198522254586808,0.00254000000000001,-0.01651));
#2749=CARTESIAN_POINT('',(-0.0301635328159785,0.00254,6.88556429561478E-7));
#2750=CARTESIAN_POINT('',(-0.0244178972301174,0.0737520270653494,0.0181846856507281));
#2751=CARTESIAN_POINT('',(-0.0231257748031826,0.0737520214587369,0.0177240415218444));
#2752=CARTESIAN_POINT('',(-0.0212943960695724,0.0737520373441395,0.0170713009927304));
#2753=CARTESIAN_POINT('',(-0.0190336343693245,0.0737520152681018,0.0162652581474268));
#2754=CARTESIAN_POINT('',(-0.0177477005147936,0.0737520438436091,0.0158070327896295));
#2755=CARTESIAN_POINT('',(-0.016657764605247,0.0737519838449599,0.0154181253820425));
#2756=CARTESIAN_POINT('',(-0.0157092336557089,0.0737521973262116,0.0150813354406554));
#2757=CARTESIAN_POINT('',(-0.0148520286445885,0.0737520780863514,0.0147607502191358));
#2758=CARTESIAN_POINT('',(-0.0140946550361536,0.073751957557832,0.0144446582432164));
#2759=CARTESIAN_POINT('',(-0.0133704348551322,0.0737520483552913,0.0140945698233939));
#2760=CARTESIAN_POINT('',(-0.0125495095733823,0.0737520083255546,0.0136420584722305));
#2761=CARTESIAN_POINT('',(-0.0115896151031324,0.0737520981690003,0.0130319313746118));
#2762=CARTESIAN_POINT('',(-0.0104287598269952,0.0737522156649411,0.0121571564863224));
#2763=CARTESIAN_POINT('',(-0.00906895021741696,0.0737518853536254,0.0109028916823901));
#2764=CARTESIAN_POINT('',(-0.00769233326303347,0.0737524559870498,0.00924127923862271));
#2765=CARTESIAN_POINT('',(-0.0064407320904993,0.073752212958988,0.00717575167938227));
#2766=CARTESIAN_POINT('',(-0.0056196814859489,0.0737519453420584,0.00520670954952101));
#2767=CARTESIAN_POINT('',(-0.00511475813895746,0.0737525007514664,0.00334084466812021));
#2768=CARTESIAN_POINT('',(-0.00484550628896715,0.0737523305598944,0.00164402399089723));
#2769=CARTESIAN_POINT('',(-0.00475793630437413,0.073751876673994,8.16619684660114E-6));
#2770=CARTESIAN_POINT('',(-0.00484367410697686,0.073752325216668,-0.00162635786843065));
#2771=CARTESIAN_POINT('',(-0.00511098645690722,0.0737525030040821,-0.0033231840863399));
#2772=CARTESIAN_POINT('',(-0.0056137930852766,0.0737519504673097,-0.0051894866691183));
#2773=CARTESIAN_POINT('',(-0.00643223963084334,0.0737522070470205,-0.00715910767323316));
#2774=CARTESIAN_POINT('',(-0.00768141539493732,0.0737524319470478,-0.00922586179679787));
#2775=CARTESIAN_POINT('',(-0.00905617473724935,0.0737519392100965,-0.0108892947566722));
#2776=CARTESIAN_POINT('',(-0.0104151501431467,0.0737520725339836,-0.0121460611678643));
#2777=CARTESIAN_POINT('',(-0.0115731918553113,0.0737520459354418,-0.0130207978782674));
#2778=CARTESIAN_POINT('',(-0.0124945870561774,0.073751999319398,-0.0136076260140993));
#2779=CARTESIAN_POINT('',(-0.0131890172857985,0.0737520843249974,-0.0139956018731206));
#2780=CARTESIAN_POINT('',(-0.0137252773194639,0.0737520211513693,-0.0142677713143948));
#2781=CARTESIAN_POINT('',(-0.0142418827575851,0.0737520203271144,-0.0145065049831544));
#2782=CARTESIAN_POINT('',(-0.0148865562926981,0.0737520148664354,-0.0147736571065442));
#2783=CARTESIAN_POINT('',(-0.0156885225269855,0.0737520265158672,-0.0150738624904635));
#2784=CARTESIAN_POINT('',(-0.016633263241342,0.0737520709936869,-0.0154113764959496));
#2785=CARTESIAN_POINT('',(-0.0177237108913235,0.0737520100157729,-0.0157977115909837));
#2786=CARTESIAN_POINT('',(-0.0190095047851443,0.0737520390589375,-0.0162571990620108));
#2787=CARTESIAN_POINT('',(-0.0212759444152278,0.0737520166154905,-0.017064250770725));
#2788=CARTESIAN_POINT('',(-0.0231030436991706,0.0737520327652725,-0.0177161962805439));
#2789=CARTESIAN_POINT('',(-0.0243965648921036,0.0737520270653494,-0.0181770812119146));
#2790=CARTESIAN_POINT('',(-0.0246638113507955,0.0722514954357505,0.0174948355154319));
#2791=CARTESIAN_POINT('',(-0.0233717881856375,0.0722514904344788,0.0170342321784259));
#2792=CARTESIAN_POINT('',(-0.0215401282103275,0.072251504604749,0.016381376072325));
#2793=CARTESIAN_POINT('',(-0.0192797573533221,0.0722514849122409,0.0155754938450395));
#2794=CARTESIAN_POINT('',(-0.0179951517977864,0.072251510402476,0.0151177144321865));
#2795=CARTESIAN_POINT('',(-0.0169025315991506,0.0722514568818195,0.0147279080076722));
#2796=CARTESIAN_POINT('',(-0.0159581848790362,0.072251647318987,0.0143924040542715));
#2797=CARTESIAN_POINT('',(-0.0151181144905881,0.0722515407570188,0.0140781976095025));
#2798=CARTESIAN_POINT('',(-0.0143940135722678,0.0722514335292412,0.0137759038738025));
#2799=CARTESIAN_POINT('',(-0.0137078077592116,0.0722515143989378,0.0134440949237388));
#2800=CARTESIAN_POINT('',(-0.0129239762633898,0.0722514787396694,0.0130121545997851));
#2801=CARTESIAN_POINT('',(-0.0120085510988533,0.0722515587957092,0.0124301490669517));
#2802=CARTESIAN_POINT('',(-0.0108993510352466,0.0722516635835593,0.0115942467987875));
#2803=CARTESIAN_POINT('',(-0.0096029360507263,0.0722513691145671,0.0103985926234553));
#2804=CARTESIAN_POINT('',(-0.00829301371306187,0.07225187770694,0.00881691040187478));
#2805=CARTESIAN_POINT('',(-0.00709505195777248,0.0722516610537537,0.00684009886515465));
#2806=CARTESIAN_POINT('',(-0.00631438753292444,0.0722514225427382,0.00496837531314159));
#2807=CARTESIAN_POINT('',(-0.00583262776914026,0.0722519177716493,0.00318731139267573));
#2808=CARTESIAN_POINT('',(-0.00557530844082251,0.0722517659288739,0.00156582891840137));
#2809=CARTESIAN_POINT('',(-0.00549157107353295,0.0722513613984887,7.74572565848378E-6));
#2810=CARTESIAN_POINT('',(-0.00557355695408526,0.0722517611632885,-0.00154894874528698));
#2811=CARTESIAN_POINT('',(-0.00582902334625792,0.0722519197817936,-0.0031704363805945));
#2812=CARTESIAN_POINT('',(-0.0063087858421921,0.0722514271096733,-0.00495198125436017));
#2813=CARTESIAN_POINT('',(-0.007086947862296,0.0722516557864619,-0.0068242219797103));
#2814=CARTESIAN_POINT('',(-0.00828257920351927,0.0722518562720651,-0.00880219908944156));
#2815=CARTESIAN_POINT('',(-0.0095907810207163,0.0722514171355324,-0.010385610708839));
#2816=CARTESIAN_POINT('',(-0.0108865086803564,0.0722515359669181,-0.0115839336107245));
#2817=CARTESIAN_POINT('',(-0.0119925613489374,0.0722515122514642,-0.0124193912976811));
#2818=CARTESIAN_POINT('',(-0.0128715590955575,0.0722514707103207,-0.0129792783620359));
#2819=CARTESIAN_POINT('',(-0.0135346189386722,0.0722515464583627,-0.0133496466611109));
#2820=CARTESIAN_POINT('',(-0.0140458774101099,0.0722514901863368,-0.0136091096943365));
#2821=CARTESIAN_POINT('',(-0.0145341798669126,0.0722514893932582,-0.0138347540805519));
#2822=CARTESIAN_POINT('',(-0.0151532961157567,0.0722514845186313,-0.0140914523273928));
#2823=CARTESIAN_POINT('',(-0.0159365122193837,0.0722514949825069,-0.0143847230941076));
#2824=CARTESIAN_POINT('',(-0.0168779756187352,0.0722515345958314,-0.014721065459374));
#2825=CARTESIAN_POINT('',(-0.0179700914356213,0.0722514802368416,-0.0151080403418487));
#2826=CARTESIAN_POINT('',(-0.0192550907983896,0.0722515061274794,-0.0155672230885782));
#2827=CARTESIAN_POINT('',(-0.0215221444116881,0.0722514861201846,-0.0163745102765772));
#2828=CARTESIAN_POINT('',(-0.0233488018876041,0.0722515005169684,-0.0170262863409849));
#2829=CARTESIAN_POINT('',(-0.0246424790127819,0.0722514954357505,-0.0174872310766185));
#2830=CARTESIAN_POINT('',(-0.0249617882394197,0.0693780574099637,0.0166589363959922));
#2831=CARTESIAN_POINT('',(-0.0236698851249328,0.0693780546517619,0.0161983828062404));
#2832=CARTESIAN_POINT('',(-0.0218378850060562,0.069378062466667,0.0155453857495863));
#2833=CARTESIAN_POINT('',(-0.0195779868485634,0.0693780516062474,0.014739699402113));
#2834=CARTESIAN_POINT('',(-0.0182949919605662,0.0693780656641123,0.0142824587188217));
#2835=CARTESIAN_POINT('',(-0.0171991167543699,0.0693780361474646,0.01389156636001));
#2836=CARTESIAN_POINT('',(-0.0162599220027421,0.0693781411712361,0.0135576345408689));
#2837=CARTESIAN_POINT('',(-0.0154403730810795,0.0693780822150329,0.0132510749174052));
#2838=CARTESIAN_POINT('',(-0.0147567465248919,0.0693780233563255,0.012965568061921));
#2839=CARTESIAN_POINT('',(-0.0141166127238048,0.0693780678422236,0.0126559100875863));
#2840=CARTESIAN_POINT('',(-0.0133777018536047,0.0693780482221654,0.0122488815005604));
#2841=CARTESIAN_POINT('',(-0.0125162852734536,0.0693780922835804,0.0117010252862638));
#2842=CARTESIAN_POINT('',(-0.0114695384734734,0.0693781500647102,0.0109121276432136));
#2843=CARTESIAN_POINT('',(-0.0102499222172606,0.0693779878299585,0.00978747114323529));
#2844=CARTESIAN_POINT('',(-0.00902106736991651,0.0693782678880006,0.00830292977453515));
#2845=CARTESIAN_POINT('',(-0.00788774983501363,0.0693781485485914,0.00643303363959971));
#2846=CARTESIAN_POINT('',(-0.00715624505164913,0.0693780171877035,0.0046797789603773));
#2847=CARTESIAN_POINT('',(-0.00670251681882003,0.0693782901486847,0.00300134210211016));
#2848=CARTESIAN_POINT('',(-0.00645961814885295,0.0693782063378689,0.00147088225582405));
#2849=CARTESIAN_POINT('',(-0.00638052441869762,0.0693779836128984,7.23225901585833E-6));
#2850=CARTESIAN_POINT('',(-0.00645796429077637,0.0693782037096481,-0.00145495162844404));
#2851=CARTESIAN_POINT('',(-0.00669911435713942,0.0693782912587517,-0.00298541636499783));
#2852=CARTESIAN_POINT('',(-0.00715099195069152,0.0693780197007177,-0.00466439208642519));
#2853=CARTESIAN_POINT('',(-0.00788011551971185,0.0693781456507154,-0.00641808557329508));
#2854=CARTESIAN_POINT('',(-0.00901122267708256,0.0693782560737902,-0.00828907628357895));
#2855=CARTESIAN_POINT('',(-0.0102385105757791,0.0693780142977323,-0.00977522850540878));
#2856=CARTESIAN_POINT('',(-0.0114576883287467,0.0693780797350202,-0.0109028214610638));
#2857=CARTESIAN_POINT('',(-0.0125007206364884,0.0693780666703948,-0.0116906613747704));
#2858=CARTESIAN_POINT('',(-0.0133283301263543,0.0693780437940195,-0.0122178973172429));
#2859=CARTESIAN_POINT('',(-0.0139533563493573,0.0693780855024228,-0.0125669151211857));
#2860=CARTESIAN_POINT('',(-0.0144343929904647,0.0693780545354562,-0.0128110222296505));
#2861=CARTESIAN_POINT('',(-0.0148883116985344,0.0693780540520367,-0.0130207640501765));
#2862=CARTESIAN_POINT('',(-0.0154764837231934,0.0693780513604953,-0.0132648098356603));
#2863=CARTESIAN_POINT('',(-0.0162369843131554,0.0693780571869641,-0.0135496778880212));
#2864=CARTESIAN_POINT('',(-0.0171745164505195,0.0693780789834247,-0.0138846115457311));
#2865=CARTESIAN_POINT('',(-0.0182686256902303,0.0693780490368179,-0.0142723565505276));
#2866=CARTESIAN_POINT('',(-0.0195526756058357,0.0693780633000843,-0.0147311724957717));
#2867=CARTESIAN_POINT('',(-0.0218204629155954,0.0693780522779776,-0.0155387431339322));
#2868=CARTESIAN_POINT('',(-0.0236465924406195,0.0693780602092288,-0.0161903152342028));
#2869=CARTESIAN_POINT('',(-0.0249404559014063,0.0693780574099637,-0.0166513319571789));
#2870=CARTESIAN_POINT('',(-0.0249878882280506,0.0650621371196126,0.0165857194508299));
#2871=CARTESIAN_POINT('',(-0.0236959955986979,0.0650621387762521,0.0161251702244942));
#2872=CARTESIAN_POINT('',(-0.0218639657719405,0.0650621340824397,0.0154721608048278));
#2873=CARTESIAN_POINT('',(-0.0196041088996654,0.0650621406054588,0.0146664916383056));
#2874=CARTESIAN_POINT('',(-0.0183212552449215,0.0650621321619803,0.0142092981119948));
#2875=CARTESIAN_POINT('',(-0.0172250946073649,0.0650621498903611,0.0138183106998906));
#2876=CARTESIAN_POINT('',(-0.016286354733664,0.0650620868108911,0.0134845172320886));
#2877=CARTESIAN_POINT('',(-0.0154685928497096,0.0650621222290257,0.0131786238274046));
#2878=CARTESIAN_POINT('',(-0.0147885181217373,0.0650621575695713,0.0128945901354005));
#2879=CARTESIAN_POINT('',(-0.0141524206026839,0.0650621308547844,0.0125868726515058));
#2880=CARTESIAN_POINT('',(-0.0134174429694241,0.0650621426371785,0.0121820253253353));
#2881=CARTESIAN_POINT('',(-0.0125607631912346,0.0650621161767218,0.0116371639887601));
#2882=CARTESIAN_POINT('',(-0.011519479850892,0.0650620814720299,0.0108523787357508));
#2883=CARTESIAN_POINT('',(-0.0103065897086187,0.0650621789074623,0.00973393973827735));
#2884=CARTESIAN_POINT('',(-0.00908484786485874,0.0650620107163099,0.00825792152407979));
#2885=CARTESIAN_POINT('',(-0.00795717525878872,0.0650620823879643,0.00639736116149848));
#2886=CARTESIAN_POINT('',(-0.00722998763562734,0.0650621612798127,0.00465451035581886));
#2887=CARTESIAN_POINT('',(-0.00677871258105323,0.0650619973380537,0.00298505635814292));
#2888=CARTESIAN_POINT('',(-0.0065370752313975,0.0650620476810338,0.00146255612367645));
#2889=CARTESIAN_POINT('',(-0.00645838850769754,0.0650621814383502,7.18708493210189E-6));
#2890=CARTESIAN_POINT('',(-0.0065354299199716,0.0650620492596273,-0.00144670852663006));
#2891=CARTESIAN_POINT('',(-0.00677532777340641,0.0650619966712371,-0.00296921364070741));
#2892=CARTESIAN_POINT('',(-0.0072247651223544,0.0650621597706976,-0.00463921184469239));
#2893=CARTESIAN_POINT('',(-0.00794958205681808,0.0650620841281784,-0.0063824944154669));
#2894=CARTESIAN_POINT('',(-0.00907505504026005,0.0650620178119722,-0.00824414325973965));
#2895=CARTESIAN_POINT('',(-0.0102952427542762,0.0650621630108181,-0.00972176159575784));
#2896=CARTESIAN_POINT('',(-0.0115077197530528,0.0650621237118293,-0.0108431636190594));
#2897=CARTESIAN_POINT('',(-0.0125452308434823,0.0650621315580486,-0.0116268315083418));
#2898=CARTESIAN_POINT('',(-0.0133683385215832,0.0650621452969481,-0.012151207198804));
#2899=CARTESIAN_POINT('',(-0.0139900321981625,0.0650621202483615,-0.0124983541647846));
#2900=CARTESIAN_POINT('',(-0.0144684253966927,0.0650621388453885,-0.0127411182511491));
#2901=CARTESIAN_POINT('',(-0.0149193279086803,0.0650621391373773,-0.0129494650197956));
#2902=CARTESIAN_POINT('',(-0.0155047908921985,0.0650621407541028,-0.0131924033765591));
#2903=CARTESIAN_POINT('',(-0.0162633021337555,0.0650621372526652,-0.0134765354655376));
#2904=CARTESIAN_POINT('',(-0.0172004913690726,0.0650621241630041,-0.0138113461169832));
#2905=CARTESIAN_POINT('',(-0.0182947742213739,0.065062142148364,-0.0141991584229363));
#2906=CARTESIAN_POINT('',(-0.0195787414470556,0.0650621335821187,-0.0146579423133191));
#2907=CARTESIAN_POINT('',(-0.0218465926564266,0.0650621402017856,-0.0154655377222507));
#2908=CARTESIAN_POINT('',(-0.0236726762007778,0.0650621354384272,-0.0161170919980511));
#2909=CARTESIAN_POINT('',(-0.0249665558900372,0.0650621371196125,-0.0165781150120166));
#2910=CARTESIAN_POINT('',(-0.0246803804117309,0.0608954954369963,0.0174483551876789));
#2911=CARTESIAN_POINT('',(-0.0233883639741533,0.0608955007514354,0.0169877545991019));
#2912=CARTESIAN_POINT('',(-0.0215566849373644,0.0608954856938577,0.0163348907057862));
#2913=CARTESIAN_POINT('',(-0.0192963405702106,0.0608955066194623,0.015529019300439));
#2914=CARTESIAN_POINT('',(-0.0180118243103399,0.0608954795330917,0.0150712699343343));
#2915=CARTESIAN_POINT('',(-0.0169190236747962,0.0608955364050814,0.0146814029361354));
#2916=CARTESIAN_POINT('',(-0.0159749557548032,0.0608953340428242,0.0143459850554309));
#2917=CARTESIAN_POINT('',(-0.0151360487377434,0.0608954473313927,0.0140322114269487));
#2918=CARTESIAN_POINT('',(-0.014414184076226,0.0608955611937246,0.0137308450705077));
#2919=CARTESIAN_POINT('',(-0.0137305386940937,0.060895475294057,0.0134002674120273));
#2920=CARTESIAN_POINT('',(-0.0129492077897732,0.060895513172856,0.0129697138442139));
#2921=CARTESIAN_POINT('',(-0.0120367732341021,0.06089542812854,0.0123895996549238));
#2922=CARTESIAN_POINT('',(-0.0109310598494695,0.0608953167842353,0.0115563208603609));
#2923=CARTESIAN_POINT('',(-0.00963891685622651,0.0608956296432002,0.010364616908973));
#2924=CARTESIAN_POINT('',(-0.00833347714847417,0.0608950893246709,0.00878830681585937));
#2925=CARTESIAN_POINT('',(-0.00713914524700104,0.0608953195051466,0.00681749930906075));
#2926=CARTESIAN_POINT('',(-0.00636119160139726,0.0608955728951483,0.00495230805619198));
#2927=CARTESIAN_POINT('',(-0.00588099461663421,0.0608950467111165,0.00317696357427667));
#2928=CARTESIAN_POINT('',(-0.00562448087084358,0.0608952080732077,0.00156056916941214));
#2929=CARTESIAN_POINT('',(-0.00554100137747281,0.0608956378339136,7.71757826996116E-6));
#2930=CARTESIAN_POINT('',(-0.00562273482429356,0.0608952131370596,-0.00154374208131865));
#2931=CARTESIAN_POINT('',(-0.00587740149638336,0.0608950445748282,-0.00316014160824746));
#2932=CARTESIAN_POINT('',(-0.00635560918021652,0.0608955680436965,-0.00493596971091154));
#2933=CARTESIAN_POINT('',(-0.00713106734859655,0.060895325100417,-0.00680167414292906));
#2934=CARTESIAN_POINT('',(-0.00832307501755932,0.0608951120992843,-0.00877364300661618));
#2935=CARTESIAN_POINT('',(-0.00962680402476734,0.0608955786206466,-0.0103516766539421));
#2936=CARTESIAN_POINT('',(-0.010918266308346,0.0608954523757675,-0.0115460577866221));
#2937=CARTESIAN_POINT('',(-0.0120208172068802,0.0608954775727326,-0.0123788700137222));
#2938=CARTESIAN_POINT('',(-0.0128969589242455,0.0608955217041827,-0.0129369421523996));
#2939=CARTESIAN_POINT('',(-0.0135579061993107,0.0608954412339906,-0.0133061247616563));
#2940=CARTESIAN_POINT('',(-0.0140674767042738,0.0608955010084058,-0.0135647298298011));
#2941=CARTESIAN_POINT('',(-0.0145538763330112,0.0608955018660522,-0.0137894942639413));
#2942=CARTESIAN_POINT('',(-0.0151712692540865,0.0608955070468732,-0.0140454873834507));
#2943=CARTESIAN_POINT('',(-0.0159532216559565,0.0608954959093992,-0.0143382908560204));
#2944=CARTESIAN_POINT('',(-0.0168944632047733,0.0608954538317758,-0.0146745540170405));
#2945=CARTESIAN_POINT('',(-0.0179866921187987,0.060895511584919,-0.0150615720903652));
#2946=CARTESIAN_POINT('',(-0.0192716376145418,0.0608954840776801,-0.015520734265729));
#2947=CARTESIAN_POINT('',(-0.0215387328542179,0.0608955053342225,-0.0163280373504925));
#2948=CARTESIAN_POINT('',(-0.0233653603767608,0.0608954900385092,-0.0169798019759588));
#2949=CARTESIAN_POINT('',(-0.0246590480737171,0.0608954954369963,-0.0174407507488656));
#2950=CARTESIAN_POINT('',(-0.0242212981109267,0.0583471968486606,0.0187361949686915));
#2951=CARTESIAN_POINT('',(-0.022929096310201,0.0583472030269545,0.0182755181449569));
#2952=CARTESIAN_POINT('',(-0.0210979424689959,0.0583471855217879,0.0176228702512539));
#2953=CARTESIAN_POINT('',(-0.0188368682344539,0.0583472098488213,0.0168166986699754));
#2954=CARTESIAN_POINT('',(-0.0175498725446358,0.058347178359595,0.0163581172202281));
#2955=CARTESIAN_POINT('',(-0.0164620824355841,0.0583472444760362,0.0159699276523689));
#2956=CARTESIAN_POINT('',(-0.015510191018142,0.0583470092292879,0.0156321070947298));
#2957=CARTESIAN_POINT('',(-0.0146393331779696,0.058347140451906,0.0153064379317204));
#2958=CARTESIAN_POINT('',(-0.0138553289837569,0.0583472735290906,0.0149793016652614));
#2959=CARTESIAN_POINT('',(-0.0131007169217928,0.0583471733628572,0.0146145997242952));
#2960=CARTESIAN_POINT('',(-0.012250140904685,0.0583472175177079,0.0141456449581723));
#2961=CARTESIAN_POINT('',(-0.0112546731920244,0.0583471184337735,0.0135130229613923));
#2962=CARTESIAN_POINT('',(-0.010052545403791,0.0583469889398238,0.012607188027187));
#2963=CARTESIAN_POINT('',(-0.00864205746067419,0.0583473530909977,0.0113060695437313));
#2964=CARTESIAN_POINT('',(-0.00721207602898388,0.058346723882119,0.00958050632355099));
#2965=CARTESIAN_POINT('',(-0.00591765344297936,0.0583469918159766,0.00744415454324889));
#2966=CARTESIAN_POINT('',(-0.00506427724351567,0.0583472869047388,0.00539721486978471));
#2967=CARTESIAN_POINT('',(-0.00454084090300671,0.0583466746807545,0.00346357688782082));
#2968=CARTESIAN_POINT('',(-0.0042620563092569,0.058346862192746,0.0017065723634061));
#2969=CARTESIAN_POINT('',(-0.00417142306627395,0.058347362682281,8.50303351973265E-6));
#2970=CARTESIAN_POINT('',(-0.00426015964756641,0.0583468680813145,-0.00168827838420798));
#2971=CARTESIAN_POINT('',(-0.00453693562463601,0.0583466721992789,-0.00344528872902275));
#2972=CARTESIAN_POINT('',(-0.00505815941413952,0.0583472812522414,-0.00537932887389618));
#2973=CARTESIAN_POINT('',(-0.00590885065257737,0.0583469983366836,-0.00742689737509308));
#2974=CARTESIAN_POINT('',(-0.00720077102089192,0.0583467503815239,-0.00956452392805739));
#2975=CARTESIAN_POINT('',(-0.00862878739166801,0.0583472937252829,-0.0112919820606392));
#2976=CARTESIAN_POINT('',(-0.0100383115359468,0.058347146718201,-0.0125954569326822));
#2977=CARTESIAN_POINT('',(-0.0112379208201768,0.0583471760398878,-0.0135015996962594));
#2978=CARTESIAN_POINT('',(-0.0121932138923243,0.0583472274451569,-0.0141099672920562));
#2979=CARTESIAN_POINT('',(-0.01291272716042,0.0583471337027793,-0.014512022430009));
#2980=CARTESIAN_POINT('',(-0.013468962588978,0.0583472033879018,-0.014794343123886));
#2981=CARTESIAN_POINT('',(-0.0140082103544698,0.0583472042467979,-0.0150435483872913));
#2982=CARTESIAN_POINT('',(-0.0146733123406237,0.0583472102611516,-0.0153190556606739));
#2983=CARTESIAN_POINT('',(-0.015490268207898,0.0583471974850202,-0.0156248051135504));
#2984=CARTESIAN_POINT('',(-0.0164376205978138,0.058347148418476,-0.0159632534411302));
#2985=CARTESIAN_POINT('',(-0.0175267405423985,0.0583472156455053,-0.0163490782245491));
#2986=CARTESIAN_POINT('',(-0.0188131668088937,0.0583471836259503,-0.0168088087518458));
#2987=CARTESIAN_POINT('',(-0.0210791177655563,0.058347208369438,-0.0176156726359691));
#2988=CARTESIAN_POINT('',(-0.0229065686875147,0.0583471905646001,-0.0182677532999908));
#2989=CARTESIAN_POINT('',(-0.0241999657729125,0.0583471968486605,-0.0187285905298781));
#2990=CARTESIAN_POINT('',(-0.0239047111329691,0.0570716839029711,0.0196243000070471));
#2991=CARTESIAN_POINT('',(-0.0226123815961905,0.0570716899912014,0.0191635711148005));
#2992=CARTESIAN_POINT('',(-0.0207815896738012,0.0570716727412153,0.0185110707485482));
#2993=CARTESIAN_POINT('',(-0.0185200124785538,0.0570716967136227,0.017704694147504));
#2994=CARTESIAN_POINT('',(-0.0172313064868992,0.0570716656834291,0.0172455363184449));
#2995=CARTESIAN_POINT('',(-0.0161469726522929,0.0570717308360497,0.01685850890949));
#2996=CARTESIAN_POINT('',(-0.0151897798845832,0.0570714990381175,0.0165190468301273));
#2997=CARTESIAN_POINT('',(-0.0142966094705066,0.0570716281713781,0.016185078775043));
#2998=CARTESIAN_POINT('',(-0.0134699386464541,0.0570717595566256,0.0158402515487897));
#2999=CARTESIAN_POINT('',(-0.0126663923603272,0.0570716607334424,0.0154520157939192));
#3000=CARTESIAN_POINT('',(-0.0117680377201739,0.0570717042878962,0.0149565648876158));
#3001=CARTESIAN_POINT('',(-0.0107154422768664,0.0570716065801396,0.0142878110550466));
#3002=CARTESIAN_POINT('',(-0.00944668029510091,0.0570714789386961,0.0133318359407331));
#3003=CARTESIAN_POINT('',(-0.00795456054367128,0.057071837946944,0.0119552440315273));
#3004=CARTESIAN_POINT('',(-0.00643896692576977,0.0570712175571479,0.0101270574297256));
#3005=CARTESIAN_POINT('',(-0.00507514639168509,0.0570714816811712,0.00787592827723935));
#3006=CARTESIAN_POINT('',(-0.00416999254937638,0.0570717726913751,0.00570423387560179));
#3007=CARTESIAN_POINT('',(-0.00361670491998864,0.0570711691415855,0.00366130039687261));
#3008=CARTESIAN_POINT('',(-0.00332252022844926,0.0570713539563496,0.00180704748448565));
#3009=CARTESIAN_POINT('',(-0.00322694888565677,0.0570718474033112,9.0404999669638E-6));
#3010=CARTESIAN_POINT('',(-0.0033205194983467,0.0570713597606635,-0.00178773899028008));
#3011=CARTESIAN_POINT('',(-0.00361258363465639,0.0570711666958935,-0.00364199834925194));
#3012=CARTESIAN_POINT('',(-0.00416350681221715,0.0570717671182076,-0.00568528368511521));
#3013=CARTESIAN_POINT('',(-0.00506584278035246,0.0570714881111246,-0.00785768284174117));
#3014=CARTESIAN_POINT('',(-0.00642704364331179,0.0570712436813995,-0.010110168356587));
#3015=CARTESIAN_POINT('',(-0.00794048364853834,0.0570717794231088,-0.0119403585519441));
#3016=CARTESIAN_POINT('',(-0.00943151875022084,0.0570716344796951,-0.0133191566236313));
#3017=CARTESIAN_POINT('',(-0.01069803414442,0.0570716633783234,-0.0142758446217558));
#3018=CARTESIAN_POINT('',(-0.0117078941594377,0.0570717140807671,-0.0149188897624817));
#3019=CARTESIAN_POINT('',(-0.0124677731011914,0.0570716216202678,-0.0153435975981301));
#3020=CARTESIAN_POINT('',(-0.0130562649038435,0.0570716903768851,-0.0156423158301051));
#3021=CARTESIAN_POINT('',(-0.0136318645988347,0.0570716911568913,-0.0159083316817568));
#3022=CARTESIAN_POINT('',(-0.014329889352772,0.0570716970801875,-0.0161973103110812));
#3023=CARTESIAN_POINT('',(-0.0151709864277425,0.0570716845766443,-0.0165119868366186));
#3024=CARTESIAN_POINT('',(-0.0161226041391757,0.0570716361556686,-0.016851956422819));
#3025=CARTESIAN_POINT('',(-0.0172095440105413,0.057071702434774,-0.0172369511876376));
#3026=CARTESIAN_POINT('',(-0.0184970086238975,0.0570716708667055,-0.0176970770444123));
#3027=CARTESIAN_POINT('',(-0.0207621571858116,0.0570716952613017,-0.0185036354330322));
#3028=CARTESIAN_POINT('',(-0.0225901854923498,0.0570716777075181,-0.0191559359245058));
#3029=CARTESIAN_POINT('',(-0.0238833787949548,0.0570716839029711,-0.0196166955682336));
#3030=CARTESIAN_POINT('',(-0.0153415912415614,0.05715,0.01651));
#3031=CARTESIAN_POINT('',(-0.0144823025776547,0.05715,0.0161992647402267));
#3032=CARTESIAN_POINT('',(-0.0127905140466798,0.05715,0.0155319415293921));
#3033=CARTESIAN_POINT('',(-0.0104582744107128,0.0571499999999999,0.0140958341432463));
#3034=CARTESIAN_POINT('',(-0.00836426933743906,0.0571500000000001,0.0123258944597137));
#3035=CARTESIAN_POINT('',(-0.00661075193038221,0.0571499999999998,0.0102774931295131));
#3036=CARTESIAN_POINT('',(-0.00515734456836049,0.0571500000000001,0.007924159532921));
#3037=CARTESIAN_POINT('',(-0.00411206813732159,0.05715,0.0054286464895988));
#3038=CARTESIAN_POINT('',(-0.00346688548998243,0.0571499999999999,0.00274149400912761));
#3039=CARTESIAN_POINT('',(-0.00324181490190966,0.05715,3.9736164269567E-5));
#3040=CARTESIAN_POINT('',(-0.003461228693005,0.05715,-0.00270882861918547));
#3041=CARTESIAN_POINT('',(-0.00429956628584714,0.05715,-0.00624105639688941));
#3042=CARTESIAN_POINT('',(-0.00639315510169839,0.0571500000000002,-0.0103558918931627));
#3043=CARTESIAN_POINT('',(-0.00966651387843469,0.05715,-0.0136068698663813));
#3044=CARTESIAN_POINT('',(-0.0127583868210308,0.05715,-0.0155161841533478));
#3045=CARTESIAN_POINT('',(-0.0144769863170393,0.0571500000000001,-0.0161965570459616));
#3046=CARTESIAN_POINT('',(-0.0153403568469842,0.05715,-0.01651));
#3047=CARTESIAN_POINT('',(-0.0239055090981823,0.0572422069043806,0.0196354722822014));
#3048=CARTESIAN_POINT('',(-0.0226130976107043,0.0572422008086958,0.0191747134768762));
#3049=CARTESIAN_POINT('',(-0.0207821600781507,0.057242218079803,0.0185221631868455));
#3050=CARTESIAN_POINT('',(-0.0185204546580123,0.0572421940780436,0.0177157381216946));
#3051=CARTESIAN_POINT('',(-0.0172315912092598,0.0572422251462056,0.0172565277321288));
#3052=CARTESIAN_POINT('',(-0.0161473496157791,0.0572421599139304,0.0168695257003843));
#3053=CARTESIAN_POINT('',(-0.0151897420335293,0.0572423910865328,0.0165299344438833));
#3054=CARTESIAN_POINT('',(-0.0142960743445853,0.0572422636687109,0.0161958869113777));
#3055=CARTESIAN_POINT('',(-0.0134686409281632,0.0572421313440602,0.0158509153778496));
#3056=CARTESIAN_POINT('',(-0.0126645626048966,0.0572422300177435,0.0154626233727868));
#3057=CARTESIAN_POINT('',(-0.011765566062421,0.0572421866398101,0.0149670353976136));
#3058=CARTESIAN_POINT('',(-0.0107122092029773,0.0572422836276543,0.01429806938467));
#3059=CARTESIAN_POINT('',(-0.00944249573869745,0.0572424121024583,0.0133417351571074));
#3060=CARTESIAN_POINT('',(-0.00794914449319739,0.0572420531937288,0.011964497189987));
#3061=CARTESIAN_POINT('',(-0.00643223943489873,0.0572426719249362,0.0101353892725125));
#3062=CARTESIAN_POINT('',(-0.00506720531022341,0.0572424105463522,0.00788304086364012));
#3063=CARTESIAN_POINT('',(-0.00416106881620983,0.0572421173113884,0.00570993587525405));
#3064=CARTESIAN_POINT('',(-0.00360713381334716,0.0572427213583667,0.00366571941099968));
#3065=CARTESIAN_POINT('',(-0.0033125194433625,0.0572425374444027,0.00181028128281577));
#3066=CARTESIAN_POINT('',(-0.00321667230204202,0.0572420434170108,1.09348707117804E-5));
#3067=CARTESIAN_POINT('',(-0.00331009960874023,0.057242530441674,-0.00178693129996523));
#3068=CARTESIAN_POINT('',(-0.00360215007597416,0.057242724263063,-0.00364238064126458));
#3069=CARTESIAN_POINT('',(-0.00415322692510313,0.0572421242197578,-0.00568702740374275));
#3070=CARTESIAN_POINT('',(-0.00505596440983827,0.057242401811566,-0.00786099659043578));
#3071=CARTESIAN_POINT('',(-0.00641782496999818,0.0572426476705909,-0.0101149842510448));
#3072=CARTESIAN_POINT('',(-0.00793218070409012,0.0572421112382128,-0.0119465557237068));
#3073=CARTESIAN_POINT('',(-0.00942411978981156,0.0572422563713369,-0.0133263640573537));
#3074=CARTESIAN_POINT('',(-0.0106914075245105,0.0572422274590372,-0.0142837449411757));
#3075=CARTESIAN_POINT('',(-0.0117019143376569,0.0572421766789302,-0.0149272693753076));
#3076=CARTESIAN_POINT('',(-0.0124622720094214,0.0572422692099054,-0.0153522911032037));
#3077=CARTESIAN_POINT('',(-0.0130511558526384,0.0572422004732777,-0.0156512387124151));
#3078=CARTESIAN_POINT('',(-0.0136271949777003,0.0572421996638621,-0.0159174892202465));
#3079=CARTESIAN_POINT('',(-0.0143255840229002,0.0572421937125904,-0.0162066411353153));
#3080=CARTESIAN_POINT('',(-0.0151669580940591,0.0572422061845401,-0.016521436415545));
#3081=CARTESIAN_POINT('',(-0.0161186705492945,0.0572422546814876,-0.0168614440071519));
#3082=CARTESIAN_POINT('',(-0.0172056593947493,0.0572421883610099,-0.0172464534692048));
#3083=CARTESIAN_POINT('',(-0.0184932248521007,0.0572422199487837,-0.0177066165892487));
#3084=CARTESIAN_POINT('',(-0.0207585197311867,0.05724219553896,-0.0185132261201063));
#3085=CARTESIAN_POINT('',(-0.0225866806109948,0.057242213103701,-0.0191655746017817));
#3086=CARTESIAN_POINT('',(-0.0238799604559194,0.0572422069043807,-0.0196263648375917));
#3087=CARTESIAN_POINT('',(-0.0242256517023215,0.0559553082222056,0.0187373928300313));
#3088=CARTESIAN_POINT('',(-0.0229333689680698,0.0559553020315432,0.0182766865383366));
#3089=CARTESIAN_POINT('',(-0.0211020666347088,0.0559553195717533,0.0176239874596863));
#3090=CARTESIAN_POINT('',(-0.0188408681803976,0.0559552951960202,0.0168177691669551));
#3091=CARTESIAN_POINT('',(-0.0175537313709027,0.0559553267482583,0.0163591405600318));
#3092=CARTESIAN_POINT('',(-0.0164660165895467,0.0559552604995808,0.0159709712230836));
#3093=CARTESIAN_POINT('',(-0.0155136937149469,0.0559554952920039,0.0156330133617131));
#3094=CARTESIAN_POINT('',(-0.0146425327918436,0.0559553657058298,0.0153073336272014));
#3095=CARTESIAN_POINT('',(-0.0138581678548141,0.0559552315811666,0.0149802106060931));
#3096=CARTESIAN_POINT('',(-0.013103610100029,0.0559553316680145,0.014615721184912));
#3097=CARTESIAN_POINT('',(-0.0122529307578231,0.0559552876601376,0.0141469171118877));
#3098=CARTESIAN_POINT('',(-0.0112573558493893,0.0559553860866416,0.0135144819871418));
#3099=CARTESIAN_POINT('',(-0.0100550365935623,0.0559555165238117,0.0126088411006724));
#3100=CARTESIAN_POINT('',(-0.00864424187070179,0.0559551522017511,0.0113079029788312));
#3101=CARTESIAN_POINT('',(-0.00721394346739719,0.0559557801951504,0.00958257516518016));
#3102=CARTESIAN_POINT('',(-0.00591910843446984,0.0559555148480878,0.00744628603370311));
#3103=CARTESIAN_POINT('',(-0.00506535102997927,0.0559552172817782,0.00539933409922378));
#3104=CARTESIAN_POINT('',(-0.00454162324724326,0.0559558304685998,0.00346565466111051));
#3105=CARTESIAN_POINT('',(-0.00426259602698804,0.0559556437297021,0.00170856453791023));
#3106=CARTESIAN_POINT('',(-0.00417175416830939,0.0559551422783101,1.02779825753973E-5));
#3107=CARTESIAN_POINT('',(-0.00426030340141167,0.0559556366199886,-0.00168645454058425));
#3108=CARTESIAN_POINT('',(-0.00453690351190303,0.0559558334180339,-0.00344355498435425));
#3109=CARTESIAN_POINT('',(-0.00505795862344451,0.0559552242937203,-0.00537772548058992));
#3110=CARTESIAN_POINT('',(-0.00590847920748677,0.0559555059831635,-0.00742544952774132));
#3111=CARTESIAN_POINT('',(-0.00720028362331223,0.055955755574314,-0.009563269417259));
#3112=CARTESIAN_POINT('',(-0.00862826254648097,0.0559552111252359,-0.011290947486923));
#3113=CARTESIAN_POINT('',(-0.0100377706976284,0.0559553584344499,-0.0125945719385695));
#3114=CARTESIAN_POINT('',(-0.0112373967126538,0.0559553290767563,-0.0135008315967625));
#3115=CARTESIAN_POINT('',(-0.0121927247851136,0.0559552775547909,-0.0141092856545834));
#3116=CARTESIAN_POINT('',(-0.0129122575501797,0.0559553714378253,-0.0145113947179166));
#3117=CARTESIAN_POINT('',(-0.0134685266127687,0.0559553017219894,-0.014793760778411));
#3118=CARTESIAN_POINT('',(-0.0140078009207471,0.055955300831693,-0.0150430078062286));
#3119=CARTESIAN_POINT('',(-0.0146728859942384,0.0559552947842337,-0.0153185311063326));
#3120=CARTESIAN_POINT('',(-0.0154898335149986,0.0559553075389556,-0.0156242934109388));
#3121=CARTESIAN_POINT('',(-0.0164372238155852,0.0559553567187619,-0.015962759467651));
#3122=CARTESIAN_POINT('',(-0.0175264188566827,0.0559552893996004,-0.016348608865048));
#3123=CARTESIAN_POINT('',(-0.0188129335253265,0.0559553214630372,-0.0168083719323689));
#3124=CARTESIAN_POINT('',(-0.0210790404137442,0.0559552966856393,-0.0176152906086732));
#3125=CARTESIAN_POINT('',(-0.0229066169905424,0.0559553145148783,-0.0182674166364825));
#3126=CARTESIAN_POINT('',(-0.0242001030600588,0.0559553082222057,-0.0187282853854217));
#3127=CARTESIAN_POINT('',(-0.0246312554161144,0.0537021355680738,0.0175995737569946));
#3128=CARTESIAN_POINT('',(-0.0233391356636565,0.0537021301433237,0.01713893455415));
#3129=CARTESIAN_POINT('',(-0.0215073715485471,0.0537021455134492,0.0164860453904244));
#3130=CARTESIAN_POINT('',(-0.0192468148350469,0.0537021241534952,0.0156800912600402));
#3131=CARTESIAN_POINT('',(-0.0179618663107675,0.0537021518020711,0.0152221969034635));
#3132=CARTESIAN_POINT('',(-0.0168697496558054,0.0537020937497063,0.0148325546079022));
#3133=CARTESIAN_POINT('',(-0.0159242464576257,0.0537022994999429,0.014496687289435));
#3134=CARTESIAN_POINT('',(-0.0150812400095576,0.0537021855815696,0.0141814854524834));
#3135=CARTESIAN_POINT('',(-0.0143516775636456,0.053702068588969,0.0138770781251473));
#3136=CARTESIAN_POINT('',(-0.013659867757222,0.0537021560606853,0.0135427442165181));
#3137=CARTESIAN_POINT('',(-0.0128703691104076,0.0537021175881094,0.0131078552877223));
#3138=CARTESIAN_POINT('',(-0.0119481712204664,0.0537022036740816,0.012521802999468));
#3139=CARTESIAN_POINT('',(-0.0108310498872004,0.05370231793116,0.0116802536297111));
#3140=CARTESIAN_POINT('',(-0.00952482298094475,0.0537019990194909,0.010475956442706));
#3141=CARTESIAN_POINT('',(-0.00820460201502379,0.0537025485090495,0.00888250240032441));
#3142=CARTESIAN_POINT('',(-0.0069982241350907,0.0537023162461954,0.00689246200114197));
#3143=CARTESIAN_POINT('',(-0.00621112893496829,0.0537020558893902,0.00500608411322227));
#3144=CARTESIAN_POINT('',(-0.00572563004269482,0.0537025928125809,0.00321227682827072));
#3145=CARTESIAN_POINT('',(-0.00546629696446145,0.0537024291246172,0.0015794257101902));
#3146=CARTESIAN_POINT('',(-0.00538179023136793,0.053701990375226,9.43924535985175E-6));
#3147=CARTESIAN_POINT('',(-0.00546416518742879,0.0537024228961802,-0.00155888215939229));
#3148=CARTESIAN_POINT('',(-0.00572124364698768,0.0537025953988793,-0.00319174270159536));
#3149=CARTESIAN_POINT('',(-0.00620430799475807,0.053702062022364,-0.0049861270720542));
#3150=CARTESIAN_POINT('',(-0.00698836864638956,0.053702308493178,-0.00687315469574322));
#3151=CARTESIAN_POINT('',(-0.0081919033399248,0.0537025269510036,-0.00886459207682273));
#3152=CARTESIAN_POINT('',(-0.00951008027002202,0.0537020506146068,-0.0104602420030801));
#3153=CARTESIAN_POINT('',(-0.0108152742569027,0.0537021795147947,-0.0116674626296955));
#3154=CARTESIAN_POINT('',(-0.011929142286455,0.0537021538110192,-0.0125089231313558));
#3155=CARTESIAN_POINT('',(-0.0128145416923142,0.0537021087408725,-0.0130729369969274));
#3156=CARTESIAN_POINT('',(-0.0134823224315489,0.053702190861147,-0.0134459952572659));
#3157=CARTESIAN_POINT('',(-0.0139973681191599,0.0537021299194111,-0.0137074088855025));
#3158=CARTESIAN_POINT('',(-0.0144899443727315,0.0537021290347118,-0.0139350568321708));
#3159=CARTESIAN_POINT('',(-0.0151128634384536,0.0537021237288607,-0.0141933316296033));
#3160=CARTESIAN_POINT('',(-0.0158988671389386,0.0537021350353929,-0.0144876489192541));
#3161=CARTESIAN_POINT('',(-0.0168408473919552,0.0537021780168241,-0.0148241803771042));
#3162=CARTESIAN_POINT('',(-0.0179327911063812,0.0537021190927583,-0.0152110847719145));
#3163=CARTESIAN_POINT('',(-0.0192179966096734,0.053702147157696,-0.0156703453546204));
#3164=CARTESIAN_POINT('',(-0.0214851151710133,0.0537021254701852,-0.0164776523318207));
#3165=CARTESIAN_POINT('',(-0.0233119637715302,0.0537021410760131,-0.0171294989473452));
#3166=CARTESIAN_POINT('',(-0.024605706773852,0.0537021355680739,-0.017590466312385));
#3167=CARTESIAN_POINT('',(-0.0249198829594942,0.0502899362525858,0.0167899018711276));
#3168=CARTESIAN_POINT('',(-0.0236278787887081,0.0502899336377388,0.0163293105860193));
#3169=CARTESIAN_POINT('',(-0.0217957871921956,0.0502899410464721,0.0156762856553741));
#3170=CARTESIAN_POINT('',(-0.0195356855815276,0.0502899307505118,0.0148705202010767));
#3171=CARTESIAN_POINT('',(-0.0182522962604218,0.050289944077723,0.0144131474333601));
#3172=CARTESIAN_POINT('',(-0.0171570429891869,0.0502899160952246,0.0140224588768521));
#3173=CARTESIAN_POINT('',(-0.0162164600218677,0.0502900152701608,0.0136880910634629));
#3174=CARTESIAN_POINT('',(-0.0153932954455855,0.0502899602345672,0.0133802792584123));
#3175=CARTESIAN_POINT('',(-0.0147028545495025,0.0502899040255873,0.0130920893278635));
#3176=CARTESIAN_POINT('',(-0.0140557064117975,0.0502899461132438,0.0127792165847453));
#3177=CARTESIAN_POINT('',(-0.0133097216408445,0.0502899275991218,0.0123684494454442));
#3178=CARTESIAN_POINT('',(-0.012439841312762,0.0502899690355149,0.0118154643058664));
#3179=CARTESIAN_POINT('',(-0.0113832335444047,0.0502900241029712,0.0110194425402005));
#3180=CARTESIAN_POINT('',(-0.0101514027213498,0.0502898704902368,0.00988389616252368));
#3181=CARTESIAN_POINT('',(-0.00890972042176382,0.0502901350714376,0.00838452229970456));
#3182=CARTESIAN_POINT('',(-0.0077659998547862,0.0502900232105789,0.00649807233649904));
#3183=CARTESIAN_POINT('',(-0.00702652563358781,0.0502898978325513,0.00472640842122317));
#3184=CARTESIAN_POINT('',(-0.00656819968973179,0.0502901565343678,0.00303203003836659));
#3185=CARTESIAN_POINT('',(-0.00632284991919391,0.0502900775887014,0.00148736913243581));
#3186=CARTESIAN_POINT('',(-0.00624285197901918,0.0502898663486884,8.8384413662747E-6));
#3187=CARTESIAN_POINT('',(-0.00632083246318015,0.0502900745864929,-0.00146793747551425));
#3188=CARTESIAN_POINT('',(-0.00656404979735222,0.0502901577821758,-0.00301260737827043));
#3189=CARTESIAN_POINT('',(-0.00702011247518039,0.0502899007842574,-0.00470762949074784));
#3190=CARTESIAN_POINT('',(-0.00775669431741826,0.05029001947922,-0.00647985260341693));
#3191=CARTESIAN_POINT('',(-0.0088977088024058,0.0502901246844386,-0.00836760629025114));
#3192=CARTESIAN_POINT('',(-0.0101375334053483,0.0502898953497197,-0.00986906052008999));
#3193=CARTESIAN_POINT('',(-0.0113685697212566,0.0502899574173968,-0.0110077516939863));
#3194=CARTESIAN_POINT('',(-0.0124213917481932,0.0502899450370356,-0.0118030820083968));
#3195=CARTESIAN_POINT('',(-0.0132570185901558,0.0502899233348185,-0.0123354673831037));
#3196=CARTESIAN_POINT('',(-0.0138879538557085,0.0502899628740079,-0.01268784034709));
#3197=CARTESIAN_POINT('',(-0.0143737255399065,0.0502899335434868,-0.0129343777507835));
#3198=CARTESIAN_POINT('',(-0.0148329980375197,0.050289933086506,-0.0131466209170394));
#3199=CARTESIAN_POINT('',(-0.0154259320678503,0.0502899305268166,-0.0133926340035354));
#3200=CARTESIAN_POINT('',(-0.0161899202472505,0.0502899360137746,-0.013678807258161));
#3201=CARTESIAN_POINT('',(-0.0171280811900653,0.0502899566982985,-0.0140139703643309));
#3202=CARTESIAN_POINT('',(-0.0182219595936725,0.0502899283171446,-0.0144016217452128));
#3203=CARTESIAN_POINT('',(-0.0195062436240436,0.0502899418348016,-0.0148605265459955));
#3204=CARTESIAN_POINT('',(-0.0217740742644208,0.0502899313888732,-0.0156681084578612));
#3205=CARTESIAN_POINT('',(-0.0236004104694406,0.05028993890552,-0.0163197572368014));
#3206=CARTESIAN_POINT('',(-0.0248943343172318,0.0502899362525858,-0.016780794426518));
#3207=CARTESIAN_POINT('',(-0.0249941528855172,0.0476249999999999,0.016581556297583));
#3208=CARTESIAN_POINT('',(-0.0237021784202111,0.0476249999999999,0.0161209773611231));
#3209=CARTESIAN_POINT('',(-0.0218700026581715,0.0476249999999999,0.0154679174426409));
#3210=CARTESIAN_POINT('',(-0.019610018012832,0.047625,0.0146622006111465));
#3211=CARTESIAN_POINT('',(-0.0183270300915517,0.0476249999999999,0.0142049619653876));
#3212=CARTESIAN_POINT('',(-0.0172309693162258,0.047625,0.01381400438083));
#3213=CARTESIAN_POINT('',(-0.0162916590931319,0.0476249999999999,0.013480023606229));
#3214=CARTESIAN_POINT('',(-0.0154735810852447,0.047625,0.0131741068471277));
#3215=CARTESIAN_POINT('',(-0.0147932192721689,0.0476249999999999,0.0128900952156047));
#3216=CARTESIAN_POINT('',(-0.0141575645988027,0.047625,0.0125827451670476));
#3217=CARTESIAN_POINT('',(-0.0134227746109843,0.0476249999999999,0.0121781838330311));
#3218=CARTESIAN_POINT('',(-0.0125663669684327,0.047625,0.0116337137092491));
#3219=CARTESIAN_POINT('',(-0.0115253192392675,0.0476249999999999,0.0108493991464084));
#3220=CARTESIAN_POINT('',(-0.0103126306730284,0.0476249999999999,0.00973154186568954));
#3221=CARTESIAN_POINT('',(-0.00909117879374691,0.047625,0.00825640082931647));
#3222=CARTESIAN_POINT('',(-0.00796355230668506,0.0476249999999999,0.00639655863765888));
#3223=CARTESIAN_POINT('',(-0.00723635048411914,0.047625,0.0046544581558177));
#3224=CARTESIAN_POINT('',(-0.0067850135575539,0.047625,0.00298565446405054));
#3225=CARTESIAN_POINT('',(-0.00654325888656689,0.047625,0.00146366485631955));
#3226=CARTESIAN_POINT('',(-0.00646442129076013,0.0476249999999999,8.6834439269191E-6));
#3227=CARTESIAN_POINT('',(-0.00654127083445548,0.047625,-0.00144451903242518));
#3228=CARTESIAN_POINT('',(-0.00678092445196832,0.0476249999999999,-0.00296651754918485));
#3229=CARTESIAN_POINT('',(-0.00723004236843419,0.047625,-0.00463598266373181));
#3230=CARTESIAN_POINT('',(-0.00795438822044834,0.0476249999999999,-0.00637861869861241));
#3231=CARTESIAN_POINT('',(-0.00907934427792518,0.047625,-0.00823974080707696));
#3232=CARTESIAN_POINT('',(-0.010298985438175,0.047625,-0.00971693192884752));
#3233=CARTESIAN_POINT('',(-0.0115109466686759,0.0476249999999999,-0.0108379962237205));
#3234=CARTESIAN_POINT('',(-0.0125480582059152,0.0476249999999999,-0.0116214543498506));
#3235=CARTESIAN_POINT('',(-0.0133708763968175,0.047625,-0.0121457005620714));
#3236=CARTESIAN_POINT('',(-0.0139923286490374,0.047625,-0.0124927494884039));
#3237=CARTESIAN_POINT('',(-0.014470573618416,0.047625,-0.012735462294411));
#3238=CARTESIAN_POINT('',(-0.0149212689641587,0.0476249999999999,-0.0129437379743405));
#3239=CARTESIAN_POINT('',(-0.0155064893003181,0.0476249999999999,-0.0131865971215894));
#3240=CARTESIAN_POINT('',(-0.0162648128017499,0.047625,-0.0134706747561119));
#3241=CARTESIAN_POINT('',(-0.0172019940168511,0.047625,-0.0138054865977835));
#3242=CARTESIAN_POINT('',(-0.0182963681179474,0.0476249999999999,-0.0141933298074832));
#3243=CARTESIAN_POINT('',(-0.01958041605261,0.0476250000000001,-0.0146521432421371));
#3244=CARTESIAN_POINT('',(-0.0218484291387229,0.047625,-0.0154597957582535));
#3245=CARTESIAN_POINT('',(-0.0236746340600387,0.0476249999999999,-0.0161113937320186));
#3246=CARTESIAN_POINT('',(-0.0249686042432548,0.0476249999999999,-0.0165724488529734));
#3247=CARTESIAN_POINT('',(-0.0249198829594942,0.044960063747414,0.0167899018711276));
#3248=CARTESIAN_POINT('',(-0.0236278787887075,0.044960066362261,0.0163293105860192));
#3249=CARTESIAN_POINT('',(-0.0217957871921959,0.0449600589535276,0.0156762856553743));
#3250=CARTESIAN_POINT('',(-0.0195356855815277,0.0449600692494881,0.0148705202010767));
#3251=CARTESIAN_POINT('',(-0.0182522962604217,0.0449600559222768,0.0144131474333601));
#3252=CARTESIAN_POINT('',(-0.0171570429891868,0.0449600839047751,0.0140224588768521));
#3253=CARTESIAN_POINT('',(-0.0162164600218679,0.0449599847298391,0.0136880910634629));
#3254=CARTESIAN_POINT('',(-0.0153932954455851,0.0449600397654326,0.0133802792584122));
#3255=CARTESIAN_POINT('',(-0.0147028545495026,0.0449600959744125,0.0130920893278635));
#3256=CARTESIAN_POINT('',(-0.0140557064117974,0.0449600538867561,0.0127792165847453));
#3257=CARTESIAN_POINT('',(-0.0133097216408445,0.044960072400878,0.0123684494454442));
#3258=CARTESIAN_POINT('',(-0.0124398413127619,0.0449600309644849,0.0118154643058663));
#3259=CARTESIAN_POINT('',(-0.0113832335444046,0.0449599758970286,0.0110194425402006));
#3260=CARTESIAN_POINT('',(-0.0101514027213501,0.044960129509763,0.00988389616252403));
#3261=CARTESIAN_POINT('',(-0.00890972042176363,0.0449598649285624,0.0083845222997041));
#3262=CARTESIAN_POINT('',(-0.00776599985478604,0.0449599767894208,0.00649807233649903));
#3263=CARTESIAN_POINT('',(-0.00702652563358792,0.0449601021674486,0.00472640842122333));
#3264=CARTESIAN_POINT('',(-0.00656819968973184,0.0449598434656321,0.00303203003836654));
#3265=CARTESIAN_POINT('',(-0.00632284991919392,0.0449599224112985,0.00148736913243572));
#3266=CARTESIAN_POINT('',(-0.00624285197901915,0.0449601336513115,8.83844136630128E-6));
#3267=CARTESIAN_POINT('',(-0.00632083246318013,0.0449599254135069,-0.00146793747551426));
#3268=CARTESIAN_POINT('',(-0.00656404979735219,0.0449598422178241,-0.00301260737827042));
#3269=CARTESIAN_POINT('',(-0.00702011247518036,0.0449600992157423,-0.00470762949074785));
#3270=CARTESIAN_POINT('',(-0.00775669431741824,0.0449599805207799,-0.0064798526034169));
#3271=CARTESIAN_POINT('',(-0.0088977088024056,0.0449598753155615,-0.0083676062902507));
#3272=CARTESIAN_POINT('',(-0.0101375334053487,0.0449601046502801,-0.00986906052009045));
#3273=CARTESIAN_POINT('',(-0.0113685697212561,0.044960042582603,-0.011007751693986));
#3274=CARTESIAN_POINT('',(-0.012421391748194,0.0449600549629642,-0.0118030820083975));
#3275=CARTESIAN_POINT('',(-0.0132570185901548,0.0449600766651814,-0.0123354673831032));
#3276=CARTESIAN_POINT('',(-0.0138879538557088,0.044960037125992,-0.0126878403470901));
#3277=CARTESIAN_POINT('',(-0.0143737255399067,0.044960066456513,-0.0129343777507836));
#3278=CARTESIAN_POINT('',(-0.0148329980375197,0.0449600669134938,-0.0131466209170395));
#3279=CARTESIAN_POINT('',(-0.01542593206785,0.0449600694731831,-0.0133926340035354));
#3280=CARTESIAN_POINT('',(-0.0161899202472504,0.0449600639862253,-0.0136788072581609));
#3281=CARTESIAN_POINT('',(-0.0171280811900654,0.0449600433017013,-0.0140139703643309));
#3282=CARTESIAN_POINT('',(-0.0182219595936721,0.0449600716828553,-0.0144016217452127));
#3283=CARTESIAN_POINT('',(-0.0195062436240441,0.0449600581651983,-0.0148605265459956));
#3284=CARTESIAN_POINT('',(-0.0217740742644211,0.0449600686111268,-0.0156681084578613));
#3285=CARTESIAN_POINT('',(-0.0236004104694403,0.0449600610944796,-0.0163197572368015));
#3286=CARTESIAN_POINT('',(-0.0248943343172316,0.044960063747414,-0.016780794426518));
#3287=CARTESIAN_POINT('',(-0.0246312554161144,0.0415478644319261,0.0175995737569946));
#3288=CARTESIAN_POINT('',(-0.0233391356636555,0.0415478698566762,0.0171389345541498));
#3289=CARTESIAN_POINT('',(-0.0215073715485476,0.0415478544865506,0.0164860453904248));
#3290=CARTESIAN_POINT('',(-0.0192468148350473,0.0415478758465047,0.0156800912600402));
#3291=CARTESIAN_POINT('',(-0.0179618663107674,0.0415478481979288,0.0152221969034635));
#3292=CARTESIAN_POINT('',(-0.0168697496558054,0.0415479062502937,0.0148325546079022));
#3293=CARTESIAN_POINT('',(-0.015924246457626,0.0415477005000569,0.0144966872894351));
#3294=CARTESIAN_POINT('',(-0.0150812400095573,0.0415478144184303,0.0141814854524831));
#3295=CARTESIAN_POINT('',(-0.0143516775636459,0.0415479314110309,0.0138770781251476));
#3296=CARTESIAN_POINT('',(-0.0136598677572217,0.0415478439393146,0.013542744216518));
#3297=CARTESIAN_POINT('',(-0.012870369110408,0.0415478824118905,0.0131078552877225));
#3298=CARTESIAN_POINT('',(-0.0119481712204659,0.0415477963259182,0.0125218029994678));
#3299=CARTESIAN_POINT('',(-0.0108310498872003,0.0415476820688398,0.0116802536297113));
#3300=CARTESIAN_POINT('',(-0.00952482298094521,0.041548000980509,0.0104759564427066));
#3301=CARTESIAN_POINT('',(-0.00820460201502343,0.0415474514909504,0.00888250240032357));
#3302=CARTESIAN_POINT('',(-0.0069982241350904,0.0415476837538045,0.00689246200114195));
#3303=CARTESIAN_POINT('',(-0.00621112893496849,0.0415479441106097,0.0050060841132226));
#3304=CARTESIAN_POINT('',(-0.00572563004269492,0.0415474071874191,0.00321227682827063));
#3305=CARTESIAN_POINT('',(-0.00546629696446145,0.0415475708753826,0.00157942571019004));
#3306=CARTESIAN_POINT('',(-0.00538179023136788,0.0415480096247738,9.43924535988687E-6));
#3307=CARTESIAN_POINT('',(-0.00546416518742874,0.0415475771038198,-0.00155888215939229));
#3308=CARTESIAN_POINT('',(-0.00572124364698763,0.0415474046011206,-0.00319174270159538));
#3309=CARTESIAN_POINT('',(-0.00620430799475803,0.0415479379776359,-0.00498612707205426));
#3310=CARTESIAN_POINT('',(-0.00698836864638951,0.041547691506822,-0.00687315469574315));
#3311=CARTESIAN_POINT('',(-0.00819190333992441,0.0415474730489962,-0.00886459207682183));
#3312=CARTESIAN_POINT('',(-0.00951008027002277,0.0415479493853931,-0.010460242003081));
#3313=CARTESIAN_POINT('',(-0.0108152742569018,0.0415478204852052,-0.011667462629695));
#3314=CARTESIAN_POINT('',(-0.0119291422864564,0.0415478461889805,-0.0125089231313569));
#3315=CARTESIAN_POINT('',(-0.0128145416923128,0.0415478912591275,-0.0130729369969266));
#3316=CARTESIAN_POINT('',(-0.0134823224315492,0.0415478091388528,-0.0134459952572659));
#3317=CARTESIAN_POINT('',(-0.0139973681191603,0.041547870080589,-0.0137074088855027));
#3318=CARTESIAN_POINT('',(-0.0144899443727315,0.0415478709652879,-0.0139350568321709));
#3319=CARTESIAN_POINT('',(-0.0151128634384532,0.0415478762711393,-0.0141933316296033));
#3320=CARTESIAN_POINT('',(-0.0158988671389383,0.0415478649646069,-0.0144876489192539));
#3321=CARTESIAN_POINT('',(-0.0168408473919557,0.0415478219831758,-0.0148241803771045));
#3322=CARTESIAN_POINT('',(-0.0179327911063803,0.0415478809072415,-0.0152110847719143));
#3323=CARTESIAN_POINT('',(-0.0192179966096743,0.0415478528423041,-0.0156703453546206));
#3324=CARTESIAN_POINT('',(-0.0214851151710139,0.0415478745298146,-0.0164776523318207));
#3325=CARTESIAN_POINT('',(-0.0233119637715298,0.0415478589239868,-0.0171294989473455));
#3326=CARTESIAN_POINT('',(-0.0246057067738515,0.041547864431926,-0.017590466312385));
#3327=CARTESIAN_POINT('',(-0.0242256517023215,0.0392946917777942,0.0187373928300314));
#3328=CARTESIAN_POINT('',(-0.022933368968069,0.0392946979684566,0.0182766865383365));
#3329=CARTESIAN_POINT('',(-0.0211020666347092,0.0392946804282465,0.0176239874596865));
#3330=CARTESIAN_POINT('',(-0.0188408681803978,0.0392947048039797,0.0168177691669551));
#3331=CARTESIAN_POINT('',(-0.0175537313709026,0.0392946732517414,0.0163591405600317));
#3332=CARTESIAN_POINT('',(-0.0164660165895466,0.0392947395004191,0.0159709712230836));
#3333=CARTESIAN_POINT('',(-0.0155136937149473,0.039294504707996,0.0156330133617132));
#3334=CARTESIAN_POINT('',(-0.0146425327918431,0.03929463429417,0.0153073336272011));
#3335=CARTESIAN_POINT('',(-0.0138581678548143,0.0392947684188332,0.0149802106060933));
#3336=CARTESIAN_POINT('',(-0.0131036101000289,0.0392946683319854,0.014615721184912));
#3337=CARTESIAN_POINT('',(-0.0122529307578231,0.0392947123398621,0.0141469171118878));
#3338=CARTESIAN_POINT('',(-0.0112573558493891,0.0392946139133584,0.0135144819871418));
#3339=CARTESIAN_POINT('',(-0.0100550365935621,0.0392944834761883,0.0126088411006726));
#3340=CARTESIAN_POINT('',(-0.00864424187070216,0.0392948477982487,0.0113079029788317));
#3341=CARTESIAN_POINT('',(-0.00721394346739682,0.0392942198048494,0.00958257516517946));
#3342=CARTESIAN_POINT('',(-0.00591910843446958,0.0392944851519119,0.00744628603370309));
#3343=CARTESIAN_POINT('',(-0.0050653510299794,0.0392947827182216,0.00539933409922402));
#3344=CARTESIAN_POINT('',(-0.00454162324724331,0.0392941695313999,0.00346565466111044));
#3345=CARTESIAN_POINT('',(-0.00426259602698801,0.0392943562702978,0.0017085645379101));
#3346=CARTESIAN_POINT('',(-0.00417175416830931,0.0392948577216898,1.02779825754379E-5));
#3347=CARTESIAN_POINT('',(-0.00426030340141162,0.0392943633800111,-0.00168645454058428));
#3348=CARTESIAN_POINT('',(-0.00453690351190296,0.039294166581966,-0.00344355498435424));
#3349=CARTESIAN_POINT('',(-0.00505795862344444,0.0392947757062795,-0.00537772548058992));
#3350=CARTESIAN_POINT('',(-0.00590847920748671,0.0392944940168363,-0.00742544952774128));
#3351=CARTESIAN_POINT('',(-0.00720028362331188,0.0392942444256858,-0.00956326941725834));
#3352=CARTESIAN_POINT('',(-0.00862826254648151,0.039294788874764,-0.0112909474869236));
#3353=CARTESIAN_POINT('',(-0.0100377706976277,0.03929464156555,-0.0125945719385692));
#3354=CARTESIAN_POINT('',(-0.011237396712655,0.0392946709232436,-0.0135008315967634));
#3355=CARTESIAN_POINT('',(-0.0121927247851121,0.039294722445209,-0.0141092856545826));
#3356=CARTESIAN_POINT('',(-0.0129122575501803,0.0392946285621746,-0.0145113947179169));
#3357=CARTESIAN_POINT('',(-0.013468526612769,0.0392946982780104,-0.0147937607784113));
#3358=CARTESIAN_POINT('',(-0.0140078009207469,0.0392946991683069,-0.0150430078062287));
#3359=CARTESIAN_POINT('',(-0.0146728859942381,0.0392947052157661,-0.0153185311063327));
#3360=CARTESIAN_POINT('',(-0.0154898335149984,0.0392946924610442,-0.0156242934109387));
#3361=CARTESIAN_POINT('',(-0.0164372238155856,0.039294643281238,-0.0159627594676512));
#3362=CARTESIAN_POINT('',(-0.017526418856682,0.0392947106003994,-0.0163486088650479));
#3363=CARTESIAN_POINT('',(-0.0188129335253273,0.0392946785369626,-0.016808371932369));
#3364=CARTESIAN_POINT('',(-0.0210790404137448,0.0392947033143605,-0.0176152906086734));
#3365=CARTESIAN_POINT('',(-0.0229066169905418,0.0392946854851216,-0.0182674166364825));
#3366=CARTESIAN_POINT('',(-0.0242001030600584,0.0392946917777942,-0.0187282853854217));
#3367=CARTESIAN_POINT('',(-0.0239055090981823,0.0380077930956193,0.0196354722822014));
#3368=CARTESIAN_POINT('',(-0.0226130976107038,0.0380077991913042,0.0191747134768761));
#3369=CARTESIAN_POINT('',(-0.020782160078151,0.038007781920197,0.0185221631868456));
#3370=CARTESIAN_POINT('',(-0.0185204546580124,0.0380078059219564,0.0177157381216946));
#3371=CARTESIAN_POINT('',(-0.0172315912092597,0.0380077748537943,0.0172565277321288));
#3372=CARTESIAN_POINT('',(-0.0161473496157791,0.0380078400860696,0.0168695257003843));
#3373=CARTESIAN_POINT('',(-0.0151897420335295,0.0380076089134671,0.0165299344438834));
#3374=CARTESIAN_POINT('',(-0.014296074344585,0.038007736331289,0.0161958869113775));
#3375=CARTESIAN_POINT('',(-0.0134686409281634,0.0380078686559398,0.0158509153778498));
#3376=CARTESIAN_POINT('',(-0.0126645626048963,0.0380077699822564,0.0154626233727868));
#3377=CARTESIAN_POINT('',(-0.0117655660624211,0.0380078133601898,0.0149670353976137));
#3378=CARTESIAN_POINT('',(-0.0107122092029771,0.0380077163723457,0.0142980693846699));
#3379=CARTESIAN_POINT('',(-0.00944249573869742,0.0380075878975417,0.0133417351571075));
#3380=CARTESIAN_POINT('',(-0.0079491444931976,0.0380079468062711,0.0119644971899873));
#3381=CARTESIAN_POINT('',(-0.00643223943489842,0.0380073280750635,0.0101353892725121));
#3382=CARTESIAN_POINT('',(-0.00506720531022325,0.0380075894536478,0.00788304086364007));
#3383=CARTESIAN_POINT('',(-0.00416106881620986,0.0380078826886115,0.00570993587525423));
#3384=CARTESIAN_POINT('',(-0.00360713381334713,0.0380072786416332,0.00366571941099965));
#3385=CARTESIAN_POINT('',(-0.00331251944336245,0.0380074625555972,0.00181028128281571));
#3386=CARTESIAN_POINT('',(-0.00321667230204195,0.0380079565829891,1.09348707117971E-5));
#3387=CARTESIAN_POINT('',(-0.00331009960874016,0.0380074695583259,-0.00178693129996523));
#3388=CARTESIAN_POINT('',(-0.00360215007597409,0.038007275736937,-0.00364238064126459));
#3389=CARTESIAN_POINT('',(-0.00415322692510306,0.038007875780242,-0.00568702740374278));
#3390=CARTESIAN_POINT('',(-0.0050559644098382,0.038007598188434,-0.00786099659043576));
#3391=CARTESIAN_POINT('',(-0.00641782496999784,0.0380073523294089,-0.0101149842510443));
#3392=CARTESIAN_POINT('',(-0.00793218070409049,0.0380078887617872,-0.0119465557237073));
#3393=CARTESIAN_POINT('',(-0.00942411978981109,0.038007743628663,-0.0133263640573534));
#3394=CARTESIAN_POINT('',(-0.0106914075245112,0.0380077725409628,-0.0142837449411763));
#3395=CARTESIAN_POINT('',(-0.0117019143376562,0.0380078233210698,-0.0149272693753072));
#3396=CARTESIAN_POINT('',(-0.0124622720094217,0.0380077307900945,-0.0153522911032039));
#3397=CARTESIAN_POINT('',(-0.0130511558526385,0.0380077995267222,-0.0156512387124152));
#3398=CARTESIAN_POINT('',(-0.0136271949777003,0.0380078003361378,-0.0159174892202466));
#3399=CARTESIAN_POINT('',(-0.0143255840228999,0.0380078062874095,-0.0162066411353153));
#3400=CARTESIAN_POINT('',(-0.015166958094059,0.0380077938154598,-0.016521436415545));
#3401=CARTESIAN_POINT('',(-0.0161186705492946,0.0380077453185123,-0.016861444007152));
#3402=CARTESIAN_POINT('',(-0.0172056593947489,0.03800781163899,-0.0172464534692047));
#3403=CARTESIAN_POINT('',(-0.0184932248521012,0.0380077800512162,-0.0177066165892489));
#3404=CARTESIAN_POINT('',(-0.020758519731187,0.0380078044610399,-0.0185132261201065));
#3405=CARTESIAN_POINT('',(-0.0225866806109944,0.038007786896299,-0.0191655746017818));
#3406=CARTESIAN_POINT('',(-0.0238799604559191,0.0380077930956193,-0.0196263648375917));
#3407=CARTESIAN_POINT('',(-0.0153415912415615,0.0381,0.01651));
#3408=CARTESIAN_POINT('',(-0.0144823025776549,0.0381,0.0161992647402267));
#3409=CARTESIAN_POINT('',(-0.0127905140466798,0.0381,0.0155319415293922));
#3410=CARTESIAN_POINT('',(-0.0104582744107128,0.0381000000000002,0.0140958341432463));
#3411=CARTESIAN_POINT('',(-0.00836426933743906,0.0381,0.0123258944597137));
#3412=CARTESIAN_POINT('',(-0.00661075193038228,0.0381,0.010277493129513));
#3413=CARTESIAN_POINT('',(-0.00515734456836041,0.0381,0.00792415953292107));
#3414=CARTESIAN_POINT('',(-0.00411206813732167,0.0381,0.00542864648959877));
#3415=CARTESIAN_POINT('',(-0.00346688548998249,0.0381,0.00274149400912763));
#3416=CARTESIAN_POINT('',(-0.00324181490190966,0.0381,3.97361642695746E-5));
#3417=CARTESIAN_POINT('',(-0.00346122869300501,0.0381,-0.00270882861918543));
#3418=CARTESIAN_POINT('',(-0.00429956628584707,0.0381,-0.00624105639688934));
#3419=CARTESIAN_POINT('',(-0.00639315510169873,0.0381,-0.0103558918931625));
#3420=CARTESIAN_POINT('',(-0.00966651387843472,0.0381000000000001,-0.0136068698663814));
#3421=CARTESIAN_POINT('',(-0.0127583868210307,0.0380999999999999,-0.0155161841533477));
#3422=CARTESIAN_POINT('',(-0.0144769863170392,0.0381,-0.0161965570459616));
#3423=CARTESIAN_POINT('',(-0.0153403568469842,0.0381,-0.01651));
#3424=CARTESIAN_POINT('',(-0.0239055090981818,0.0381922069043807,0.0196354722822012));
#3425=CARTESIAN_POINT('',(-0.0226130976107052,0.0381922008086959,0.0191747134768766));
#3426=CARTESIAN_POINT('',(-0.0207821600781488,0.0381922180798032,0.0185221631868447));
#3427=CARTESIAN_POINT('',(-0.0185204546580124,0.0381921940780434,0.0177157381216947));
#3428=CARTESIAN_POINT('',(-0.0172315912092599,0.0381922251462056,0.0172565277321289));
#3429=CARTESIAN_POINT('',(-0.016147349615779,0.0381921599139304,0.0168695257003842));
#3430=CARTESIAN_POINT('',(-0.0151897420335293,0.0381923910865329,0.0165299344438833));
#3431=CARTESIAN_POINT('',(-0.0142960743445852,0.0381922636687109,0.0161958869113776));
#3432=CARTESIAN_POINT('',(-0.0134686409281634,0.0381921313440602,0.0158509153778497));
#3433=CARTESIAN_POINT('',(-0.0126645626048962,0.0381922300177435,0.0154626233727867));
#3434=CARTESIAN_POINT('',(-0.0117655660624216,0.0381921866398101,0.014967035397614));
#3435=CARTESIAN_POINT('',(-0.0107122092029771,0.0381922836276544,0.0142980693846698));
#3436=CARTESIAN_POINT('',(-0.00944249573869752,0.0381924121024583,0.0133417351571075));
#3437=CARTESIAN_POINT('',(-0.00794914449319787,0.0381920531937288,0.0119644971899875));
#3438=CARTESIAN_POINT('',(-0.0064322394348987,0.0381926719249364,0.0101353892725124));
#3439=CARTESIAN_POINT('',(-0.00506720531022352,0.0381924105463521,0.00788304086364051));
#3440=CARTESIAN_POINT('',(-0.0041610688162101,0.0381921173113885,0.00570993587525484));
#3441=CARTESIAN_POINT('',(-0.00360713381334731,0.0381927213583668,0.00366571941100034));
#3442=CARTESIAN_POINT('',(-0.00331251944336256,0.0381925374444028,0.00181028128281647));
#3443=CARTESIAN_POINT('',(-0.00321667230204198,0.0381920434170108,1.09348707125866E-5));
#3444=CARTESIAN_POINT('',(-0.00331009960874009,0.038192530441674,-0.00178693129996436));
#3445=CARTESIAN_POINT('',(-0.00360215007597393,0.038192724263063,-0.00364238064126374));
#3446=CARTESIAN_POINT('',(-0.00415322692510274,0.0381921242197579,-0.00568702740374176));
#3447=CARTESIAN_POINT('',(-0.0050559644098376,0.038192401811566,-0.00786099659043444));
#3448=CARTESIAN_POINT('',(-0.00641782496999703,0.0381926476705911,-0.0101149842510432));
#3449=CARTESIAN_POINT('',(-0.00793218070408968,0.0381921112382128,-0.0119465557237063));
#3450=CARTESIAN_POINT('',(-0.0094241197898098,0.0381922563713369,-0.0133263640573523));
#3451=CARTESIAN_POINT('',(-0.0106914075245105,0.0381922274590371,-0.0142837449411757));
#3452=CARTESIAN_POINT('',(-0.0117019143376544,0.0381921766789303,-0.0149272693753062));
#3453=CARTESIAN_POINT('',(-0.0124622720094208,0.0381922692099054,-0.0153522911032034));
#3454=CARTESIAN_POINT('',(-0.0130511558526366,0.0381922004732777,-0.0156512387124143));
#3455=CARTESIAN_POINT('',(-0.0136271949776989,0.0381921996638623,-0.0159174892202459));
#3456=CARTESIAN_POINT('',(-0.0143255840228987,0.0381921937125905,-0.0162066411353148));
#3457=CARTESIAN_POINT('',(-0.0151669580940572,0.0381922061845402,-0.0165214364155443));
#3458=CARTESIAN_POINT('',(-0.0161186705492926,0.0381922546814878,-0.0168614440071513));
#3459=CARTESIAN_POINT('',(-0.0172056593947475,0.03819218836101,-0.0172464534692042));
#3460=CARTESIAN_POINT('',(-0.0184932248520991,0.0381922199487837,-0.0177066165892482));
#3461=CARTESIAN_POINT('',(-0.0207585197311845,0.0381921955389601,-0.0185132261201056));
#3462=CARTESIAN_POINT('',(-0.0225866806109929,0.038192213103701,-0.0191655746017811));
#3463=CARTESIAN_POINT('',(-0.0238799604559174,0.0381922069043807,-0.019626364837591));
#3464=CARTESIAN_POINT('',(-0.024225651702321,0.0369053082222057,0.0187373928300312));
#3465=CARTESIAN_POINT('',(-0.0229333689680714,0.0369053020315434,0.0182766865383371));
#3466=CARTESIAN_POINT('',(-0.0211020666347061,0.0369053195717536,0.017623987459685));
#3467=CARTESIAN_POINT('',(-0.0188408681803977,0.03690529519602,0.0168177691669555));
#3468=CARTESIAN_POINT('',(-0.0175537313709031,0.0369053267482585,0.016359140560032));
#3469=CARTESIAN_POINT('',(-0.0164660165895464,0.0369052604995808,0.0159709712230835));
#3470=CARTESIAN_POINT('',(-0.0155136937149469,0.036905495292004,0.0156330133617131));
#3471=CARTESIAN_POINT('',(-0.0146425327918436,0.0369053657058298,0.0153073336272014));
#3472=CARTESIAN_POINT('',(-0.0138581678548144,0.0369052315811667,0.0149802106060933));
#3473=CARTESIAN_POINT('',(-0.0131036101000285,0.0369053316680145,0.0146157211849117));
#3474=CARTESIAN_POINT('',(-0.0122529307578241,0.0369052876601378,0.0141469171118884));
#3475=CARTESIAN_POINT('',(-0.0112573558493889,0.0369053860866418,0.0135144819871414));
#3476=CARTESIAN_POINT('',(-0.0100550365935622,0.0369055165238117,0.0126088411006725));
#3477=CARTESIAN_POINT('',(-0.00864424187070243,0.0369051522017512,0.011307902978832));
#3478=CARTESIAN_POINT('',(-0.00721394346739705,0.0369057801951506,0.00958257516517978));
#3479=CARTESIAN_POINT('',(-0.00591910843446982,0.0369055148480879,0.00744628603370349));
#3480=CARTESIAN_POINT('',(-0.00506535102997964,0.0369052172817783,0.00539933409922462));
#3481=CARTESIAN_POINT('',(-0.00454162324724348,0.0369058304686,0.00346565466111112));
#3482=CARTESIAN_POINT('',(-0.00426259602698812,0.0369056437297022,0.00170856453791082));
#3483=CARTESIAN_POINT('',(-0.00417175416830933,0.0369051422783101,1.02779825761855E-5));
#3484=CARTESIAN_POINT('',(-0.00426030340141155,0.0369056366199888,-0.00168645454058348));
#3485=CARTESIAN_POINT('',(-0.00453690351190281,0.0369058334180339,-0.00344355498435356));
#3486=CARTESIAN_POINT('',(-0.00505795862344413,0.0369052242937205,-0.00537772548058903));
#3487=CARTESIAN_POINT('',(-0.00590847920748614,0.0369055059831636,-0.00742544952773985));
#3488=CARTESIAN_POINT('',(-0.00720028362331103,0.0369057555743143,-0.00956326941725714));
#3489=CARTESIAN_POINT('',(-0.0086282625464809,0.0369052111252359,-0.0112909474869229));
#3490=CARTESIAN_POINT('',(-0.0100377706976263,0.03690535843445,-0.012594571938568));
#3491=CARTESIAN_POINT('',(-0.0112373967126548,0.0369053290767563,-0.0135008315967632));
#3492=CARTESIAN_POINT('',(-0.0121927247851101,0.036905277554791,-0.0141092856545814));
#3493=CARTESIAN_POINT('',(-0.0129122575501797,0.0369053714378253,-0.0145113947179166));
#3494=CARTESIAN_POINT('',(-0.0134685266127668,0.0369053017219894,-0.0147937607784102));
#3495=CARTESIAN_POINT('',(-0.0140078009207457,0.0369053008316932,-0.015043007806228));
#3496=CARTESIAN_POINT('',(-0.014672885994237,0.0369052947842338,-0.0153185311063321));
#3497=CARTESIAN_POINT('',(-0.0154898335149967,0.0369053075389557,-0.0156242934109381));
#3498=CARTESIAN_POINT('',(-0.0164372238155834,0.036905356718762,-0.0159627594676503));
#3499=CARTESIAN_POINT('',(-0.0175264188566811,0.0369052893996006,-0.0163486088650475));
#3500=CARTESIAN_POINT('',(-0.018812933525325,0.0369053214630373,-0.0168083719323684));
#3501=CARTESIAN_POINT('',(-0.0210790404137418,0.0369052966856396,-0.0176152906086724));
#3502=CARTESIAN_POINT('',(-0.0229066169905407,0.0369053145148781,-0.0182674166364819));
#3503=CARTESIAN_POINT('',(-0.024200103060057,0.0369053082222057,-0.018728285385421));
#3504=CARTESIAN_POINT('',(-0.024631255416114,0.0346521355680739,0.0175995737569945));
#3505=CARTESIAN_POINT('',(-0.0233391356636593,0.034652130143324,0.0171389345541507));
#3506=CARTESIAN_POINT('',(-0.0215073715485428,0.0346521455134493,0.0164860453904224));
#3507=CARTESIAN_POINT('',(-0.0192468148350472,0.0346521241534952,0.0156800912600409));
#3508=CARTESIAN_POINT('',(-0.017961866310768,0.0346521518020711,0.0152221969034639));
#3509=CARTESIAN_POINT('',(-0.0168697496558052,0.0346520937497063,0.0148325546079021));
#3510=CARTESIAN_POINT('',(-0.0159242464576255,0.034652299499943,0.014496687289435));
#3511=CARTESIAN_POINT('',(-0.0150812400095577,0.0346521855815697,0.0141814854524835));
#3512=CARTESIAN_POINT('',(-0.014351677563646,0.0346520685889692,0.0138770781251475));
#3513=CARTESIAN_POINT('',(-0.0136598677572209,0.0346521560606854,0.0135427442165176));
#3514=CARTESIAN_POINT('',(-0.0128703691104094,0.0346521175881094,0.0131078552877234));
#3515=CARTESIAN_POINT('',(-0.0119481712204658,0.0346522036740819,0.0125218029994672));
#3516=CARTESIAN_POINT('',(-0.0108310498872002,0.0346523179311602,0.0116802536297109));
#3517=CARTESIAN_POINT('',(-0.00952482298094544,0.0346519990194909,0.0104759564427069));
#3518=CARTESIAN_POINT('',(-0.00820460201502363,0.0346525485090495,0.00888250240032376));
#3519=CARTESIAN_POINT('',(-0.00699822413509054,0.0346523162461955,0.00689246200114222));
#3520=CARTESIAN_POINT('',(-0.00621112893496876,0.0346520558893903,0.00500608411322326));
#3521=CARTESIAN_POINT('',(-0.00572563004269511,0.0346525928125809,0.00321227682827128));
#3522=CARTESIAN_POINT('',(-0.00546629696446155,0.0346524291246173,0.00157942571019067));
#3523=CARTESIAN_POINT('',(-0.0053817902313679,0.0346519903752261,9.43924536060926E-6));
#3524=CARTESIAN_POINT('',(-0.00546416518742867,0.0346524228961802,-0.00155888215939161));
#3525=CARTESIAN_POINT('',(-0.00572124364698748,0.0346525953988793,-0.00319174270159485));
#3526=CARTESIAN_POINT('',(-0.00620430799475769,0.034652062022364,-0.00498612707205345));
#3527=CARTESIAN_POINT('',(-0.00698836864638895,0.0346523084931781,-0.00687315469574151));
#3528=CARTESIAN_POINT('',(-0.00819190333992352,0.0346525269510039,-0.00886459207682049));
#3529=CARTESIAN_POINT('',(-0.00951008027002256,0.0346520506146068,-0.0104602420030806));
#3530=CARTESIAN_POINT('',(-0.0108152742568999,0.0346521795147947,-0.0116674626296935));
#3531=CARTESIAN_POINT('',(-0.0119291422864573,0.0346521538110193,-0.0125089231313575));
#3532=CARTESIAN_POINT('',(-0.0128145416923098,0.0346521087408726,-0.0130729369969248));
#3533=CARTESIAN_POINT('',(-0.0134823224315496,0.0346521908611471,-0.0134459952572662));
#3534=CARTESIAN_POINT('',(-0.0139973681191577,0.034652129919411,-0.0137074088855015));
#3535=CARTESIAN_POINT('',(-0.0144899443727301,0.034652129034712,-0.01393505683217));
#3536=CARTESIAN_POINT('',(-0.0151128634384526,0.0346521237288608,-0.014193331629603));
#3537=CARTESIAN_POINT('',(-0.0158988671389367,0.034652135035393,-0.0144876489192534));
#3538=CARTESIAN_POINT('',(-0.0168408473919532,0.0346521780168242,-0.0148241803771034));
#3539=CARTESIAN_POINT('',(-0.01793279110638,0.0346521190927585,-0.0152110847719142));
#3540=CARTESIAN_POINT('',(-0.0192179966096716,0.0346521471576959,-0.0156703453546199));
#3541=CARTESIAN_POINT('',(-0.0214851151710109,0.0346521254701855,-0.0164776523318196));
#3542=CARTESIAN_POINT('',(-0.0233119637715291,0.034652141076013,-0.0171294989473451));
#3543=CARTESIAN_POINT('',(-0.0246057067738503,0.0346521355680738,-0.0175904663123845));
#3544=CARTESIAN_POINT('',(-0.0249198829594944,0.0312399362525859,0.0167899018711277));
#3545=CARTESIAN_POINT('',(-0.0236278787887111,0.0312399336377391,0.0163293105860197));
#3546=CARTESIAN_POINT('',(-0.021795787192191,0.0312399410464721,0.0156762856553719));
#3547=CARTESIAN_POINT('',(-0.0195356855815276,0.0312399307505119,0.0148705202010775));
#3548=CARTESIAN_POINT('',(-0.0182522962604225,0.0312399440777231,0.0144131474333605));
#3549=CARTESIAN_POINT('',(-0.0171570429891867,0.0312399160952248,0.014022458876852));
#3550=CARTESIAN_POINT('',(-0.0162164600218673,0.0312400152701609,0.0136880910634628));
#3551=CARTESIAN_POINT('',(-0.0153932954455857,0.0312399602345673,0.0133802792584126));
#3552=CARTESIAN_POINT('',(-0.014702854549503,0.0312399040255874,0.0130920893278636));
#3553=CARTESIAN_POINT('',(-0.0140557064117961,0.0312399461132438,0.0127792165847447));
#3554=CARTESIAN_POINT('',(-0.0133097216408468,0.0312399275991219,0.0123684494454457));
#3555=CARTESIAN_POINT('',(-0.0124398413127614,0.031239969035515,0.0118154643058654));
#3556=CARTESIAN_POINT('',(-0.0113832335444045,0.0312400241029714,0.0110194425402002));
#3557=CARTESIAN_POINT('',(-0.0101514027213503,0.0312398704902369,0.00988389616252433));
#3558=CARTESIAN_POINT('',(-0.0089097204217638,0.0312401350714376,0.00838452229970428));
#3559=CARTESIAN_POINT('',(-0.00776599985478603,0.0312400232105791,0.00649807233649918));
#3560=CARTESIAN_POINT('',(-0.00702652563358829,0.0312398978325514,0.00472640842122414));
#3561=CARTESIAN_POINT('',(-0.00656819968973209,0.0312401565343679,0.00303203003836719));
#3562=CARTESIAN_POINT('',(-0.00632284991919402,0.0312400775887015,0.00148736913243624));
#3563=CARTESIAN_POINT('',(-0.00624285197901914,0.0312398663486884,8.83844136699591E-6));
#3564=CARTESIAN_POINT('',(-0.00632083246318007,0.031240074586493,-0.00146793747551366));
#3565=CARTESIAN_POINT('',(-0.00656404979735204,0.0312401577821758,-0.00301260737827007));
#3566=CARTESIAN_POINT('',(-0.00702011247518002,0.0312399007842576,-0.00470762949074712));
#3567=CARTESIAN_POINT('',(-0.0077566943174177,0.0312400194792201,-0.00647985260341512));
#3568=CARTESIAN_POINT('',(-0.00889770880240456,0.0312401246844386,-0.00836760629024897));
#3569=CARTESIAN_POINT('',(-0.010137533405349,0.0312398953497198,-0.00986906052009068));
#3570=CARTESIAN_POINT('',(-0.0113685697212536,0.0312399574173969,-0.0110077516939843));
#3571=CARTESIAN_POINT('',(-0.012421391748196,0.0312399450370358,-0.0118030820083988));
#3572=CARTESIAN_POINT('',(-0.013257018590151,0.0312399233348186,-0.0123354673831009));
#3573=CARTESIAN_POINT('',(-0.0138879538557097,0.0312399628740079,-0.0126878403470906));
#3574=CARTESIAN_POINT('',(-0.014373725539904,0.0312399335434869,-0.0129343777507825));
#3575=CARTESIAN_POINT('',(-0.014832998037518,0.0312399330865062,-0.0131466209170384));
#3576=CARTESIAN_POINT('',(-0.0154259320678497,0.0312399305268168,-0.0133926340035351));
#3577=CARTESIAN_POINT('',(-0.0161899202472491,0.0312399360137747,-0.0136788072581606));
#3578=CARTESIAN_POINT('',(-0.0171280811900628,0.0312399566982986,-0.0140139703643299));
#3579=CARTESIAN_POINT('',(-0.0182219595936719,0.0312399283171447,-0.0144016217452126));
#3580=CARTESIAN_POINT('',(-0.0195062436240409,0.0312399418348017,-0.0148605265459948));
#3581=CARTESIAN_POINT('',(-0.0217740742644184,0.0312399313888735,-0.01566810845786));
#3582=CARTESIAN_POINT('',(-0.0236004104694402,0.0312399389055199,-0.0163197572368018));
#3583=CARTESIAN_POINT('',(-0.0248943343172305,0.0312399362525858,-0.0167807944265178));
#3584=CARTESIAN_POINT('',(-0.0249941528855177,0.028575,0.0165815562975833));
#3585=CARTESIAN_POINT('',(-0.0237021784202139,0.0285750000000001,0.0161209773611231));
#3586=CARTESIAN_POINT('',(-0.0218700026581672,0.0285749999999998,0.0154679174426389));
#3587=CARTESIAN_POINT('',(-0.0196100180128319,0.0285750000000001,0.0146622006111471));
#3588=CARTESIAN_POINT('',(-0.0183270300915523,0.028575,0.014204961965388));
#3589=CARTESIAN_POINT('',(-0.0172309693162256,0.028575,0.0138140043808299));
#3590=CARTESIAN_POINT('',(-0.0162916590931315,0.028575,0.013480023606229));
#3591=CARTESIAN_POINT('',(-0.0154735810852451,0.028575,0.013174106847128));
#3592=CARTESIAN_POINT('',(-0.0147932192721694,0.028575,0.0128900952156048));
#3593=CARTESIAN_POINT('',(-0.0141575645988012,0.028575,0.0125827451670468));
#3594=CARTESIAN_POINT('',(-0.0134227746109868,0.028575,0.0121781838330327));
#3595=CARTESIAN_POINT('',(-0.0125663669684321,0.028575,0.0116337137092481));
#3596=CARTESIAN_POINT('',(-0.0115253192392673,0.0285750000000001,0.0108493991464079));
#3597=CARTESIAN_POINT('',(-0.0103126306730285,0.028575,0.00973154186568986));
#3598=CARTESIAN_POINT('',(-0.00909117879374704,0.0285749999999999,0.0082564008293166));
#3599=CARTESIAN_POINT('',(-0.00796355230668497,0.028575,0.00639655863765895));
#3600=CARTESIAN_POINT('',(-0.00723635048411955,0.028575,0.00465445815581861));
#3601=CARTESIAN_POINT('',(-0.00678501355755419,0.028575,0.0029856544640512));
#3602=CARTESIAN_POINT('',(-0.00654325888656701,0.028575,0.00146366485632002));
#3603=CARTESIAN_POINT('',(-0.00646442129076012,0.028575,8.68344392762398E-6));
#3604=CARTESIAN_POINT('',(-0.00654127083445541,0.028575,-0.00144451903242462));
#3605=CARTESIAN_POINT('',(-0.00678092445196816,0.028575,-0.00296651754918452));
#3606=CARTESIAN_POINT('',(-0.00723004236843383,0.028575,-0.00463598266373111));
#3607=CARTESIAN_POINT('',(-0.0079543882204478,0.028575,-0.00637861869861056));
#3608=CARTESIAN_POINT('',(-0.00907934427792398,0.028575,-0.00823974080707492));
#3609=CARTESIAN_POINT('',(-0.0102989854381757,0.028575,-0.00971693192884813));
#3610=CARTESIAN_POINT('',(-0.011510946668673,0.0285749999999999,-0.0108379962237186));
#3611=CARTESIAN_POINT('',(-0.0125480582059179,0.028575,-0.0116214543498523));
#3612=CARTESIAN_POINT('',(-0.0133708763968131,0.028575,-0.0121457005620688));
#3613=CARTESIAN_POINT('',(-0.0139923286490386,0.028575,-0.0124927494884045));
#3614=CARTESIAN_POINT('',(-0.0144705736184133,0.028575,-0.0127354622944098));
#3615=CARTESIAN_POINT('',(-0.0149212689641569,0.028575,-0.0129437379743393));
#3616=CARTESIAN_POINT('',(-0.0155064893003176,0.0285750000000001,-0.013186597121589));
#3617=CARTESIAN_POINT('',(-0.016264812801749,0.028575,-0.0134706747561117));
#3618=CARTESIAN_POINT('',(-0.0172019940168482,0.028575,-0.0138054865977824));
#3619=CARTESIAN_POINT('',(-0.0182963681179471,0.028575,-0.0141933298074831));
#3620=CARTESIAN_POINT('',(-0.0195804160526067,0.0285750000000001,-0.0146521432421361));
#3621=CARTESIAN_POINT('',(-0.0218484291387205,0.0285750000000002,-0.015459795758252));
#3622=CARTESIAN_POINT('',(-0.0236746340600388,0.0285749999999998,-0.0161113937320195));
#3623=CARTESIAN_POINT('',(-0.0249686042432535,0.0285749999999998,-0.0165724488529735));
#3624=CARTESIAN_POINT('',(-0.024919882959495,0.0259100637474141,0.016789901871128));
#3625=CARTESIAN_POINT('',(-0.0236278787887097,0.0259100663622612,0.0163293105860189));
#3626=CARTESIAN_POINT('',(-0.0217957871921923,0.0259100589535276,0.0156762856553727));
#3627=CARTESIAN_POINT('',(-0.0195356855815275,0.0259100692494883,0.0148705202010772));
#3628=CARTESIAN_POINT('',(-0.0182522962604223,0.0259100559222769,0.0144131474333604));
#3629=CARTESIAN_POINT('',(-0.0171570429891868,0.0259100839047752,0.014022458876852));
#3630=CARTESIAN_POINT('',(-0.0162164600218673,0.0259099847298391,0.0136880910634628));
#3631=CARTESIAN_POINT('',(-0.0153932954455857,0.0259100397654327,0.0133802792584126));
#3632=CARTESIAN_POINT('',(-0.014702854549503,0.0259100959744126,0.0130920893278636));
#3633=CARTESIAN_POINT('',(-0.0140557064117961,0.0259100538867562,0.0127792165847447));
#3634=CARTESIAN_POINT('',(-0.0133097216408468,0.0259100724008781,0.0123684494454456));
#3635=CARTESIAN_POINT('',(-0.0124398413127615,0.0259100309644849,0.0118154643058654));
#3636=CARTESIAN_POINT('',(-0.0113832335444046,0.0259099758970287,0.0110194425402001));
#3637=CARTESIAN_POINT('',(-0.01015140272135,0.0259101295097631,0.009883896162524));
#3638=CARTESIAN_POINT('',(-0.00890972042176394,0.0259098649285624,0.00838452229970468));
#3639=CARTESIAN_POINT('',(-0.00776599985478604,0.025909976789421,0.00649807233649907));
#3640=CARTESIAN_POINT('',(-0.00702652563358826,0.0259101021674486,0.00472640842122416));
#3641=CARTESIAN_POINT('',(-0.0065681996897321,0.0259098434656322,0.00303203003836729));
#3642=CARTESIAN_POINT('',(-0.00632284991919402,0.0259099224112986,0.00148736913243626));
#3643=CARTESIAN_POINT('',(-0.00624285197901915,0.0259101336513116,8.83844136698942E-6));
#3644=CARTESIAN_POINT('',(-0.00632083246318007,0.025909925413507,-0.00146793747551366));
#3645=CARTESIAN_POINT('',(-0.00656404979735205,0.0259098422178242,-0.00301260737827007));
#3646=CARTESIAN_POINT('',(-0.00702011247518002,0.0259100992157425,-0.00470762949074711));
#3647=CARTESIAN_POINT('',(-0.00775669431741771,0.0259099805207799,-0.00647985260341512));
#3648=CARTESIAN_POINT('',(-0.00889770880240449,0.0259098753155615,-0.00836760629024896));
#3649=CARTESIAN_POINT('',(-0.0101375334053491,0.0259101046502802,-0.0098690605200907));
#3650=CARTESIAN_POINT('',(-0.0113685697212534,0.0259100425826031,-0.0110077516939844));
#3651=CARTESIAN_POINT('',(-0.012421391748196,0.0259100549629644,-0.0118030820083986));
#3652=CARTESIAN_POINT('',(-0.0132570185901512,0.0259100766651815,-0.012335467383101));
#3653=CARTESIAN_POINT('',(-0.0138879538557096,0.0259100371259921,-0.0126878403470905));
#3654=CARTESIAN_POINT('',(-0.0143737255399042,0.0259100664565132,-0.0129343777507826));
#3655=CARTESIAN_POINT('',(-0.0148329980375177,0.0259100669134938,-0.0131466209170383));
#3656=CARTESIAN_POINT('',(-0.0154259320678497,0.0259100694731833,-0.013392634003535));
#3657=CARTESIAN_POINT('',(-0.0161899202472497,0.0259100639862254,-0.0136788072581609));
#3658=CARTESIAN_POINT('',(-0.0171280811900624,0.0259100433017014,-0.0140139703643299));
#3659=CARTESIAN_POINT('',(-0.018221959593672,0.0259100716828554,-0.0144016217452126));
#3660=CARTESIAN_POINT('',(-0.0195062436240402,0.0259100581651985,-0.0148605265459944));
#3661=CARTESIAN_POINT('',(-0.0217740742644189,0.025910068611127,-0.0156681084578597));
#3662=CARTESIAN_POINT('',(-0.0236004104694408,0.0259100610944797,-0.0163197572368025));
#3663=CARTESIAN_POINT('',(-0.0248943343172304,0.025910063747414,-0.0167807944265182));
#3664=CARTESIAN_POINT('',(-0.0246312554161153,0.0224978644319261,0.0175995737569951));
#3665=CARTESIAN_POINT('',(-0.0233391356636566,0.0224978698566762,0.0171389345541491));
#3666=CARTESIAN_POINT('',(-0.0215073715485455,0.0224978544865505,0.0164860453904238));
#3667=CARTESIAN_POINT('',(-0.0192468148350468,0.0224978758465049,0.0156800912600404));
#3668=CARTESIAN_POINT('',(-0.0179618663107677,0.0224978481979289,0.0152221969034637));
#3669=CARTESIAN_POINT('',(-0.0168697496558053,0.0224979062502938,0.0148325546079021));
#3670=CARTESIAN_POINT('',(-0.0159242464576255,0.022497700500057,0.014496687289435));
#3671=CARTESIAN_POINT('',(-0.0150812400095578,0.0224978144184304,0.0141814854524835));
#3672=CARTESIAN_POINT('',(-0.0143516775636461,0.0224979314110309,0.0138770781251475));
#3673=CARTESIAN_POINT('',(-0.0136598677572208,0.0224978439393146,0.0135427442165175));
#3674=CARTESIAN_POINT('',(-0.0128703691104095,0.0224978824118906,0.0131078552877235));
#3675=CARTESIAN_POINT('',(-0.011948171220466,0.0224977963259182,0.0125218029994672));
#3676=CARTESIAN_POINT('',(-0.0108310498872004,0.0224976820688398,0.0116802536297108));
#3677=CARTESIAN_POINT('',(-0.00952482298094495,0.0224980009805092,0.0104759564427063));
#3678=CARTESIAN_POINT('',(-0.00820460201502391,0.0224974514909504,0.00888250240032456));
#3679=CARTESIAN_POINT('',(-0.00699822413509055,0.0224976837538046,0.006892462001142));
#3680=CARTESIAN_POINT('',(-0.00621112893496875,0.0224979441106098,0.00500608411322329));
#3681=CARTESIAN_POINT('',(-0.00572563004269514,0.0224974071874191,0.00321227682827147));
#3682=CARTESIAN_POINT('',(-0.00546629696446157,0.0224975708753828,0.00157942571019074));
#3683=CARTESIAN_POINT('',(-0.00538179023136792,0.0224980096247739,9.43924536059009E-6));
#3684=CARTESIAN_POINT('',(-0.00546416518742869,0.0224975771038199,-0.00155888215939161));
#3685=CARTESIAN_POINT('',(-0.0057212436469875,0.0224974046011207,-0.00319174270159485));
#3686=CARTESIAN_POINT('',(-0.00620430799475771,0.0224979379776361,-0.00498612707205347));
#3687=CARTESIAN_POINT('',(-0.00698836864638898,0.022497691506822,-0.0068731546957415));
#3688=CARTESIAN_POINT('',(-0.00819190333992348,0.0224974730489962,-0.00886459207682049));
#3689=CARTESIAN_POINT('',(-0.00951008027002267,0.0224979493853932,-0.0104602420030806));
#3690=CARTESIAN_POINT('',(-0.0108152742568999,0.0224978204852053,-0.0116674626296937));
#3691=CARTESIAN_POINT('',(-0.0119291422864569,0.0224978461889807,-0.0125089231313571));
#3692=CARTESIAN_POINT('',(-0.0128145416923104,0.0224978912591275,-0.0130729369969251));
#3693=CARTESIAN_POINT('',(-0.0134823224315493,0.0224978091388529,-0.013445995257266));
#3694=CARTESIAN_POINT('',(-0.0139973681191581,0.0224978700805891,-0.0137074088855017));
#3695=CARTESIAN_POINT('',(-0.0144899443727296,0.022497870965288,-0.0139350568321698));
#3696=CARTESIAN_POINT('',(-0.0151128634384525,0.0224978762711393,-0.0141933316296027));
#3697=CARTESIAN_POINT('',(-0.0158988671389378,0.0224978649646071,-0.0144876489192539));
#3698=CARTESIAN_POINT('',(-0.0168408473919526,0.0224978219831759,-0.0148241803771034));
#3699=CARTESIAN_POINT('',(-0.0179327911063801,0.0224978809072416,-0.0152110847719142));
#3700=CARTESIAN_POINT('',(-0.0192179966096704,0.0224978528423042,-0.0156703453546193));
#3701=CARTESIAN_POINT('',(-0.0214851151710117,0.0224978745298146,-0.0164776523318192));
#3702=CARTESIAN_POINT('',(-0.0233119637715302,0.022497858923987,-0.0171294989473466));
#3703=CARTESIAN_POINT('',(-0.0246057067738502,0.0224978644319262,-0.0175904663123852));
#3704=CARTESIAN_POINT('',(-0.0242256517023221,0.0202446917777943,0.0187373928300316));
#3705=CARTESIAN_POINT('',(-0.0229333689680692,0.0202446979684563,0.0182766865383359));
#3706=CARTESIAN_POINT('',(-0.0211020666347082,0.0202446804282465,0.0176239874596861));
#3707=CARTESIAN_POINT('',(-0.0188408681803975,0.0202447048039799,0.0168177691669551));
#3708=CARTESIAN_POINT('',(-0.0175537313709027,0.0202446732517415,0.0163591405600317));
#3709=CARTESIAN_POINT('',(-0.0164660165895466,0.0202447395004191,0.0159709712230835));
#3710=CARTESIAN_POINT('',(-0.0155136937149468,0.020244504707996,0.015633013361713));
#3711=CARTESIAN_POINT('',(-0.0146425327918436,0.0202446342941701,0.0153073336272014));
#3712=CARTESIAN_POINT('',(-0.0138581678548142,0.0202447684188333,0.0149802106060932));
#3713=CARTESIAN_POINT('',(-0.0131036101000286,0.0202446683319855,0.0146157211849118));
#3714=CARTESIAN_POINT('',(-0.0122529307578241,0.0202447123398622,0.0141469171118883));
#3715=CARTESIAN_POINT('',(-0.0112573558493891,0.0202446139133582,0.0135144819871414));
#3716=CARTESIAN_POINT('',(-0.0100550365935623,0.0202444834761883,0.0126088411006723));
#3717=CARTESIAN_POINT('',(-0.00864424187070201,0.0202448477982488,0.0113079029788315));
#3718=CARTESIAN_POINT('',(-0.00721394346739732,0.0202442198048495,0.00958257516518039));
#3719=CARTESIAN_POINT('',(-0.00591910843446984,0.0202444851519121,0.00744628603370329));
#3720=CARTESIAN_POINT('',(-0.00506535102997962,0.0202447827182217,0.00539933409922465));
#3721=CARTESIAN_POINT('',(-0.00454162324724351,0.0202441695314,0.00346565466111128));
#3722=CARTESIAN_POINT('',(-0.00426259602698812,0.0202443562702979,0.00170856453791086));
#3723=CARTESIAN_POINT('',(-0.00417175416830934,0.0202448577216899,1.02779825761769E-5));
#3724=CARTESIAN_POINT('',(-0.00426030340141157,0.0202443633800112,-0.00168645454058348));
#3725=CARTESIAN_POINT('',(-0.00453690351190282,0.020244166581966,-0.00344355498435356));
#3726=CARTESIAN_POINT('',(-0.00505795862344414,0.0202447757062796,-0.005377725480589));
#3727=CARTESIAN_POINT('',(-0.00590847920748615,0.0202444940168364,-0.00742544952773985));
#3728=CARTESIAN_POINT('',(-0.00720028362331097,0.0202442444256858,-0.00956326941725709));
#3729=CARTESIAN_POINT('',(-0.00862826254648102,0.0202447888747641,-0.0112909474869229));
#3730=CARTESIAN_POINT('',(-0.0100377706976261,0.0202446415655501,-0.012594571938568));
#3731=CARTESIAN_POINT('',(-0.0112373967126547,0.0202446709232437,-0.013500831596763));
#3732=CARTESIAN_POINT('',(-0.0121927247851104,0.020244722445209,-0.0141092856545816));
#3733=CARTESIAN_POINT('',(-0.0129122575501795,0.0202446285621747,-0.0145113947179164));
#3734=CARTESIAN_POINT('',(-0.0134685266127671,0.0202446982780105,-0.0147937607784104));
#3735=CARTESIAN_POINT('',(-0.0140078009207452,0.0202446991683069,-0.0150430078062277));
#3736=CARTESIAN_POINT('',(-0.014672885994237,0.0202447052157661,-0.0153185311063319));
#3737=CARTESIAN_POINT('',(-0.0154898335149976,0.0202446924610444,-0.0156242934109385));
#3738=CARTESIAN_POINT('',(-0.0164372238155829,0.0202446432812381,-0.0159627594676503));
#3739=CARTESIAN_POINT('',(-0.0175264188566812,0.0202447106003994,-0.0163486088650475));
#3740=CARTESIAN_POINT('',(-0.0188129335253238,0.0202446785369627,-0.0168083719323678));
#3741=CARTESIAN_POINT('',(-0.0210790404137426,0.0202447033143604,-0.0176152906086721));
#3742=CARTESIAN_POINT('',(-0.0229066169905416,0.0202446854851221,-0.0182674166364829));
#3743=CARTESIAN_POINT('',(-0.0242001030600568,0.0202446917777945,-0.0187282853854216));
#3744=CARTESIAN_POINT('',(-0.0239055090981826,0.0189577930956194,0.0196354722822015));
#3745=CARTESIAN_POINT('',(-0.0226130976107038,0.0189577991913039,0.0191747134768759));
#3746=CARTESIAN_POINT('',(-0.0207821600781502,0.018957781920197,0.0185221631868454));
#3747=CARTESIAN_POINT('',(-0.0185204546580123,0.0189578059219565,0.0177157381216945));
#3748=CARTESIAN_POINT('',(-0.0172315912092597,0.0189577748537944,0.0172565277321288));
#3749=CARTESIAN_POINT('',(-0.0161473496157791,0.0189578400860696,0.0168695257003843));
#3750=CARTESIAN_POINT('',(-0.0151897420335293,0.0189576089134672,0.0165299344438833));
#3751=CARTESIAN_POINT('',(-0.0142960743445853,0.0189577363312891,0.0161958869113776));
#3752=CARTESIAN_POINT('',(-0.0134686409281634,0.0189578686559398,0.0158509153778498));
#3753=CARTESIAN_POINT('',(-0.0126645626048962,0.0189577699822565,0.0154626233727867));
#3754=CARTESIAN_POINT('',(-0.0117655660624217,0.01895781336019,0.014967035397614));
#3755=CARTESIAN_POINT('',(-0.0107122092029773,0.0189577163723456,0.0142980693846699));
#3756=CARTESIAN_POINT('',(-0.00944249573869756,0.0189575878975417,0.0133417351571075));
#3757=CARTESIAN_POINT('',(-0.00794914449319764,0.0189579468062712,0.0119644971899872));
#3758=CARTESIAN_POINT('',(-0.00643223943489892,0.0189573280750638,0.0101353892725128));
#3759=CARTESIAN_POINT('',(-0.00506720531022351,0.018957589453648,0.00788304086364039));
#3760=CARTESIAN_POINT('',(-0.00416106881621013,0.0189578826886116,0.00570993587525486));
#3761=CARTESIAN_POINT('',(-0.00360713381334735,0.0189572786416333,0.00366571941100045));
#3762=CARTESIAN_POINT('',(-0.00331251944336259,0.0189574625555973,0.00181028128281651));
#3763=CARTESIAN_POINT('',(-0.003216672302042,0.0189579565829892,1.09348707125774E-5));
#3764=CARTESIAN_POINT('',(-0.00331009960874012,0.018957469558326,-0.00178693129996436));
#3765=CARTESIAN_POINT('',(-0.00360215007597395,0.0189572757369371,-0.00364238064126374));
#3766=CARTESIAN_POINT('',(-0.00415322692510276,0.0189578757802422,-0.00568702740374177));
#3767=CARTESIAN_POINT('',(-0.00505596440983764,0.0189575981884341,-0.00786099659043444));
#3768=CARTESIAN_POINT('',(-0.00641782496999703,0.0189573523294089,-0.0101149842510432));
#3769=CARTESIAN_POINT('',(-0.00793218070408975,0.0189578887617873,-0.0119465557237064));
#3770=CARTESIAN_POINT('',(-0.00942411978980976,0.0189577436286632,-0.0133263640573524));
#3771=CARTESIAN_POINT('',(-0.0106914075245104,0.0189577725409628,-0.0142837449411756));
#3772=CARTESIAN_POINT('',(-0.0117019143376546,0.0189578233210699,-0.0149272693753063));
#3773=CARTESIAN_POINT('',(-0.0124622720094207,0.0189577307900946,-0.0153522911032033));
#3774=CARTESIAN_POINT('',(-0.0130511558526369,0.0189577995267224,-0.0156512387124144));
#3775=CARTESIAN_POINT('',(-0.0136271949776986,0.0189578003361378,-0.0159174892202458));
#3776=CARTESIAN_POINT('',(-0.0143255840228987,0.0189578062874095,-0.0162066411353147));
#3777=CARTESIAN_POINT('',(-0.0151669580940578,0.01895779381546,-0.0165214364155446));
#3778=CARTESIAN_POINT('',(-0.0161186705492923,0.0189577453185124,-0.0168614440071512));
#3779=CARTESIAN_POINT('',(-0.0172056593947477,0.0189578116389901,-0.0172464534692043));
#3780=CARTESIAN_POINT('',(-0.0184932248520984,0.0189577800512163,-0.0177066165892479));
#3781=CARTESIAN_POINT('',(-0.020758519731185,0.0189578044610398,-0.0185132261201055));
#3782=CARTESIAN_POINT('',(-0.0225866806109936,0.0189577868962994,-0.0191655746017817));
#3783=CARTESIAN_POINT('',(-0.0238799604559174,0.0189577930956197,-0.0196263648375913));
#3784=CARTESIAN_POINT('',(-0.0153415912415613,0.01905,0.01651));
#3785=CARTESIAN_POINT('',(-0.0144823025776547,0.01905,0.0161992647402267));
#3786=CARTESIAN_POINT('',(-0.0127905140466797,0.01905,0.0155319415293921));
#3787=CARTESIAN_POINT('',(-0.0104582744107128,0.0190499999999999,0.0140958341432461));
#3788=CARTESIAN_POINT('',(-0.00836426933743903,0.0190499999999999,0.0123258944597137));
#3789=CARTESIAN_POINT('',(-0.00661075193038219,0.0190500000000001,0.010277493129513));
#3790=CARTESIAN_POINT('',(-0.00515734456836044,0.01905,0.007924159532921));
#3791=CARTESIAN_POINT('',(-0.00411206813732162,0.01905,0.00542864648959875));
#3792=CARTESIAN_POINT('',(-0.00346688548998248,0.01905,0.00274149400912761));
#3793=CARTESIAN_POINT('',(-0.00324181490190967,0.01905,3.97361642695531E-5));
#3794=CARTESIAN_POINT('',(-0.003461228693005,0.01905,-0.00270882861918545));
#3795=CARTESIAN_POINT('',(-0.00429956628584709,0.0190500000000001,-0.00624105639688938));
#3796=CARTESIAN_POINT('',(-0.00639315510169865,0.0190499999999998,-0.0103558918931626));
#3797=CARTESIAN_POINT('',(-0.0096665138784347,0.01905,-0.0136068698663814));
#3798=CARTESIAN_POINT('',(-0.0127583868210306,0.01905,-0.0155161841533477));
#3799=CARTESIAN_POINT('',(-0.0144769863170392,0.0190499999999999,-0.0161965570459615));
#3800=CARTESIAN_POINT('',(-0.0153403568469842,0.01905,-0.01651));
#3801=CARTESIAN_POINT('',(-0.0239090806106862,0.0191283160868772,0.0196258576073615));
#3802=CARTESIAN_POINT('',(-0.0226162143073183,0.0191283099924319,0.019164937146846));
#3803=CARTESIAN_POINT('',(-0.0207846557372887,0.0191283272600272,0.0185121641263574));
#3804=CARTESIAN_POINT('',(-0.018522142407316,0.0191283032631483,0.0177054529327639));
#3805=CARTESIAN_POINT('',(-0.0172328869044277,0.0191283343250029,0.0172461003628404));
#3806=CARTESIAN_POINT('',(-0.0161481393739312,0.0191282691059358,0.0168589230705134));
#3807=CARTESIAN_POINT('',(-0.0151904667670948,0.019128500850764,0.0165192959843416));
#3808=CARTESIAN_POINT('',(-0.0142968977638746,0.019128371937424,0.016185196972561));
#3809=CARTESIAN_POINT('',(-0.0134698766717205,0.0191282403916445,0.0158402313423456));
#3810=CARTESIAN_POINT('',(-0.012665995084143,0.0191283392773079,0.0154518178098575));
#3811=CARTESIAN_POINT('',(-0.0117672738151283,0.0191282956573135,0.0149561216395908));
#3812=CARTESIAN_POINT('',(-0.0107142650955106,0.0191283936350147,0.0142870125020629));
#3813=CARTESIAN_POINT('',(-0.00944504383863353,0.0191285209795846,0.013330498768045));
#3814=CARTESIAN_POINT('',(-0.00795249560417481,0.0191281615762839,0.0119531197088924));
#3815=CARTESIAN_POINT('',(-0.00643658673373374,0.0191287842082187,0.0101237933697057));
#3816=CARTESIAN_POINT('',(-0.00507277961893674,0.0191285154143648,0.00787141290080734));
#3817=CARTESIAN_POINT('',(-0.00416801638836203,0.0191282290707788,0.00569859467575892));
#3818=CARTESIAN_POINT('',(-0.0036152613385379,0.0191288317539734,0.00365469006758582));
#3819=CARTESIAN_POINT('',(-0.00332172347981184,0.0191286438574326,0.00179963778392655));
#3820=CARTESIAN_POINT('',(-0.00322692026390733,0.0191281524376047,1.38956964836985E-6));
#3821=CARTESIAN_POINT('',(-0.00332141575573766,0.0191286429154898,-0.00179666317566427));
#3822=CARTESIAN_POINT('',(-0.00361462386998948,0.0191288323464389,-0.00365170168317428));
#3823=CARTESIAN_POINT('',(-0.00416700721294139,0.0191282292132238,-0.00569563856634702));
#3824=CARTESIAN_POINT('',(-0.00507130072801855,0.0191285183482628,-0.00786851902495981));
#3825=CARTESIAN_POINT('',(-0.00643472565006139,0.0191287504169666,-0.0101211145930334));
#3826=CARTESIAN_POINT('',(-0.00795008027051537,0.0191282222028505,-0.0119505895553304));
#3827=CARTESIAN_POINT('',(-0.00944285827158881,0.0191283650034777,-0.0133286900739844));
#3828=CARTESIAN_POINT('',(-0.0107105844050859,0.0191283358243756,-0.0142845846235073));
#3829=CARTESIAN_POINT('',(-0.011721153760538,0.0191282870519041,-0.0149268558387513));
#3830=CARTESIAN_POINT('',(-0.0124816094969868,0.0191283776529691,-0.0153509704320423));
#3831=CARTESIAN_POINT('',(-0.0130703220423509,0.019128308728951,-0.0156491450997557));
#3832=CARTESIAN_POINT('',(-0.013646084423904,0.0191283084624589,-0.015914493660324));
#3833=CARTESIAN_POINT('',(-0.0143454255446142,0.019128303325372,-0.0162033870085408));
#3834=CARTESIAN_POINT('',(-0.0151881770674121,0.0191283169370941,-0.0165182106496592));
#3835=CARTESIAN_POINT('',(-0.0161407968146674,0.0191283625476996,-0.0168583837892077));
#3836=CARTESIAN_POINT('',(-0.0172282442380213,0.0191282980543863,-0.0172436397922127));
#3837=CARTESIAN_POINT('',(-0.0185162189095063,0.0191283287719,-0.017703909221563));
#3838=CARTESIAN_POINT('',(-0.0207823310415776,0.0191283050345799,-0.0185108406568919));
#3839=CARTESIAN_POINT('',(-0.0226111061441407,0.0191283221154032,-0.0191633860927722));
#3840=CARTESIAN_POINT('',(-0.0239048431614111,0.0191283160868773,-0.0196243470638991));
#3841=CARTESIAN_POINT('',(-0.0242256675470276,0.0178528033054936,0.0187377526857497));
#3842=CARTESIAN_POINT('',(-0.0229329282601627,0.0178527971208574,0.0182768840433223));
#3843=CARTESIAN_POINT('',(-0.0211010098100417,0.0178528146439932,0.0176239642049174));
#3844=CARTESIAN_POINT('',(-0.0188389966075483,0.0178527902919884,0.0168174570450458));
#3845=CARTESIAN_POINT('',(-0.0175514525756054,0.0178528218135225,0.0163586812402329));
#3846=CARTESIAN_POINT('',(-0.0164632536057504,0.0178527556292768,0.015970343577564));
#3847=CARTESIAN_POINT('',(-0.0155108637247539,0.017852990822822,0.0156323514380466));
#3848=CARTESIAN_POINT('',(-0.0146396078581838,0.017852859822736,0.0153065507024183));
#3849=CARTESIAN_POINT('',(-0.0138552699501096,0.0178527265829206,0.014979282512284));
#3850=CARTESIAN_POINT('',(-0.0131003419327813,0.0178528268124896,0.014614412980514));
#3851=CARTESIAN_POINT('',(-0.0122494180412388,0.0178527825911731,0.0141452257340933));
#3852=CARTESIAN_POINT('',(-0.0112535588434229,0.0178528819489015,0.0135122670053208));
#3853=CARTESIAN_POINT('',(-0.0100509946671142,0.0178530111417611,0.0126059207407173));
#3854=CARTESIAN_POINT('',(-0.00864011210771013,0.0178526465897888,0.0113040689568216));
#3855=CARTESIAN_POINT('',(-0.00720982010971198,0.017853278073215,0.00957741223555165));
#3856=CARTESIAN_POINT('',(-0.00591541311877909,0.0178530054026866,0.00743988326473545));
#3857=CARTESIAN_POINT('',(-0.00506241315839198,0.0178527150469735,0.00539189273578217));
#3858=CARTESIAN_POINT('',(-0.00453947309431883,0.017853326392336,0.00345731485914337));
#3859=CARTESIAN_POINT('',(-0.0042613008318625,0.017853135753765,0.00169955050022122));
#3860=CARTESIAN_POINT('',(-0.00417139583276832,0.0178526373207933,1.30690693917112E-6));
#3861=CARTESIAN_POINT('',(-0.00426100911940739,0.0178531347981298,-0.0016967321051127));
#3862=CARTESIAN_POINT('',(-0.00453886902875226,0.0178533269934348,-0.00345448304717805));
#3863=CARTESIAN_POINT('',(-0.00506146146740955,0.0178527151912985,-0.00538910384945672));
#3864=CARTESIAN_POINT('',(-0.00591401360207971,0.0178530083791612,-0.0074371419730096));
#3865=CARTESIAN_POINT('',(-0.00720805594263648,0.0178532437956109,-0.00957490674827685));
#3866=CARTESIAN_POINT('',(-0.00863783278863835,0.0178527080890569,-0.0113016221384703));
#3867=CARTESIAN_POINT('',(-0.0100490379704065,0.017852852921016,-0.0126044812824191));
#3868=CARTESIAN_POINT('',(-0.0112498350955232,0.0178528233184741,-0.0135098917356592));
#3869=CARTESIAN_POINT('',(-0.0122057216509151,0.0178527738647456,-0.0141174839851744));
#3870=CARTESIAN_POINT('',(-0.0129258626148827,0.01785286572976,-0.0145190193714275));
#3871=CARTESIAN_POINT('',(-0.0134821620204719,0.0178527958668357,-0.0148007556603385));
#3872=CARTESIAN_POINT('',(-0.0140216186221687,0.0178527955302232,-0.0150493607756539));
#3873=CARTESIAN_POINT('',(-0.0146882468392283,0.0178527903169776,-0.0153249012602745));
#3874=CARTESIAN_POINT('',(-0.0155072110013623,0.0178528042176674,-0.0156309404604052));
#3875=CARTESIAN_POINT('',(-0.0164558467764227,0.0178528504324749,-0.0159696938404536));
#3876=CARTESIAN_POINT('',(-0.0175454277087962,0.0178527850144513,-0.0163557619328035));
#3877=CARTESIAN_POINT('',(-0.0188323862114782,0.0178528161723952,-0.0168156445721991));
#3878=CARTESIAN_POINT('',(-0.0210992835999426,0.0178527920947276,-0.0176228749040143));
#3879=CARTESIAN_POINT('',(-0.0229274936502876,0.017852809420457,-0.0182752052609416));
#3880=CARTESIAN_POINT('',(-0.0242214300977528,0.0178528033054936,-0.0187362421422873));
#3881=CARTESIAN_POINT('',(-0.0246847497987973,0.0153045050979335,0.0174499130422917));
#3882=CARTESIAN_POINT('',(-0.0233921947415731,0.0153044997780117,0.0169891202405941));
#3883=CARTESIAN_POINT('',(-0.0215597543074708,0.0153045148511232,0.0163359855201219));
#3884=CARTESIAN_POINT('',(-0.0192984665091864,0.0153044939039316,0.0155297769831229));
#3885=CARTESIAN_POINT('',(-0.0180134040616338,0.0153045210182315,0.0150718339808567));
#3886=CARTESIAN_POINT('',(-0.0169202006126978,0.0153044640876265,0.0146818211466487));
#3887=CARTESIAN_POINT('',(-0.0159756083583304,0.0153046664048762,0.0143462225611173));
#3888=CARTESIAN_POINT('',(-0.0151363035632219,0.0153045533068129,0.0140323162396434));
#3889=CARTESIAN_POINT('',(-0.0144141293861788,0.0153044393050401,0.0137308274442674));
#3890=CARTESIAN_POINT('',(-0.0137301960250491,0.0153045252590681,0.0134000969314681));
#3891=CARTESIAN_POINT('',(-0.0129485444580902,0.0153044873231871,0.012969329427863));
#3892=CARTESIAN_POINT('',(-0.012035750105627,0.0153045726026903,0.0123889054914089));
#3893=CARTESIAN_POINT('',(-0.0109296330856443,0.0153046836883602,0.0115551545878527));
#3894=CARTESIAN_POINT('',(-0.0096371455545422,0.0153043704849978,0.0103627963823681));
#3895=CARTESIAN_POINT('',(-0.00833140099556147,0.0153049127582771,0.00878545855326894));
#3896=CARTESIAN_POINT('',(-0.00713708819696524,0.0153046785093283,0.00681358177798378));
#3897=CARTESIAN_POINT('',(-0.00635949059440598,0.0153044291827275,0.00494744702307393));
#3898=CARTESIAN_POINT('',(-0.00587973638758931,0.015304954614793,0.00317120536634909));
#3899=CARTESIAN_POINT('',(-0.00562378514092977,0.0153047905633289,0.00155410787906744));
#3900=CARTESIAN_POINT('',(-0.0055409761932291,0.0153043625711468,1.18609808814707E-6));
#3901=CARTESIAN_POINT('',(-0.00562351661071508,0.0153047897414892,-0.00155151534633688));
#3902=CARTESIAN_POINT('',(-0.00587918055128848,0.0153049551320139,-0.0031685999104454));
#3903=CARTESIAN_POINT('',(-0.00635862274130358,0.0153044293056096,-0.00494490150657315));
#3904=CARTESIAN_POINT('',(-0.00713580273206576,0.0153046810691406,-0.00681106087174152));
#3905=CARTESIAN_POINT('',(-0.00832978445015146,0.0153048832974851,-0.00878321013366863));
#3906=CARTESIAN_POINT('',(-0.00963505041571442,0.0153044233420712,-0.0103604592837022));
#3907=CARTESIAN_POINT('',(-0.0109281007869579,0.0153045477144691,-0.0115543424511991));
#3908=CARTESIAN_POINT('',(-0.0120318195293911,0.015304522284272,-0.0123865183615266));
#3909=CARTESIAN_POINT('',(-0.0129083633604791,0.0153044798161805,-0.0129437996051357));
#3910=CARTESIAN_POINT('',(-0.0135700329608976,0.0153045586903927,-0.0133125807733717));
#3911=CARTESIAN_POINT('',(-0.0140794284079658,0.0153044987492257,-0.0135705360482154));
#3912=CARTESIAN_POINT('',(-0.014566107492439,0.01530449834194,-0.0137947998519384));
#3913=CARTESIAN_POINT('',(-0.01518533353077,0.0153044938571728,-0.0140509986377275));
#3914=CARTESIAN_POINT('',(-0.0159698022770824,0.0153045059597023,-0.0143442966828604));
#3915=CARTESIAN_POINT('',(-0.0169127400613133,0.0153045455858889,-0.0146810141895007));
#3916=CARTESIAN_POINT('',(-0.0180053595478844,0.0153044893836466,-0.0150682483151624));
#3917=CARTESIAN_POINT('',(-0.019290870817884,0.015304516152207,-0.0155275755846659));
#3918=CARTESIAN_POINT('',(-0.0215588865724234,0.015304495466487,-0.0163352350850967));
#3919=CARTESIAN_POINT('',(-0.0233862918725788,0.0153045103514498,-0.0169872566222797));
#3920=CARTESIAN_POINT('',(-0.0246805123495229,0.0153045050979335,-0.0174484024988293));
#3921=CARTESIAN_POINT('',(-0.0249922576508565,0.0111378640466559,0.0165872772051843));
#3922=CARTESIAN_POINT('',(-0.0236998255942433,0.011137862388305,0.0161265354847859));
#3923=CARTESIAN_POINT('',(-0.0218670366584099,0.0111378670869658,0.0154732560339661));
#3924=CARTESIAN_POINT('',(-0.0196062331750324,0.0111378605572094,0.0146672486295828));
#3925=CARTESIAN_POINT('',(-0.0183228350226133,0.0111378690094048,0.0142098620341446));
#3926=CARTESIAN_POINT('',(-0.0172262751040761,0.0111378512627295,0.0138187301195662));
#3927=CARTESIAN_POINT('',(-0.0162869941854771,0.0111379143283019,0.0134847500605082));
#3928=CARTESIAN_POINT('',(-0.0154688343849569,0.0111378789693754,0.0131787230889712));
#3929=CARTESIAN_POINT('',(-0.0147884664644591,0.0111378435854289,0.0128945733637483));
#3930=CARTESIAN_POINT('',(-0.0141520996682375,0.0111378703171523,0.0125867128794568));
#3931=CARTESIAN_POINT('',(-0.0134168196182295,0.0111378585169782,0.012181664047721));
#3932=CARTESIAN_POINT('',(-0.0125598013423136,0.0111378850506852,0.0116365110860064));
#3933=CARTESIAN_POINT('',(-0.0115181360096942,0.0111379196748547,0.0108512797527424));
#3934=CARTESIAN_POINT('',(-0.0103049355847191,0.0111378221321172,0.00973224014584104));
#3935=CARTESIAN_POINT('',(-0.00908289193865648,0.0111379909322814,0.0082552373624307));
#3936=CARTESIAN_POINT('',(-0.00795524110048849,0.0111379179939093,0.00639368032649216));
#3937=CARTESIAN_POINT('',(-0.00722839640721535,0.0111378403664419,0.00464995906632567));
#3938=CARTESIAN_POINT('',(-0.00677752770919168,0.0111380040751478,0.00297963470718611));
#3939=CARTESIAN_POINT('',(-0.0065364196526964,0.0111379528935062,0.0014564689815878));
#3940=CARTESIAN_POINT('',(-0.00645836490402548,0.0111378196874234,1.10450027111023E-6));
#3941=CARTESIAN_POINT('',(-0.00653616663397249,0.0111379526372962,-0.00145402725899769));
#3942=CARTESIAN_POINT('',(-0.00677700402648901,0.0111380042364984,-0.00297718038751709));
#3943=CARTESIAN_POINT('',(-0.00722758504242197,0.0111378404043152,-0.00464757718214031));
#3944=CARTESIAN_POINT('',(-0.00795403128570892,0.0111379187919861,-0.00639130646519577));
#3945=CARTESIAN_POINT('',(-0.00908137943677869,0.0111379817533233,-0.00825316481972514));
#3946=CARTESIAN_POINT('',(-0.0103029542864582,0.0111378386004645,-0.00972996936984419));
#3947=CARTESIAN_POINT('',(-0.0115169548202267,0.0111378773153762,-0.0108509516581835));
#3948=CARTESIAN_POINT('',(-0.0125556297194046,0.0111378693985157,-0.0116340527151692));
#3949=CARTESIAN_POINT('',(-0.0133789947236496,0.0111378561743677,-0.0121576175476827));
#3950=CARTESIAN_POINT('',(-0.0140014889220076,0.0111378807297536,-0.0125044506386111));
#3951=CARTESIAN_POINT('',(-0.0144795385643679,0.0111378620779076,-0.0127465167207547));
#3952=CARTESIAN_POINT('',(-0.0149307705215625,0.0111378619263461,-0.0129544310866026));
#3953=CARTESIAN_POINT('',(-0.0155182738770724,0.0111378605282716,-0.0131976910221334));
#3954=CARTESIAN_POINT('',(-0.0162796386294424,0.0111378643296989,-0.0134824536432688));
#3955=CARTESIAN_POINT('',(-0.0172188033713654,0.0111378766557203,-0.0138178198448671));
#3956=CARTESIAN_POINT('',(-0.0183134280592128,0.0111378591527943,-0.0142058292473978));
#3957=CARTESIAN_POINT('',(-0.0195979842720918,0.0111378674892611,-0.014664787260357));
#3958=CARTESIAN_POINT('',(-0.021866738058253,0.0111378610471583,-0.0154727321081251));
#3959=CARTESIAN_POINT('',(-0.0236936122880363,0.0111378656827456,-0.0161245483160073));
#3960=CARTESIAN_POINT('',(-0.0249880202015825,0.011137864046656,-0.016585766661722));
#3961=CARTESIAN_POINT('',(-0.0249661577933915,0.00682194432028731,0.0166604937823933));
#3962=CARTESIAN_POINT('',(-0.0236737153214341,0.00682194708133444,0.016199747722857));
#3963=CARTESIAN_POINT('',(-0.0218409558957418,0.00682193925836739,0.0155464805662615));
#3964=CARTESIAN_POINT('',(-0.0195801114019494,0.00682195012999086,0.0147404560765226));
#3965=CARTESIAN_POINT('',(-0.0182965718674931,0.00682193605763049,0.014283022274125));
#3966=CARTESIAN_POINT('',(-0.0172002970917779,0.00682196560469992,0.0138919853035633));
#3967=CARTESIAN_POINT('',(-0.0162605627004678,0.00682186060421208,0.0135578673878734));
#3968=CARTESIAN_POINT('',(-0.0154406158909279,0.00682191946174515,0.0132511742783208));
#3969=CARTESIAN_POINT('',(-0.0147566947724132,0.00682197839264344,0.0129655508522467));
#3970=CARTESIAN_POINT('',(-0.0141162901289771,0.00682193387860316,0.012655749051775));
#3971=CARTESIAN_POINT('',(-0.0133770753134045,0.00682195352824055,0.0122485179153285));
#3972=CARTESIAN_POINT('',(-0.0125153184501101,0.00682190934491687,0.0117003685517896));
#3973=CARTESIAN_POINT('',(-0.0114681878593322,0.00682185169793724,0.0109110226490336));
#3974=CARTESIAN_POINT('',(-0.010248258424137,0.00682201411114598,0.00978576099566875));
#3975=CARTESIAN_POINT('',(-0.00901910157985251,0.00682173303945564,0.00830023146794446));
#3976=CARTESIAN_POINT('',(-0.00788580560403839,0.00682185448790982,0.00642933253745239));
#3977=CARTESIAN_POINT('',(-0.00715464487390468,0.00682198374321789,0.00467520121947964));
#3978=CARTESIAN_POINT('',(-0.00670132612087285,0.00682171117079092,0.00299589183107545));
#3979=CARTESIAN_POINT('',(-0.00645895956235081,0.00682179637775617,0.00146476335980243));
#3980=CARTESIAN_POINT('',(-0.00638050108107179,0.00682201818467832,1.11144882589194E-6));
#3981=CARTESIAN_POINT('',(-0.00645870522736845,0.00682179680432146,-0.00146230885348439));
#3982=CARTESIAN_POINT('',(-0.00670079971431983,0.00682171090217316,-0.0029934246996938));
#3983=CARTESIAN_POINT('',(-0.00715382870387106,0.00682198368009962,-0.00467280542662577));
#3984=CARTESIAN_POINT('',(-0.0078845893933692,0.0068218531591963,-0.0064269462135117));
#3985=CARTESIAN_POINT('',(-0.00901758007055452,0.00682174832230719,-0.00829814388729843));
#3986=CARTESIAN_POINT('',(-0.0102462677902693,0.00682198669153853,-0.00978348480796127));
#3987=CARTESIAN_POINT('',(-0.0114669745979722,0.00682192222673435,-0.0109106513783483));
#3988=CARTESIAN_POINT('',(-0.0125111707150888,0.00682193540921128,-0.011697918367401));
#3989=CARTESIAN_POINT('',(-0.0133390503520196,0.00682195742806807,-0.0122243454496636));
#3990=CARTESIAN_POINT('',(-0.0139648699457157,0.00682191654137078,-0.0125730416587304));
#3991=CARTESIAN_POINT('',(-0.0144455776007635,0.00682194759925724,-0.0128164549964624));
#3992=CARTESIAN_POINT('',(-0.0148998214034198,0.00682194784886272,-0.0130257585623008));
#3993=CARTESIAN_POINT('',(-0.0154900161420397,0.00682195017656475,-0.0132701160708071));
#3994=CARTESIAN_POINT('',(-0.0162533417075112,0.00682194385051914,-0.0135556031480026));
#3995=CARTESIAN_POINT('',(-0.0171928255750024,0.00682192332557111,-0.0138910837334228));
#3996=CARTESIAN_POINT('',(-0.0182872808270866,0.00682195246880926,-0.0142790274620081));
#3997=CARTESIAN_POINT('',(-0.0195719177405088,0.00682193858817927,-0.0147380167548044));
#3998=CARTESIAN_POINT('',(-0.0218406091643761,0.00682194931459939,-0.0155459374307104));
#3999=CARTESIAN_POINT('',(-0.0236675282686142,0.00682194159611703,-0.0161977710321018));
#4000=CARTESIAN_POINT('',(-0.0249619203441175,0.00682194432028728,-0.0166589832389309));
#4001=CARTESIAN_POINT('',(-0.0246681810591989,0.00394850651934518,0.0174963924686137));
#4002=CARTESIAN_POINT('',(-0.0233756193139692,0.00394851152577244,0.017035596932273));
#4003=CARTESIAN_POINT('',(-0.0215431978292145,0.00394849734089519,0.0163824699599567));
#4004=CARTESIAN_POINT('',(-0.019281883696914,0.00394851705370258,0.0155762506553005));
#4005=CARTESIAN_POINT('',(-0.0179967318851074,0.00394849153720434,0.0151182775834787));
#4006=CARTESIAN_POINT('',(-0.0169037086357113,0.00394854511297928,0.0147283252348923));
#4007=CARTESIAN_POINT('',(-0.0159588385395121,0.00394835471830392,0.0143926409145587));
#4008=CARTESIAN_POINT('',(-0.0151183703765272,0.0039484611008583,0.0140783018214956));
#4009=CARTESIAN_POINT('',(-0.0143939591159822,0.0039485684598797,0.0137758853241175));
#4010=CARTESIAN_POINT('',(-0.0137074643618234,0.00394848753903642,0.0134439230107985));
#4011=CARTESIAN_POINT('',(-0.0129233112697297,0.00394852325202318,0.0130117681085446));
#4012=CARTESIAN_POINT('',(-0.0120075252253213,0.00394844297463974,0.0124294518931225));
#4013=CARTESIAN_POINT('',(-0.0108979203972845,0.00394833843025808,0.0115930761391901));
#4014=CARTESIAN_POINT('',(-0.00960115918173707,0.00394863322331107,0.0103967649640122));
#4015=CARTESIAN_POINT('',(-0.00829093183587927,0.00394812279131282,0.00881405269606597));
#4016=CARTESIAN_POINT('',(-0.00709298914237282,0.003948343273898,0.00683616812243063));
#4017=CARTESIAN_POINT('',(-0.00631268155793281,0.00394857795989424,0.00496349737206851));
#4018=CARTESIAN_POINT('',(-0.0058313665067737,0.00394808343928291,0.00318153476245514));
#4019=CARTESIAN_POINT('',(-0.00557461150063288,0.00394823781288642,0.00155934723371918));
#4020=CARTESIAN_POINT('',(-0.00549154676891704,0.00394864067879312,1.19042708841534E-6));
#4021=CARTESIAN_POINT('',(-0.00557434213340528,0.00394823858631307,-0.00155674652717237));
#4022=CARTESIAN_POINT('',(-0.00583080892275075,0.00394808295256838,-0.00317892111539452));
#4023=CARTESIAN_POINT('',(-0.00631181069362202,0.00394857784408721,-0.00496094309962015));
#4024=CARTESIAN_POINT('',(-0.00709169952734917,0.00394834086489076,-0.00683363923822837));
#4025=CARTESIAN_POINT('',(-0.00828931020313914,0.00394815051889673,-0.00881179514649772));
#4026=CARTESIAN_POINT('',(-0.00959905695099997,0.00394858347585546,-0.0103944236135621));
#4027=CARTESIAN_POINT('',(-0.0108963758688227,0.00394846640646308,-0.0115922441951932));
#4028=CARTESIAN_POINT('',(-0.0120035974607279,0.00394849034241763,-0.0124270622850089));
#4029=CARTESIAN_POINT('',(-0.0128830034194347,0.00394853031634107,-0.0129861585490091));
#4030=CARTESIAN_POINT('',(-0.0135467828063327,0.0039484560725232,-0.013356121491353));
#4031=CARTESIAN_POINT('',(-0.0140578744310813,0.00394851249983073,-0.0136149368731636));
#4032=CARTESIAN_POINT('',(-0.0145464538834926,0.00394851286919845,-0.0138400770934816));
#4033=CARTESIAN_POINT('',(-0.0151673922120881,0.0039485170896319,-0.0140969747848663));
#4034=CARTESIAN_POINT('',(-0.0159531061789779,0.00394850571725937,-0.0143907326753685));
#4035=CARTESIAN_POINT('',(-0.0168962509992255,0.00394846841113511,-0.0147275240373914));
#4036=CARTESIAN_POINT('',(-0.0179887598836508,0.00394852130999929,-0.015114715934189));
#4037=CARTESIAN_POINT('',(-0.0192743238323356,0.0039484961148046,-0.015574063316874));
#4038=CARTESIAN_POINT('',(-0.0215422988788016,0.00394851558468766,-0.0163817072746072));
#4039=CARTESIAN_POINT('',(-0.0233697334715388,0.00394850157461283,-0.0170337399959535));
#4040=CARTESIAN_POINT('',(-0.0246639436099246,0.00394850651934513,-0.0174948819251514));
#4041=CARTESIAN_POINT('',(-0.0244222670321859,0.00244797493603946,0.0181862423411556));
#4042=CARTESIAN_POINT('',(-0.023129606627522,0.00244798054841545,0.0177254062225364));
#4043=CARTESIAN_POINT('',(-0.0212974646778308,0.00244796464668357,0.017072394233342));
#4044=CARTESIAN_POINT('',(-0.0190357620740081,0.00244798674541385,0.016266015135965));
#4045=CARTESIAN_POINT('',(-0.0177492808342976,0.00244795814054683,0.0158075957428549));
#4046=CARTESIAN_POINT('',(-0.0166589385818333,0.00244801820081334,0.0154185411828815));
#4047=CARTESIAN_POINT('',(-0.0157098981763188,0.00244780476760751,0.0150815757837877));
#4048=CARTESIAN_POINT('',(-0.0148522952320658,0.00244792380584379,0.0147608585038179));
#4049=CARTESIAN_POINT('',(-0.0140945983384477,0.00244804448175665,0.0144446386939045));
#4050=CARTESIAN_POINT('',(-0.0133700742368302,0.00244795362688234,0.0140943890202147));
#4051=CARTESIAN_POINT('',(-0.0125488127933465,0.00244799371689353,0.0136416531631097));
#4052=CARTESIAN_POINT('',(-0.0115885404849457,0.00244790362512807,0.0130312009378917));
#4053=CARTESIAN_POINT('',(-0.0104272628944863,0.0024477864023005,0.0121559315494236));
#4054=CARTESIAN_POINT('',(-0.0090670802888856,0.00244811707713114,0.0109009674621872));
#4055=CARTESIAN_POINT('',(-0.00769015523594806,0.00244754438040153,0.00923828970786234));
#4056=CARTESIAN_POINT('',(-0.00643857127422952,0.00244779170450864,0.00717163134673854));
#4057=CARTESIAN_POINT('',(-0.00561788837081614,0.00244805502937769,0.00520158460736482));
#4058=CARTESIAN_POINT('',(-0.00511343836094625,0.00244750041586643,0.00333479806093518));
#4059=CARTESIAN_POINT('',(-0.00484477753713251,0.00244767344471266,0.00163724192533685));
#4060=CARTESIAN_POINT('',(-0.00475791110314277,0.00244812546443805,1.2550984403115E-6));
#4061=CARTESIAN_POINT('',(-0.00484449574993179,0.00244767431186336,-0.00163452020316928));
#4062=CARTESIAN_POINT('',(-0.00511285493308964,0.00244749987031091,-0.00333206313184172));
#4063=CARTESIAN_POINT('',(-0.00561697261950241,0.00244805489891293,-0.00519890001023644));
#4064=CARTESIAN_POINT('',(-0.00643722051879502,0.00244778900360196,-0.00716898436830665));
#4065=CARTESIAN_POINT('',(-0.0076884548381276,0.00244757547717098,-0.00923589473620751));
#4066=CARTESIAN_POINT('',(-0.00906487882768822,0.00244806128481371,-0.0108985668041481));
#4067=CARTESIAN_POINT('',(-0.0104254951177624,0.00244792993537805,-0.0121547677580015));
#4068=CARTESIAN_POINT('',(-0.0115847170427312,0.00244795678557362,-0.0130288137696542));
#4069=CARTESIAN_POINT('',(-0.0125066219074657,0.00244800163652627,-0.0136148588207407));
#4070=CARTESIAN_POINT('',(-0.0132017219133654,0.00244791832739693,-0.0140023664701563));
#4071=CARTESIAN_POINT('',(-0.0137379426147492,0.00244798166756835,-0.0142739230081125));
#4072=CARTESIAN_POINT('',(-0.0142547873747302,0.00244798201748344,-0.0145120992937687));
#4073=CARTESIAN_POINT('',(-0.0149011187154975,0.0024479867485157,-0.0147793585114463));
#4074=CARTESIAN_POINT('',(-0.0157053104129284,0.00244797407951535,-0.0150799412001117));
#4075=CARTESIAN_POINT('',(-0.0166515116543859,0.00244793218893391,-0.0154178243409757));
#4076=CARTESIAN_POINT('',(-0.0177423899360448,0.00244799152715333,-0.0158043909843042));
#4077=CARTESIAN_POINT('',(-0.0190287305243622,0.00244796326495877,-0.0162640361689029));
#4078=CARTESIAN_POINT('',(-0.0212961054134185,0.00244798510490206,-0.017071449996705));
#4079=CARTESIAN_POINT('',(-0.0231239718654548,0.00244796938938702,-0.0177236483141921));
#4080=CARTESIAN_POINT('',(-0.0244180295829114,0.0024479749360394,-0.0181847317976932));
#4081=CARTESIAN_POINT('',(-0.0262535810312114,0.0547764127793202,0.020694615819265));
#4082=CARTESIAN_POINT('',(-0.0275839912991879,0.0547764136266012,0.0202204589363939));
#4083=CARTESIAN_POINT('',(-0.0294668855754118,0.0547764112259713,0.0195489693986042));
#4084=CARTESIAN_POINT('',(-0.0317960576049614,0.0547764145621405,0.0187190750748215));
#4085=CARTESIAN_POINT('',(-0.0330685109581943,0.0547764104669145,0.0182649994273559));
#4086=CARTESIAN_POINT('',(-0.0340119260281595,0.0547764135914984,0.0179282899303506));
#4087=CARTESIAN_POINT('',(-0.0346844846588623,0.0547764113212909,0.0176901871925605));
#4088=CARTESIAN_POINT('',(-0.0352327291471046,0.0547764111261731,0.0174964205624221));
#4089=CARTESIAN_POINT('',(-0.0356921661031385,0.0547764144776476,0.0173320829060242));
#4090=CARTESIAN_POINT('',(-0.0360890972664757,0.0547764082723678,0.0171871389928767));
#4091=CARTESIAN_POINT('',(-0.0364364084777398,0.0547764109280787,0.0170573863969576));
#4092=CARTESIAN_POINT('',(-0.0367610945376365,0.0547764214987967,0.0169326160573061));
#4093=CARTESIAN_POINT('',(-0.0371367012212554,0.0547764096398041,0.016780468094116));
#4094=CARTESIAN_POINT('',(-0.0376095638133291,0.0547764140633887,0.0165772284103925));
#4095=CARTESIAN_POINT('',(-0.0382004833120959,0.0547764090782901,0.0163024603533684));
#4096=CARTESIAN_POINT('',(-0.0390205062510653,0.054776446871313,0.0158788734029261));
#4097=CARTESIAN_POINT('',(-0.0401187820875512,0.0547763921181438,0.015225627976234));
#4098=CARTESIAN_POINT('',(-0.0415008612475795,0.0547763558421221,0.0142410279976948));
#4099=CARTESIAN_POINT('',(-0.0429638606038975,0.054776459342758,0.0129535091724586));
#4100=CARTESIAN_POINT('',(-0.0443660033233933,0.054776208549972,0.0113968807713218));
#4101=CARTESIAN_POINT('',(-0.0455878026672449,0.0547764843653521,0.00968298694349918));
#4102=CARTESIAN_POINT('',(-0.0465962299591411,0.0547762745503197,0.00784655684472026));
#4103=CARTESIAN_POINT('',(-0.0473862201704759,0.0547763531416711,0.00591289493204239));
#4104=CARTESIAN_POINT('',(-0.0479400760784913,0.0547764206725409,0.00394347088971468));
#4105=CARTESIAN_POINT('',(-0.0482639452904433,0.0547762465704933,0.00195370078762055));
#4106=CARTESIAN_POINT('',(-0.0483686233768707,0.0547764952684655,1.33370605756622E-5));
#4107=CARTESIAN_POINT('',(-0.0482669282357168,0.054776248950263,-0.00192549453938026));
#4108=CARTESIAN_POINT('',(-0.047946238992836,0.0547764160892757,-0.00391540975124316));
#4109=CARTESIAN_POINT('',(-0.0473957469724468,0.0547763582463301,-0.0058851111841726));
#4110=CARTESIAN_POINT('',(-0.0466089901772579,0.0547762706098295,-0.00781969267784886));
#4111=CARTESIAN_POINT('',(-0.0456036024715491,0.054776486067449,-0.00965780804804117));
#4112=CARTESIAN_POINT('',(-0.0443846839498949,0.0547762133662568,-0.0113735633197015));
#4113=CARTESIAN_POINT('',(-0.0429848324482969,0.0547764390917728,-0.0129327586183629));
#4114=CARTESIAN_POINT('',(-0.041523486235949,0.0547764179380524,-0.0142229944993327));
#4115=CARTESIAN_POINT('',(-0.0401431094379289,0.0547763482288682,-0.0152097093917283));
#4116=CARTESIAN_POINT('',(-0.0389963546937404,0.0547764055614389,-0.0158942712356773));
#4117=CARTESIAN_POINT('',(-0.038079660358075,0.0547764292194198,-0.0163639103220297));
#4118=CARTESIAN_POINT('',(-0.0373633375729318,0.0547763972204135,-0.0166867393427017));
#4119=CARTESIAN_POINT('',(-0.0368356794940351,0.0547764278057373,-0.016903557021878));
#4120=CARTESIAN_POINT('',(-0.0364633615743273,0.0547764111630444,-0.0170472220858329));
#4121=CARTESIAN_POINT('',(-0.0361162156836559,0.0547764058344323,-0.0171771013758413));
#4122=CARTESIAN_POINT('',(-0.0357194556907289,0.0547764149603733,-0.017322241351647));
#4123=CARTESIAN_POINT('',(-0.0352604848537493,0.0547764125743336,-0.0174865631807144));
#4124=CARTESIAN_POINT('',(-0.0347126530297448,0.0547764099473596,-0.0176802549079799));
#4125=CARTESIAN_POINT('',(-0.0340383371315935,0.0547764147221214,-0.0179188887754283));
#4126=CARTESIAN_POINT('',(-0.0330985668510782,0.0547764117785352,-0.0182548896535194));
#4127=CARTESIAN_POINT('',(-0.0318229677972891,0.0547764135371507,-0.0187090143060378));
#4128=CARTESIAN_POINT('',(-0.0294963471114634,0.0547764121190318,-0.0195388747926457));
#4129=CARTESIAN_POINT('',(-0.0276116169455525,0.0547764131394772,-0.0202103886726777));
#4130=CARTESIAN_POINT('',(-0.0262818546374252,0.0547764127793191,-0.0206845369607175));
#4131=CARTESIAN_POINT('',(-0.0258537967274584,0.0561092426418629,0.0195731216299574));
#4132=CARTESIAN_POINT('',(-0.0271843193297569,0.0561092435510031,0.019098925212997));
#4133=CARTESIAN_POINT('',(-0.029066895325399,0.0561092409751056,0.0184275476884606));
#4134=CARTESIAN_POINT('',(-0.0313965096713486,0.0561092445548451,0.0175974976991994));
#4135=CARTESIAN_POINT('',(-0.0326684240750357,0.0561092401606195,0.0171436117350348));
#4136=CARTESIAN_POINT('',(-0.0336118908505002,0.0561092435143543,0.0168068831823098));
#4137=CARTESIAN_POINT('',(-0.0342886076247252,0.0561092410764727,0.0165673048914975));
#4138=CARTESIAN_POINT('',(-0.0348344610868078,0.0561092408706318,0.0163743847105952));
#4139=CARTESIAN_POINT('',(-0.0352883400699116,0.0561092444555641,0.0162120247258708));
#4140=CARTESIAN_POINT('',(-0.0356765520391938,0.0561092378299045,0.0160702704142337));
#4141=CARTESIAN_POINT('',(-0.0360170710492201,0.0561092406417789,0.0159430303954401));
#4142=CARTESIAN_POINT('',(-0.0363239217952556,0.0561092520153912,0.0158250968095229));
#4143=CARTESIAN_POINT('',(-0.0366779260886519,0.0561092392668577,0.0156816849231734));
#4144=CARTESIAN_POINT('',(-0.0371229861535753,0.0561092440226087,0.0154903902906255));
#4145=CARTESIAN_POINT('',(-0.0376760359673697,0.0561092386671206,0.0152331888248007));
#4146=CARTESIAN_POINT('',(-0.0384397058329175,0.0561092792424707,0.014838702923481));
#4147=CARTESIAN_POINT('',(-0.0394657384742894,0.0561092204568487,0.0142284642419927));
#4148=CARTESIAN_POINT('',(-0.0407589417240366,0.0561091815560638,0.0133070281150275));
#4149=CARTESIAN_POINT('',(-0.0421242395172651,0.0561092926061137,0.0121056807148817));
#4150=CARTESIAN_POINT('',(-0.043435279838985,0.0561090235118515,0.0106498916740593));
#4151=CARTESIAN_POINT('',(-0.0445777695671118,0.0561093194539297,0.00904759259227344));
#4152=CARTESIAN_POINT('',(-0.0455185651602151,0.0561090943216777,0.00733392344262297));
#4153=CARTESIAN_POINT('',(-0.0462582328198251,0.0561091786706004,0.00552367040622739));
#4154=CARTESIAN_POINT('',(-0.0467748882440304,0.0561092511016819,0.00368668924485709));
#4155=CARTESIAN_POINT('',(-0.0470778266852613,0.0561090643120378,0.00182491216423214));
#4156=CARTESIAN_POINT('',(-0.0471758000262231,0.0561093311466088,1.24189253322214E-5));
#4157=CARTESIAN_POINT('',(-0.0470806204173033,0.0561090668654779,-0.00179849789349744));
#4158=CARTESIAN_POINT('',(-0.0467806398352052,0.0561092461839626,-0.00366049140246923));
#4159=CARTESIAN_POINT('',(-0.0462671396793817,0.0561091841477416,-0.00549770240848372));
#4160=CARTESIAN_POINT('',(-0.0455305041506764,0.0561090900935732,-0.00730878434470321));
#4161=CARTESIAN_POINT('',(-0.0445925023924885,0.0561093212805677,-0.0090241204710194));
#4162=CARTESIAN_POINT('',(-0.0434527610607679,0.05610902867751,-0.0106280642691026));
#4163=CARTESIAN_POINT('',(-0.0421438615322788,0.0561092708849094,-0.0120862709969672));
#4164=CARTESIAN_POINT('',(-0.0407798734169936,0.0561092481588808,-0.0132903644814568));
#4165=CARTESIAN_POINT('',(-0.039489014837892,0.0561091734306383,-0.0142132870212696));
#4166=CARTESIAN_POINT('',(-0.0384154616250963,0.0561092348716389,-0.0148539367238722));
#4167=CARTESIAN_POINT('',(-0.0375638130117947,0.0561092602962049,-0.0152903090945375));
#4168=CARTESIAN_POINT('',(-0.0368912829098101,0.0561092259340368,-0.0155934317092341));
#4169=CARTESIAN_POINT('',(-0.0363945389375377,0.0561092587780252,-0.0157975826228397));
#4170=CARTESIAN_POINT('',(-0.0360429370584702,0.0561092408988222,-0.0159332739806297));
#4171=CARTESIAN_POINT('',(-0.0357036452463029,0.0561092352100322,-0.0160602370792289));
#4172=CARTESIAN_POINT('',(-0.0353149295786597,0.0561092449748753,-0.0162024379960354));
#4173=CARTESIAN_POINT('',(-0.0348621920000737,0.0561092424244712,-0.0163645370200031));
#4174=CARTESIAN_POINT('',(-0.0343159929650995,0.0561092396009118,-0.0165576476435521));
#4175=CARTESIAN_POINT('',(-0.0336375986066184,0.0561092447249234,-0.016797734424694));
#4176=CARTESIAN_POINT('',(-0.0326987806270696,0.0561092415688222,-0.01713339630915));
#4177=CARTESIAN_POINT('',(-0.0314231932304982,0.0561092434544083,-0.0175875165243261));
#4178=CARTESIAN_POINT('',(-0.0290965543264671,0.0561092419339022,-0.0184173837324808));
#4179=CARTESIAN_POINT('',(-0.027211837269955,0.0561092430280231,-0.0190888927758435));
#4180=CARTESIAN_POINT('',(-0.0258820703349805,0.0561092426418618,-0.0195630427709422));
#4181=CARTESIAN_POINT('',(-0.0253002435720041,0.0586526646085892,0.0180202676497309));
#4182=CARTESIAN_POINT('',(-0.0266309241759156,0.0586526654791421,0.0175460157703634));
#4183=CARTESIAN_POINT('',(-0.0285130525003169,0.0586526630125748,0.0168747953893141));
#4184=CARTESIAN_POINT('',(-0.0308432889776278,0.0586526664403778,0.0160445270168225));
#4185=CARTESIAN_POINT('',(-0.0321144451645388,0.0586526622326382,0.0155909072132065));
#4186=CARTESIAN_POINT('',(-0.0330579998748197,0.0586526654458657,0.0152541470662345));
#4187=CARTESIAN_POINT('',(-0.0337404545798092,0.0586526631079669,0.0150125321377005));
#4188=CARTESIAN_POINT('',(-0.0342830123167558,0.0586526629177887,0.0148207788086171));
#4189=CARTESIAN_POINT('',(-0.0347292094736444,0.0586526663283816,0.0146611522567796));
#4190=CARTESIAN_POINT('',(-0.0351052701125744,0.0586526600480103,0.0145238427799554));
#4191=CARTESIAN_POINT('',(-0.0354364812697094,0.05865266266695,0.0144000457316074));
#4192=CARTESIAN_POINT('',(-0.0357185522512176,0.058652673619603,0.0142916126376511));
#4193=CARTESIAN_POINT('',(-0.0360427102283806,0.0586526613641052,0.0141602698474309));
#4194=CARTESIAN_POINT('',(-0.0364492445283869,0.0586526659367674,0.0139855272984464));
#4195=CARTESIAN_POINT('',(-0.0369498868198816,0.0586526607948989,0.0137526357274935));
#4196=CARTESIAN_POINT('',(-0.0376354504946971,0.058652699701729,0.013398491261275));
#4197=CARTESIAN_POINT('',(-0.0385615454136922,0.0586526433298355,0.0128477444122027));
#4198=CARTESIAN_POINT('',(-0.0397316772427054,0.058652606129448,0.0120137506774587));
#4199=CARTESIAN_POINT('',(-0.0409615835643661,0.0586527124769237,0.0109318498887452));
#4200=CARTESIAN_POINT('',(-0.0421465537196956,0.0586524547895568,0.00961557824204994));
#4201=CARTESIAN_POINT('',(-0.0431793328926791,0.0586527381741792,0.0081676730887306));
#4202=CARTESIAN_POINT('',(-0.0440262895740488,0.058652522588508,0.00662430698686842));
#4203=CARTESIAN_POINT('',(-0.0446964698932924,0.058652603423739,0.00498447169532783));
#4204=CARTESIAN_POINT('',(-0.0451614778749053,0.058652672703628,0.00333136988867377));
#4205=CARTESIAN_POINT('',(-0.0454354900212622,0.058652493877203,0.00164646398303688));
#4206=CARTESIAN_POINT('',(-0.0455241823135255,0.0586527493420414,1.11410412594454E-5));
#4207=CARTESIAN_POINT('',(-0.045438022456842,0.0586524963227691,-0.00162252286251423));
#4208=CARTESIAN_POINT('',(-0.0451666592507033,0.0586526679950519,-0.0033077553019369));
#4209=CARTESIAN_POINT('',(-0.0447045184844634,0.0586526086685832,-0.00496101740256415));
#4210=CARTESIAN_POINT('',(-0.0440370937049485,0.0586525185392079,-0.00660155160020345));
#4211=CARTESIAN_POINT('',(-0.0431925845910781,0.0586527399227211,-0.00814657125022852));
#4212=CARTESIAN_POINT('',(-0.0421623748508492,0.058652459730915,-0.00959581117574438));
#4213=CARTESIAN_POINT('',(-0.0409793503886127,0.0586526916976645,-0.0109142853643676));
#4214=CARTESIAN_POINT('',(-0.039750198591616,0.0586526698455269,-0.0119990414868718));
#4215=CARTESIAN_POINT('',(-0.0385834763428416,0.058652598451764,-0.0128335162419928));
#4216=CARTESIAN_POINT('',(-0.037611051720056,0.0586526571163799,-0.0134135065557252));
#4217=CARTESIAN_POINT('',(-0.0368496022482632,0.0586526815443314,-0.0138037474517792));
#4218=CARTESIAN_POINT('',(-0.0362376868814036,0.0586526485841935,-0.0140795940266275));
#4219=CARTESIAN_POINT('',(-0.0357836915067679,0.058652680084748,-0.0142662323211938));
#4220=CARTESIAN_POINT('',(-0.0354608291278709,0.0586526629229291,-0.014390859057025));
#4221=CARTESIAN_POINT('',(-0.035132349777677,0.0586526575302586,-0.0145138069556561));
#4222=CARTESIAN_POINT('',(-0.0347548243144157,0.0586526668288003,-0.014651920473163));
#4223=CARTESIAN_POINT('',(-0.0343107071194553,0.0586526644052779,-0.0148109453752062));
#4224=CARTESIAN_POINT('',(-0.0337667625616378,0.0586526616927987,-0.0150032530682274));
#4225=CARTESIAN_POINT('',(-0.0330827203854385,0.0586526666008492,-0.0152453527092082));
#4226=CARTESIAN_POINT('',(-0.0321452267674438,0.0586526635823144,-0.015580542621028));
#4227=CARTESIAN_POINT('',(-0.0308696520772258,0.0586526653857217,-0.0160346582345819));
#4228=CARTESIAN_POINT('',(-0.0285429907170534,0.0586526639314834,-0.0168645335058735));
#4229=CARTESIAN_POINT('',(-0.0266582898194613,0.0586526649779193,-0.0175360367471892));
#4230=CARTESIAN_POINT('',(-0.0253285171813378,0.058652664608588,-0.0180101887900677));
#4231=CARTESIAN_POINT('',(-0.0248778433412657,0.0627982284415967,0.0168353301724755));
#4232=CARTESIAN_POINT('',(-0.0262086459394253,0.0627982288805042,0.0163610355713344));
#4233=CARTESIAN_POINT('',(-0.0280904286134542,0.062798227636933,0.0156899362353109));
#4234=CARTESIAN_POINT('',(-0.0304211454431236,0.0627982293651309,0.0148594996458333));
#4235=CARTESIAN_POINT('',(-0.0316917161096893,0.0627982272437052,0.014406084891123));
#4236=CARTESIAN_POINT('',(-0.0326353473532888,0.0627982288643265,0.0140692977055329));
#4237=CARTESIAN_POINT('',(-0.0333221692625122,0.0627982276844613,0.0138261323265225));
#4238=CARTESIAN_POINT('',(-0.0338622204332165,0.0627982275910318,0.0136352665427055));
#4239=CARTESIAN_POINT('',(-0.0343025664182485,0.0627982293026813,0.0134777220408554));
#4240=CARTESIAN_POINT('',(-0.0346693005554742,0.0627982261589341,0.0133438239356225));
#4241=CARTESIAN_POINT('',(-0.0349934770206997,0.0627982274534171,0.0132226288134139));
#4242=CARTESIAN_POINT('',(-0.0352565762973425,0.0627982329976324,0.0131214707115734));
#4243=CARTESIAN_POINT('',(-0.0355580092119065,0.0627982268011523,0.0129993167720563));
#4244=CARTESIAN_POINT('',(-0.03593512259272,0.0627982291134785,0.012837214456289));
#4245=CARTESIAN_POINT('',(-0.0363957969526694,0.0627982265158288,0.0126228622400644));
#4246=CARTESIAN_POINT('',(-0.0370216934687186,0.062798246153812,0.0122995406258301));
#4247=CARTESIAN_POINT('',(-0.0378716084214629,0.0627982176989037,0.0117941428670884));
#4248=CARTESIAN_POINT('',(-0.0389478188603514,0.0627981989621648,0.0110268609159735));
#4249=CARTESIAN_POINT('',(-0.0400743157815831,0.0627982525930674,0.0100362163449796));
#4250=CARTESIAN_POINT('',(-0.0411631520933975,0.0627981226572152,0.00882631808014472));
#4251=CARTESIAN_POINT('',(-0.0421122978270043,0.0627982655418086,0.00749611744338504));
#4252=CARTESIAN_POINT('',(-0.0428874878828666,0.0627981568424432,0.00608298293092647));
#4253=CARTESIAN_POINT('',(-0.0435048050173021,0.0627981976316692,0.00457279862783444));
#4254=CARTESIAN_POINT('',(-0.0439302830838663,0.0627982325261983,0.00306042999486015));
#4255=CARTESIAN_POINT('',(-0.0441822731639962,0.0627981423754523,0.00151019084121718));
#4256=CARTESIAN_POINT('',(-0.0442638798657522,0.0627982711558247,1.01602829902454E-5));
#4257=CARTESIAN_POINT('',(-0.0441846067485684,0.0627981436088691,-0.00148813003156442));
#4258=CARTESIAN_POINT('',(-0.0439350288676434,0.0627982301524603,-0.00303878941549105));
#4259=CARTESIAN_POINT('',(-0.0435121986887004,0.0627982002762526,-0.00455126204822565));
#4260=CARTESIAN_POINT('',(-0.0428974280196861,0.0627981548003588,-0.00606204237709448));
#4261=CARTESIAN_POINT('',(-0.0421244160836715,0.0627982664227243,-0.00747683026552234));
#4262=CARTESIAN_POINT('',(-0.0411777069304798,0.0627981251464663,-0.00880812070843625));
#4263=CARTESIAN_POINT('',(-0.0400906790057098,0.0627982421253757,-0.0100200505621604));
#4264=CARTESIAN_POINT('',(-0.0389644442152861,0.0627982310617113,-0.011013690892061));
#4265=CARTESIAN_POINT('',(-0.0378926067031326,0.0627981951344936,-0.0117805740380784));
#4266=CARTESIAN_POINT('',(-0.0369971541341562,0.062798224645183,-0.0123143975534421));
#4267=CARTESIAN_POINT('',(-0.0363046497772241,0.0627982369922888,-0.0126693764433432));
#4268=CARTESIAN_POINT('',(-0.0357389649999589,0.0627982203533285,-0.0129244203371736));
#4269=CARTESIAN_POINT('',(-0.0353175482648407,0.0627982362530671,-0.0130977144854229));
#4270=CARTESIAN_POINT('',(-0.0350166571323513,0.0627982275860255,-0.013213880460931));
#4271=CARTESIAN_POINT('',(-0.034696384406055,0.0627982248859938,-0.0133337804653277));
#4272=CARTESIAN_POINT('',(-0.034327433798279,0.062798229556228,-0.0134687625844857));
#4273=CARTESIAN_POINT('',(-0.0338898867613236,0.0627982283407586,-0.0136254444610762));
#4274=CARTESIAN_POINT('',(-0.0333476590994023,0.0627982269702852,-0.0138171402762542));
#4275=CARTESIAN_POINT('',(-0.032659306842184,0.0627982294453601,-0.0140607766334335));
#4276=CARTESIAN_POINT('',(-0.0317228271207837,0.0627982279245248,-0.0143956048391226));
#4277=CARTESIAN_POINT('',(-0.0304472601559717,0.0627982288331425,-0.0148497178682857));
#4278=CARTESIAN_POINT('',(-0.0281205832489532,0.0627982281004479,-0.0156795985448805));
#4279=CARTESIAN_POINT('',(-0.0262358935385123,0.0627982286276777,-0.0163510978966646));
#4280=CARTESIAN_POINT('',(-0.0249061169519819,0.0627982284415961,-0.0168252513123177));
#4281=CARTESIAN_POINT('',(-0.0247827163601705,0.0660246273730919,0.0165684753821716));
#4282=CARTESIAN_POINT('',(-0.0261135465528868,0.0660246273731229,0.0160941711263316));
#4283=CARTESIAN_POINT('',(-0.0279952510423372,0.0660246273730352,0.0154230991452888));
#4284=CARTESIAN_POINT('',(-0.0303260765255764,0.0660246273731571,0.0145926245404331));
#4285=CARTESIAN_POINT('',(-0.0315965147420805,0.0660246273730075,0.0141392561272344));
#4286=CARTESIAN_POINT('',(-0.0325401640178869,0.0660246273731146,0.0138024626063575));
#4287=CARTESIAN_POINT('',(-0.0332279684992282,0.0660246273730453,0.0135589483631678));
#4288=CARTESIAN_POINT('',(-0.033767455866923,0.0660246273730092,0.0133682822240104));
#4289=CARTESIAN_POINT('',(-0.0342064850997653,0.0660246273732247,0.0132112062690274));
#4290=CARTESIAN_POINT('',(-0.0345711140456715,0.0660246273727306,0.0130780781712506));
#4291=CARTESIAN_POINT('',(-0.0348937123186429,0.0660246273731336,0.0129574667548265));
#4292=CARTESIAN_POINT('',(-0.035152533288244,0.0660246273732566,0.0128579493508979));
#4293=CARTESIAN_POINT('',(-0.0354488529974366,0.0660246273730328,0.0127378628800955));
#4294=CARTESIAN_POINT('',(-0.0358193384673655,0.066024627373112,0.0125786081334877));
#4295=CARTESIAN_POINT('',(-0.0362710139774461,0.066024627372993,0.0123684300603778));
#4296=CARTESIAN_POINT('',(-0.0368834666289059,0.0660246273741031,0.0120520537283149));
#4297=CARTESIAN_POINT('',(-0.0377162331832193,0.0660246273725139,0.0115568642846388));
#4298=CARTESIAN_POINT('',(-0.0387712911021835,0.0660246273709652,0.010804604996755));
#4299=CARTESIAN_POINT('',(-0.0398744902286354,0.0660246273745636,0.00983452244974672));
#4300=CARTESIAN_POINT('',(-0.0409416833148855,0.0660246273656315,0.00864857168762432));
#4301=CARTESIAN_POINT('',(-0.0418720021791393,0.0660246273755697,0.00734486803875326));
#4302=CARTESIAN_POINT('',(-0.0426310145706829,0.0660246273679972,0.00596108952129305));
#4303=CARTESIAN_POINT('',(-0.0432364420992702,0.0660246273704363,0.00448006556335019));
#4304=CARTESIAN_POINT('',(-0.0436530061708966,0.0660246273733282,0.00299943155638451));
#4305=CARTESIAN_POINT('',(-0.043900041855745,0.0660246273668758,0.00147949123289006));
#4306=CARTESIAN_POINT('',(-0.0439800522376608,0.0660246273761787,9.93886237424566E-6));
#4307=CARTESIAN_POINT('',(-0.0439023307074767,0.066024627366957,-0.00145785321289532));
#4308=CARTESIAN_POINT('',(-0.0436576538155062,0.0660246273731584,-0.002978235806852));
#4309=CARTESIAN_POINT('',(-0.0432436882740733,0.066024627370619,-0.0044589608205904));
#4310=CARTESIAN_POINT('',(-0.0426407603271792,0.0660246273678604,-0.00594055728173615));
#4311=CARTESIAN_POINT('',(-0.0418838648622674,0.0660246273756406,-0.00732599011078216));
#4312=CARTESIAN_POINT('',(-0.040955953017738,0.0660246273658326,-0.00863072757474082));
#4313=CARTESIAN_POINT('',(-0.039890538534206,0.0660246273737183,-0.00981867079166708));
#4314=CARTESIAN_POINT('',(-0.0387874839326166,0.0660246273735287,-0.0107917861743111));
#4315=CARTESIAN_POINT('',(-0.0377370305664832,0.06602462737016,-0.0115434377065029));
#4316=CARTESIAN_POINT('',(-0.0368588934401384,0.066024627373055,-0.0120668758490055));
#4317=CARTESIAN_POINT('',(-0.036181927330758,0.0660246273735457,-0.0124139076096141));
#4318=CARTESIAN_POINT('',(-0.0356266515845404,0.0660246273726329,-0.0126642677705517));
#4319=CARTESIAN_POINT('',(-0.0352125679537478,0.0660246273735365,-0.0128345584789403));
#4320=CARTESIAN_POINT('',(-0.0349166286078891,0.0660246273731001,-0.012948817437882));
#4321=CARTESIAN_POINT('',(-0.034598200122669,0.0660246273726841,-0.0130680324706284));
#4322=CARTESIAN_POINT('',(-0.0342311838154464,0.0660246273732274,-0.0132023082742257));
#4323=CARTESIAN_POINT('',(-0.033795115707974,0.066024627373065,-0.0133584627379804));
#4324=CARTESIAN_POINT('',(-0.0332532744194911,0.0660246273730031,-0.013550020819164));
#4325=CARTESIAN_POINT('',(-0.0325639514704105,0.0660246273731707,-0.0137940033211634));
#4326=CARTESIAN_POINT('',(-0.0316277003667343,0.0660246273730515,-0.0141287499349727));
#4327=CARTESIAN_POINT('',(-0.03035213497391,0.0660246273731225,-0.0145828624616041));
#4328=CARTESIAN_POINT('',(-0.0280254547009655,0.0660246273730654,-0.0154127442914111));
#4329=CARTESIAN_POINT('',(-0.026140767412567,0.0660246273731064,-0.0160842428133702));
#4330=CARTESIAN_POINT('',(-0.0248109899711978,0.0660246273730919,-0.0165583965219024));
#4331=CARTESIAN_POINT('',(-0.0249039244566466,0.0698225109914423,0.0169084941738518));
#4332=CARTESIAN_POINT('',(-0.0262347195166421,0.0698225104815305,0.0164342022118627));
#4333=CARTESIAN_POINT('',(-0.028116523548802,0.0698225119262813,0.0157630953982429));
#4334=CARTESIAN_POINT('',(-0.0304472106969512,0.0698225099185024,0.0149326692004248));
#4335=CARTESIAN_POINT('',(-0.0317178175438494,0.0698225123831238,0.014479241778648));
#4336=CARTESIAN_POINT('',(-0.0326614440255278,0.0698225105003625,0.0141424562727148));
#4337=CARTESIAN_POINT('',(-0.0333479963241697,0.0698225118710287,0.0138993866134556));
#4338=CARTESIAN_POINT('',(-0.0338882022362613,0.0698225119797276,0.0137084660368577));
#4339=CARTESIAN_POINT('',(-0.0343289094205734,0.0698225099906775,0.0135507930078084));
#4340=CARTESIAN_POINT('',(-0.0346962197710369,0.0698225136444354,0.0134166841405015));
#4341=CARTESIAN_POINT('',(-0.0350208301427391,0.0698225121389018,0.0132953285313374));
#4342=CARTESIAN_POINT('',(-0.0352851013014382,0.0698225056991716,0.0131937210439007));
#4343=CARTESIAN_POINT('',(-0.035587936983018,0.0698225128969747,0.0130709999008173));
#4344=CARTESIAN_POINT('',(-0.035966867146506,0.06982251021101,0.012908117033829));
#4345=CARTESIAN_POINT('',(-0.0364300091300209,0.0698225132285594,0.0126926201984236));
#4346=CARTESIAN_POINT('',(-0.0370595904199219,0.0698224904150669,0.012367395068299));
#4347=CARTESIAN_POINT('',(-0.0379142083516747,0.0698225234711022,0.0118591976598777));
#4348=CARTESIAN_POINT('',(-0.0389962180509358,0.069822545240187,0.0110877966973177));
#4349=CARTESIAN_POINT('',(-0.0401291009061351,0.0698224829340609,0.0100915165053401));
#4350=CARTESIAN_POINT('',(-0.0412238723231015,0.0698226338891846,0.00887505098812271));
#4351=CARTESIAN_POINT('',(-0.0421781812952452,0.0698224678900396,0.00753758374999143));
#4352=CARTESIAN_POINT('',(-0.0429578040241674,0.0698225941738497,0.00611640546484618));
#4353=CARTESIAN_POINT('',(-0.0435783837262962,0.0698225467882071,0.00459821948914472));
#4354=CARTESIAN_POINT('',(-0.0440063036973686,0.0698225062463231,0.00307715738410204));
#4355=CARTESIAN_POINT('',(-0.0442596530058293,0.0698226109817815,0.0015186059948041));
#4356=CARTESIAN_POINT('',(-0.044341697316623,0.0698224613666922,1.02208927511187E-5));
#4357=CARTESIAN_POINT('',(-0.0442619988641896,0.0698226095488578,-0.00149642914941519));
#4358=CARTESIAN_POINT('',(-0.0440110763798002,0.0698225090040877,-0.0030553948934043));
#4359=CARTESIAN_POINT('',(-0.0435858178371432,0.0698225437158139,-0.00457656450488853));
#4360=CARTESIAN_POINT('',(-0.0429677974887672,0.0698225965462566,-0.00609535289184747));
#4361=CARTESIAN_POINT('',(-0.0421903695670001,0.0698224668665664,-0.0075181844705392));
#4362=CARTESIAN_POINT('',(-0.0412385053441221,0.0698226309971014,-0.00885675671992377));
#4363=CARTESIAN_POINT('',(-0.0401455506797672,0.0698224950957365,-0.0100752644380225));
#4364=CARTESIAN_POINT('',(-0.0390129610124868,0.0698225079461343,-0.011074531210339));
#4365=CARTESIAN_POINT('',(-0.0379352633370562,0.0698225496898898,-0.0118455887088835));
#4366=CARTESIAN_POINT('',(-0.0370350599776571,0.0698225154008138,-0.0123822616825371));
#4367=CARTESIAN_POINT('',(-0.0363382974892292,0.0698225010582375,-0.0127394184070083));
#4368=CARTESIAN_POINT('',(-0.035769758467035,0.0698225203876141,-0.0129957466313817));
#4369=CARTESIAN_POINT('',(-0.0353463304720608,0.0698225019168219,-0.0131698645748758));
#4370=CARTESIAN_POINT('',(-0.0350440824219834,0.0698225119850654,-0.0132865530894783));
#4371=CARTESIAN_POINT('',(-0.0347233032728963,0.0698225151230797,-0.0134066411783571));
#4372=CARTESIAN_POINT('',(-0.0343538229771903,0.0698225096961927,-0.0135418167267724));
#4373=CARTESIAN_POINT('',(-0.0339158703243412,0.0698225111086984,-0.0136986432527186));
#4374=CARTESIAN_POINT('',(-0.0333735366621249,0.0698225127006988,-0.0138903768476448));
#4375=CARTESIAN_POINT('',(-0.0326854505330194,0.0698225098252521,-0.0141339183154295));
#4376=CARTESIAN_POINT('',(-0.0317489081957876,0.0698225115921857,-0.0144687688616847));
#4377=CARTESIAN_POINT('',(-0.0304733407615476,0.0698225105365375,-0.0149228820462481));
#4378=CARTESIAN_POINT('',(-0.0281466648083612,0.0698225113877954,-0.015752762392457));
#4379=CARTESIAN_POINT('',(-0.0262619744115642,0.06982251077525,-0.016424261981979));
#4380=CARTESIAN_POINT('',(-0.024932198067277,0.069822510991443,-0.0168984153137246));
#4381=CARTESIAN_POINT('',(-0.0251875093181266,0.072291256016069,0.0177040200895511));
#4382=CARTESIAN_POINT('',(-0.0265182224538938,0.0722912552620463,0.0172297568164222));
#4383=CARTESIAN_POINT('',(-0.028400258604702,0.0722912573984444,0.0165585687176982));
#4384=CARTESIAN_POINT('',(-0.0307306231761984,0.0722912544294797,0.0157282554822686));
#4385=CARTESIAN_POINT('',(-0.032001623225889,0.0722912580739822,0.0152746903639559));
#4386=CARTESIAN_POINT('',(-0.0329451981811665,0.0722912552907135,0.0149379230593908));
#4387=CARTESIAN_POINT('',(-0.0336288186647861,0.0722912573159682,0.0146958942591793));
#4388=CARTESIAN_POINT('',(-0.0341707072561965,0.0722912574800492,0.014504377865324));
#4389=CARTESIAN_POINT('',(-0.0346153426711469,0.0722912545280463,0.014345307035251));
#4390=CARTESIAN_POINT('',(-0.034988914929468,0.0722912599618341,0.0142089077405896));
#4391=CARTESIAN_POINT('',(-0.0353182476627702,0.0722912577002196,0.0140858054677286));
#4392=CARTESIAN_POINT('',(-0.0355952560800584,0.0722912482078526,0.0139793136764054));
#4393=CARTESIAN_POINT('',(-0.035913348376465,0.0722912588274794,0.0138504235442136));
#4394=CARTESIAN_POINT('',(-0.0363120308063332,0.0722912548650853,0.0136790544282283));
#4395=CARTESIAN_POINT('',(-0.0368020058211994,0.0722912593200663,0.0134511109378419));
#4396=CARTESIAN_POINT('',(-0.0374716456265453,0.0722912256152739,0.0131051923583851));
#4397=CARTESIAN_POINT('',(-0.0383774081017619,0.0722912744503759,0.0125665492071349));
#4398=CARTESIAN_POINT('',(-0.0395224733822849,0.0722913066662989,0.0117503603006206));
#4399=CARTESIAN_POINT('',(-0.0407247817606697,0.0722912145503463,0.0106928137084594));
#4400=CARTESIAN_POINT('',(-0.041884094172879,0.0722914377492496,0.00940493296667413));
#4401=CARTESIAN_POINT('',(-0.0428945515242585,0.0722911922948298,0.00798844298756175));
#4402=CARTESIAN_POINT('',(-0.0437223561366663,0.0722913790247587,0.00647983154119702));
#4403=CARTESIAN_POINT('',(-0.0443784261558024,0.0722913090005487,0.00487460273046593));
#4404=CARTESIAN_POINT('',(-0.0448328852090465,0.0722912490035512,0.00325905685216489));
#4405=CARTESIAN_POINT('',(-0.0451010194312916,0.0722914038906462,0.0016100951663845));
#4406=CARTESIAN_POINT('',(-0.0451878206082089,0.0722911826264157,1.08793442886108E-5));
#4407=CARTESIAN_POINT('',(-0.0451034987893525,0.0722914017723156,-0.00158665595144762));
#4408=CARTESIAN_POINT('',(-0.0448379503362029,0.0722912530817968,-0.00323596907914484));
#4409=CARTESIAN_POINT('',(-0.0443862999541768,0.072291304457685,-0.0048516602591006));
#4410=CARTESIAN_POINT('',(-0.0437329296573966,0.0722913825321822,-0.00645756055706745));
#4411=CARTESIAN_POINT('',(-0.0429075007512395,0.0722911907805297,-0.0079678254021183));
#4412=CARTESIAN_POINT('',(-0.0418995773373634,0.0722914334698721,-0.00938558485980202));
#4413=CARTESIAN_POINT('',(-0.0407421738597947,0.072291232545837,-0.0106756225939477));
#4414=CARTESIAN_POINT('',(-0.0395404892772701,0.0722912514855562,-0.0117360613919953));
#4415=CARTESIAN_POINT('',(-0.0383990891673954,0.0722913133047344,-0.0125524976844535));
#4416=CARTESIAN_POINT('',(-0.0374472095636217,0.0722912625103931,-0.01312016531613));
#4417=CARTESIAN_POINT('',(-0.0367041596699737,0.0722912413440768,-0.013500995743245));
#4418=CARTESIAN_POINT('',(-0.0361045829350719,0.0722912698978919,-0.0137712902228477));
#4419=CARTESIAN_POINT('',(-0.0356592829848424,0.0722912426092036,-0.0139543668590895));
#4420=CARTESIAN_POINT('',(-0.0353422839851519,0.0722912574775758,-0.0140767357295202));
#4421=CARTESIAN_POINT('',(-0.035015995500359,0.0722912621435073,-0.0141988699585313));
#4422=CARTESIAN_POINT('',(-0.0346407580738649,0.0722912540942817,-0.0143361479125913));
#4423=CARTESIAN_POINT('',(-0.0341983944802052,0.0722912561917326,-0.0144945474522844));
#4424=CARTESIAN_POINT('',(-0.0336549082163206,0.0722912585418818,-0.0146866918210484));
#4425=CARTESIAN_POINT('',(-0.0329697157318875,0.0722912542906597,-0.0149292015847662));
#4426=CARTESIAN_POINT('',(-0.0320324926474812,0.0722912569048815,-0.0152642949890548));
#4427=CARTESIAN_POINT('',(-0.0307569200576954,0.0722912553430279,-0.015718409896144));
#4428=CARTESIAN_POINT('',(-0.0284302545171081,0.0722912566024814,-0.0165482866235346));
#4429=CARTESIAN_POINT('',(-0.0265455566276451,0.072291255696208,-0.0172197888170748));
#4430=CARTESIAN_POINT('',(-0.0252157829278285,0.07229125601607,-0.017693941229756));
#4431=CARTESIAN_POINT('',(-0.0254425910484272,0.0737653792878523,0.0184195876484702));
#4432=CARTESIAN_POINT('',(-0.0267732312327971,0.0737653784616296,0.0179453499718742));
#4433=CARTESIAN_POINT('',(-0.028655474079233,0.0737653808025944,0.0172740893496402));
#4434=CARTESIAN_POINT('',(-0.0309855514045975,0.0737653775493421,0.01644387690056));
#4435=CARTESIAN_POINT('',(-0.032256901542348,0.0737653815428085,0.0159901889431817));
#4436=CARTESIAN_POINT('',(-0.0332004350346325,0.0737653784938042,0.0156534364858713));
#4437=CARTESIAN_POINT('',(-0.0338814125542059,0.073765380711516,0.0154123458245282));
#4438=CARTESIAN_POINT('',(-0.0344248190293259,0.0737653808942463,0.015220292013265));
#4439=CARTESIAN_POINT('',(-0.0348729930988845,0.0737653776501677,0.0150599620174274));
#4440=CARTESIAN_POINT('',(-0.0352521706594139,0.0737653836314256,0.0149215123771039));
#4441=CARTESIAN_POINT('',(-0.0355857851316653,0.0737653811220655,0.0147968263153442));
#4442=CARTESIAN_POINT('',(-0.0358742192725229,0.0737653707470494,0.0146859537890452));
#4443=CARTESIAN_POINT('',(-0.0362060594038264,0.0737653823630328,0.0145515044447805));
#4444=CARTESIAN_POINT('',(-0.0366224974123057,0.0737653780292417,0.0143725068883357));
#4445=CARTESIAN_POINT('',(-0.0371366196421037,0.0737653829049118,0.0141333624372583));
#4446=CARTESIAN_POINT('',(-0.0378422590998675,0.0737653459961848,0.0137688496631052));
#4447=CARTESIAN_POINT('',(-0.0387940644631434,0.0737653994719026,0.0132027976491907));
#4448=CARTESIAN_POINT('',(-0.039995843091041,0.0737654347937451,0.0123463160618263));
#4449=CARTESIAN_POINT('',(-0.0412605520889422,0.0737653338638958,0.0112337148555396));
#4450=CARTESIAN_POINT('',(-0.0424779508289797,0.0737655784262638,0.00988155347840787));
#4451=CARTESIAN_POINT('',(-0.0435389541778788,0.0737653094720415,0.00839393022825972));
#4452=CARTESIAN_POINT('',(-0.0444100189755086,0.073765514077366,0.00680680958205427));
#4453=CARTESIAN_POINT('',(-0.0450980908252356,0.0737654373784246,0.00512309592302366));
#4454=CARTESIAN_POINT('',(-0.0455763632406191,0.0737653716024851,0.00342276847360916));
#4455=CARTESIAN_POINT('',(-0.0458578209674752,0.0737655413346243,0.00169233757208932));
#4456=CARTESIAN_POINT('',(-0.0459488994818586,0.0737652988644888,1.14688555133388E-5));
#4457=CARTESIAN_POINT('',(-0.0458604206725289,0.0737655390137203,-0.00166775950400714));
#4458=CARTESIAN_POINT('',(-0.0455816911798571,0.0737653760714207,-0.00339848999209564));
#4459=CARTESIAN_POINT('',(-0.0451063601234088,0.0737654324006845,-0.00509899516629868));
#4460=CARTESIAN_POINT('',(-0.0444211152173456,0.0737655179202985,-0.00678344063794468));
#4461=CARTESIAN_POINT('',(-0.0435525862948633,0.0737653078124141,-0.00837221970901122));
#4462=CARTESIAN_POINT('',(-0.0424941989239581,0.0737655737349307,-0.00986125624074919));
#4463=CARTESIAN_POINT('',(-0.0412787976768379,0.0737653535913003,-0.011215674520811));
#4464=CARTESIAN_POINT('',(-0.0400149762634847,0.0737653743032776,-0.0123311110473901));
#4465=CARTESIAN_POINT('',(-0.0388163546436235,0.0737654421127975,-0.0131883162560097));
#4466=CARTESIAN_POINT('',(-0.0378178968821879,0.0737653863819184,-0.0137839223154057));
#4467=CARTESIAN_POINT('',(-0.0370332689597001,0.073765363224258,-0.0141860175109032));
#4468=CARTESIAN_POINT('',(-0.0364057632158329,0.0737653944879689,-0.0144688796868423));
#4469=CARTESIAN_POINT('',(-0.0359407689892241,0.0737653646077979,-0.0146600241465632));
#4470=CARTESIAN_POINT('',(-0.0356105220507894,0.073765380882292,-0.0147874936436114));
#4471=CARTESIAN_POINT('',(-0.0352792559069828,0.073765386018086,-0.0149114763622082));
#4472=CARTESIAN_POINT('',(-0.0348988580415745,0.0737653771762294,-0.0150506391715709));
#4473=CARTESIAN_POINT('',(-0.0344525229796818,0.0737653794823851,-0.0152104549836696));
#4474=CARTESIAN_POINT('',(-0.0339079981661171,0.0737653820538853,-0.015402969275941));
#4475=CARTESIAN_POINT('',(-0.0332254082808643,0.073765377396247,-0.0156445514154237));
#4476=CARTESIAN_POINT('',(-0.0322875745909539,0.0737653802622743,-0.0159798624670896));
#4477=CARTESIAN_POINT('',(-0.0310119963415724,0.0737653785499846,-0.0164339794002499));
#4478=CARTESIAN_POINT('',(-0.0286853409912466,0.0737653799307472,-0.0172638524881942));
#4479=CARTESIAN_POINT('',(-0.0268006357691071,0.0737653789371827,-0.017935357300596));
#4480=CARTESIAN_POINT('',(-0.0254708646572944,0.0737653792878534,-0.0184095087889737));
#4481=CARTESIAN_POINT('',(-0.0375715884269301,0.0548601193950586,-0.01651));
#4482=CARTESIAN_POINT('',(-0.0391473924528325,0.0548616282862743,-0.0158029644444598));
#4483=CARTESIAN_POINT('',(-0.0413803585111537,0.05486176472842,-0.0143830800290733));
#4484=CARTESIAN_POINT('',(-0.0438306607196574,0.0548596623374507,-0.0119562955487702));
#4485=CARTESIAN_POINT('',(-0.0459501333080716,0.0548612222249113,-0.00914433532473931));
#4486=CARTESIAN_POINT('',(-0.0473919400549072,0.054861174874811,-0.00599731659824335));
#4487=CARTESIAN_POINT('',(-0.0481381670235104,0.0548590232032023,-0.00257722327508279));
#4488=CARTESIAN_POINT('',(-0.0483221854572893,0.0548609983121352,-7.30548000789233E-6));
#4489=CARTESIAN_POINT('',(-0.0481330909332161,0.0548587820859809,0.00261739539958753));
#4490=CARTESIAN_POINT('',(-0.0473942196206326,0.0548607800556648,0.00598342355765923));
#4491=CARTESIAN_POINT('',(-0.0448329724572363,0.05485868445189,0.0115741946867094));
#4492=CARTESIAN_POINT('',(-0.040749385194293,0.05486187893478,0.015084846358746));
#4493=CARTESIAN_POINT('',(-0.0375746569008634,0.0548586925005775,0.01651));
#4494=CARTESIAN_POINT('',(-0.0301635328159785,0.0762593875279596,6.8855642957502E-7));
#4495=CARTESIAN_POINT('',(-0.0508,0.0762,0.01905));
#4496=CARTESIAN_POINT('',(-0.0254011894900465,0.0762,2.77555756156289E-17));
#4497=CARTESIAN_POINT('',(-0.0254011894900465,0.0762,0.00558800000000003));
#4498=CARTESIAN_POINT('',(-0.0254011894900465,0.0762,2.77555756156289E-17));
#4499=CARTESIAN_POINT('',(-0.0254011894900465,0.0762,0.0101152549149705));
#4500=CARTESIAN_POINT('',(-0.0254011894900465,0.08763,3.19189119579732E-17));
#4501=CARTESIAN_POINT('',(-0.0309857854314293,0.0862375590948775,-0.000195018387573543));
#4502=CARTESIAN_POINT('',(-0.0309857854314293,0.0860470590948775,-0.000195018387573545));
#4503=CARTESIAN_POINT('',(-0.0309857854314293,0.08763,-0.000195018387573543));
#4504=CARTESIAN_POINT('',(-0.0309857854314293,0.0860470590948775,-0.000195018387573566));
#4505=CARTESIAN_POINT('',(-0.0309760272268295,0.0860307608516498,-0.000474456806079941));
#4506=CARTESIAN_POINT('',(-0.0309125037247172,0.085993335833592,-0.00110838261543221));
#4507=CARTESIAN_POINT('',(-0.0305733205385366,0.0859227284961158,-0.00224363950865172));
#4508=CARTESIAN_POINT('',(-0.0299847200082898,0.0858517914118485,-0.0032675298937282));
#4509=CARTESIAN_POINT('',(-0.0293686298882259,0.0857958601562805,-0.00395156144266523));
#4510=CARTESIAN_POINT('',(-0.0290058355234887,0.0857662290247886,-0.0042742758501432));
#4511=CARTESIAN_POINT('',(-0.028784157748352,0.0857489759760536,-0.00444880839329201));
#4512=CARTESIAN_POINT('',(-0.0286267175542546,0.0857370266120027,-0.00456483291455892));
#4513=CARTESIAN_POINT('',(-0.0284000330614485,0.0857203087774097,-0.00471900713346859));
#4514=CARTESIAN_POINT('',(-0.0280372139385888,0.0856946275385531,-0.00493494302338255));
#4515=CARTESIAN_POINT('',(-0.0273658767937529,0.0856494171118063,-0.00526200878822386));
#4516=CARTESIAN_POINT('',(-0.0265402507233114,0.0855980382729846,-0.00549889016017987));
#4517=CARTESIAN_POINT('',(-0.0257028466875744,0.0855477479758739,-0.00559228581348583));
#4518=CARTESIAN_POINT('',(-0.0248130072532403,0.0854949200464794,-0.00558901382097964));
#4519=CARTESIAN_POINT('',(-0.0232461798890532,0.0854004149729679,-0.00529259416698717));
#4520=CARTESIAN_POINT('',(-0.0213621514438325,0.0852709999566557,-0.00413440240526766));
#4521=CARTESIAN_POINT('',(-0.0202317379031351,0.0851466475308183,-0.00237080642277082));
#4522=CARTESIAN_POINT('',(-0.0198305292580559,0.0850493535484561,-0.000826827405709341));
#4523=CARTESIAN_POINT('',(-0.0197811678590928,0.084973924276527,0.000422051440858017));
#4524=CARTESIAN_POINT('',(-0.0200203351972281,0.0848973202017316,0.00167925843757542));
#4525=CARTESIAN_POINT('',(-0.0204589014693884,0.0848327701922069,0.0026745450261091));
#4526=CARTESIAN_POINT('',(-0.0208697394489535,0.0847894251863257,0.00327875537891181));
#4527=CARTESIAN_POINT('',(-0.0210705103157802,0.0847702153674725,0.00353308042348752));
#4528=CARTESIAN_POINT('',(-0.0211939257293148,0.0847589197383157,0.00367852083400838));
#4529=CARTESIAN_POINT('',(-0.0212482217881264,0.0847541026566771,0.00373905705157161));
#4530=CARTESIAN_POINT('',(-0.0213979537583288,0.0847409361964893,0.00390266437287463));
#4531=CARTESIAN_POINT('',(-0.0216373092847065,0.0847208874025029,0.00413940982977845));
#4532=CARTESIAN_POINT('',(-0.022165248306235,0.0846797067214344,0.00458004072292795));
#4533=CARTESIAN_POINT('',(-0.023008814955598,0.0846201095484545,0.00510612788305227));
#4534=CARTESIAN_POINT('',(-0.0241342944355989,0.0845486662415971,0.00548310706513374));
#4535=CARTESIAN_POINT('',(-0.0251695388615797,0.084485435857721,0.00560428360472831));
#4536=CARTESIAN_POINT('',(-0.0263269348850491,0.0844149818174959,0.0055616633212586));
#4537=CARTESIAN_POINT('',(-0.0275671007000558,0.0843374319665553,0.00522168307762306));
#4538=CARTESIAN_POINT('',(-0.0288420508978537,0.0842485427971146,0.00447944150292767));
#4539=CARTESIAN_POINT('',(-0.0298106495937842,0.0841665696061998,0.00351499349119653));
#4540=CARTESIAN_POINT('',(-0.0304784240053949,0.0840907246261373,0.00243661319066059));
#4541=CARTESIAN_POINT('',(-0.0308658497255774,0.0840214136007831,0.00133683342502184));
#4542=CARTESIAN_POINT('',(-0.0310110784070658,0.0839578013223873,0.000272107061411984));
#4543=CARTESIAN_POINT('',(-0.0309789072096071,0.0839028228780934,-0.000668302691713533));
#4544=CARTESIAN_POINT('',(-0.0307489423758999,0.0838365366926746,-0.00176217000481397));
#4545=CARTESIAN_POINT('',(-0.0303138420561617,0.0837730041836781,-0.00273094237850214));
#4546=CARTESIAN_POINT('',(-0.0297810733450259,0.0837166586939299,-0.00349340248534968));
#4547=CARTESIAN_POINT('',(-0.0292965374167731,0.0836726251840596,-0.00403287939200949));
#4548=CARTESIAN_POINT('',(-0.0287739293623921,0.0836311954338163,-0.00446537541587898));
#4549=CARTESIAN_POINT('',(-0.0284379365093549,0.0836063790532892,-0.00469398690584921));
#4550=CARTESIAN_POINT('',(-0.0280706822785681,0.0835801923469945,-0.00491758434658536));
#4551=CARTESIAN_POINT('',(-0.0275953565389796,0.0835480794881199,-0.00515222941015897));
#4552=CARTESIAN_POINT('',(-0.0269936499748466,0.0835095238573366,-0.00536897739414406));
#4553=CARTESIAN_POINT('',(-0.0263723309708216,0.0834712599572123,-0.00551540919225816));
#4554=CARTESIAN_POINT('',(-0.0257367115870221,0.0834330531030996,-0.00558969873477225));
#4555=CARTESIAN_POINT('',(-0.0251022766705835,0.0833955301027954,-0.0055932324425112));
#4556=CARTESIAN_POINT('',(-0.0245526311172922,0.0833619318946452,-0.00552888266340122));
#4557=CARTESIAN_POINT('',(-0.0242176714769208,0.083340927837607,-0.00546399205585399));
#4558=CARTESIAN_POINT('',(-0.0239917911921237,0.0833264361177394,-0.00540751206568647));
#4559=CARTESIAN_POINT('',(-0.0239878917695255,0.083326184624237,-0.00540629915578293));
#4560=CARTESIAN_POINT('',(-0.0239444546225362,0.0833234085967832,-0.00539493393163362));
#4561=CARTESIAN_POINT('',(-0.0238771964037189,0.0833191427285337,-0.00537654910836721));
#4562=CARTESIAN_POINT('',(-0.0237023122199511,0.0833080610761792,-0.00532510268768359));
#4563=CARTESIAN_POINT('',(-0.0234048812217109,0.0832891299696318,-0.00522554257366453));
#4564=CARTESIAN_POINT('',(-0.0229253474666899,0.0832578113471789,-0.00502109768734858));
#4565=CARTESIAN_POINT('',(-0.0223454273686959,0.0832180543398592,-0.00469775975351432));
#4566=CARTESIAN_POINT('',(-0.0216966414436087,0.0831696821375852,-0.00421356995061417));
#4567=CARTESIAN_POINT('',(-0.0211443386256757,0.0831226462487456,-0.00364964501789035));
#4568=CARTESIAN_POINT('',(-0.0207761594214642,0.0830853148992387,-0.00314448740088099));
#4569=CARTESIAN_POINT('',(-0.0206104658067313,0.0830666617966512,-0.00287989467242295));
#4570=CARTESIAN_POINT('',(-0.0205076215158477,0.0830542215695379,-0.00269890089626711));
#4571=CARTESIAN_POINT('',(-0.0204528690146995,0.0830473089850173,-0.0025970084178802));
#4572=CARTESIAN_POINT('',(-0.0203806166524808,0.0830378355245348,-0.00245599923903173));
#4573=CARTESIAN_POINT('',(-0.0202777429707598,0.0830233229794183,-0.00223630497266306));
#4574=CARTESIAN_POINT('',(-0.0201173931472944,0.0829980667490292,-0.00184605311041794));
#4575=CARTESIAN_POINT('',(-0.0199494571494719,0.0829631826039764,-0.00128836359727428));
#4576=CARTESIAN_POINT('',(-0.0198359340505693,0.0829229720601198,-0.000628863983605768));
#4577=CARTESIAN_POINT('',(-0.01980151755605,0.0828845309244186,7.89331658920333E-6));
#4578=CARTESIAN_POINT('',(-0.0198371380640279,0.0828476467493908,0.000616317093325135));
#4579=CARTESIAN_POINT('',(-0.0199132930067396,0.0828188164140781,0.00108484433032411));
#4580=CARTESIAN_POINT('',(-0.0200043475789308,0.0827955406319371,0.00145524155290264));
#4581=CARTESIAN_POINT('',(-0.020067570017421,0.0827814313344907,0.00167718915815497));
#4582=CARTESIAN_POINT('',(-0.0202013521078139,0.0827566088932277,0.00205989465919283));
#4583=CARTESIAN_POINT('',(-0.0204006141247254,0.082726269643423,0.0025145636431563));
#4584=CARTESIAN_POINT('',(-0.0207048038966413,0.0826882913311508,0.00305818450532883));
#4585=CARTESIAN_POINT('',(-0.0212839723731757,0.0826295821946056,0.00383052732555275));
#4586=CARTESIAN_POINT('',(-0.0221522631237626,0.0825590506510065,0.0046141352268553));
#4587=CARTESIAN_POINT('',(-0.0237150010931584,0.0824527112020517,0.00544978029537138));
#4588=CARTESIAN_POINT('',(-0.0251465939408676,0.0823680531497104,0.00564846509787808));
#4589=CARTESIAN_POINT('',(-0.0262594948415217,0.0823015493595062,0.00553082269203128));
#4590=CARTESIAN_POINT('',(-0.0267022807220955,0.082274793527177,0.00543938368909203));
#4591=CARTESIAN_POINT('',(-0.027039510485988,0.0822541048632724,0.00534465156822385));
#4592=CARTESIAN_POINT('',(-0.0272477726772164,0.0822411647908314,0.00527514676313313));
#4593=CARTESIAN_POINT('',(-0.0273817007139076,0.0822327604810792,0.00522565477386366));
#4594=CARTESIAN_POINT('',(-0.0274700606781965,0.0822271788249599,0.00519097949968008));
#4595=CARTESIAN_POINT('',(-0.0274967748269384,0.0822254822993701,0.005180170684551));
#4596=CARTESIAN_POINT('',(-0.0276286621541547,0.0822170727078045,0.00512627585487132));
#4597=CARTESIAN_POINT('',(-0.0278285763799758,0.0822040448815169,0.00503624631724839));
#4598=CARTESIAN_POINT('',(-0.0282494251575367,0.082175779030096,0.00481931504278543));
#4599=CARTESIAN_POINT('',(-0.0288951372712366,0.0821298638588864,0.00440377010650641));
#4600=CARTESIAN_POINT('',(-0.0297786142076512,0.0820567720012615,0.00356092674170844));
#4601=CARTESIAN_POINT('',(-0.0305924760308939,0.081966022844097,0.00227983185644777));
#4602=CARTESIAN_POINT('',(-0.0309562236417545,0.0818845047544776,0.00096218203151491));
#4603=CARTESIAN_POINT('',(-0.0309969231516699,0.081824802903958,-2.57933593944851E-5));
#4604=CARTESIAN_POINT('',(-0.0309748186532964,0.0817987168181031,-0.000456922902306274));
#4605=CARTESIAN_POINT('',(-0.0309345151484037,0.0817779582107163,-0.000797897868608806));
#4606=CARTESIAN_POINT('',(-0.0308841432562418,0.0817602870551838,-0.00108568304821221));
#4607=CARTESIAN_POINT('',(-0.0308576839237032,0.0817527764225477,-0.00120702482856903));
#4608=CARTESIAN_POINT('',(-0.030806567391585,0.0817392150329048,-0.00142532947349611));
#4609=CARTESIAN_POINT('',(-0.030735030988187,0.0817234807587314,-0.00167561872646966));
#4610=CARTESIAN_POINT('',(-0.0305955139532624,0.081697632061868,-0.00207986669675326));
#4611=CARTESIAN_POINT('',(-0.0303791648927601,0.0816655639723071,-0.00256526085063299));
#4612=CARTESIAN_POINT('',(-0.0300544461097024,0.0816269981367984,-0.00311594500188133));
#4613=CARTESIAN_POINT('',(-0.0295408650349228,0.0815756329912448,-0.00379560032457954));
#4614=CARTESIAN_POINT('',(-0.0287595911026409,0.0815114519025345,-0.00452692053992126));
#4615=CARTESIAN_POINT('',(-0.0272774663119533,0.0814088636855222,-0.00538456061524449));
#4616=CARTESIAN_POINT('',(-0.0251304666569384,0.0812807047507065,-0.00577900858089074));
#4617=CARTESIAN_POINT('',(-0.0234543269304426,0.0811786976069218,-0.00530625810232963));
#4618=CARTESIAN_POINT('',(-0.0227102011664343,0.0811277217251256,-0.0048973794872546));
#4619=CARTESIAN_POINT('',(-0.0227102011665509,0.0811277213637509,-0.00489737948704975));
#4620=CARTESIAN_POINT('',(-0.0227102003118794,0.081224651239773,-0.00489737901670902));
#4621=CARTESIAN_POINT('',(-0.0227101872040347,0.0827106619073383,-0.00489737181523706));
#4622=CARTESIAN_POINT('',(-0.0309857854314293,0.08763,-0.000195018387573565));
#4623=CARTESIAN_POINT('',(-0.0309760272234438,0.0876137017511177,-0.000474456903031385));
#4624=CARTESIAN_POINT('',(-0.030912503685523,0.0875762767226988,-0.00110838288774454));
#4625=CARTESIAN_POINT('',(-0.0305733203576889,0.0875056693725449,-0.00224363996187075));
#4626=CARTESIAN_POINT('',(-0.029984719654205,0.087434732280053,-0.00326753040210033));
#4627=CARTESIAN_POINT('',(-0.0293686294071835,0.0873788010200456,-0.00395156192761339));
#4628=CARTESIAN_POINT('',(-0.0290058349800332,0.0873491698865497,-0.00427427630906028));
#4629=CARTESIAN_POINT('',(-0.028784157172373,0.0873319168369135,-0.00444880883106968));
#4630=CARTESIAN_POINT('',(-0.0286267170077826,0.0873199674761384,-0.00456483329960931));
#4631=CARTESIAN_POINT('',(-0.0284000325349802,0.0873032496442249,-0.00471900746672019));
#4632=CARTESIAN_POINT('',(-0.0280372134635294,0.0872775684105215,-0.00493494327405913));
#4633=CARTESIAN_POINT('',(-0.0273658764157296,0.0872323579921904,-0.00526200891588576));
#4634=CARTESIAN_POINT('',(-0.0265402505259997,0.0871809791654917,-0.00549889019582003));
#4635=CARTESIAN_POINT('',(-0.025702846585821,0.0871306888746493,-0.00559228581047621));
#4636=CARTESIAN_POINT('',(-0.0248130075983145,0.0870778609728976,-0.00558901382786958));
#4637=CARTESIAN_POINT('',(-0.0232461809347484,0.0869833559388358,-0.00529259441497829));
#4638=CARTESIAN_POINT('',(-0.0213621521405914,0.0868539409573593,-0.00413440389228183));
#4639=CARTESIAN_POINT('',(-0.020231736657398,0.0867295882460637,-0.00237080354509472));
#4640=CARTESIAN_POINT('',(-0.0198305296721362,0.0866322944825548,-0.000826827814715828));
#4641=CARTESIAN_POINT('',(-0.0197811676760836,0.0865568654741151,0.000422046644301213));
#4642=CARTESIAN_POINT('',(-0.0200203336904109,0.0864802613918668,0.00167925402095808));
#4643=CARTESIAN_POINT('',(-0.0204589001691925,0.0864157112423268,0.00267454311791022));
#4644=CARTESIAN_POINT('',(-0.020869739853909,0.0863723660512745,0.00327875601100661));
#4645=CARTESIAN_POINT('',(-0.0210705116690687,0.0863531561465155,0.00353308210162928));
#4646=CARTESIAN_POINT('',(-0.0211939279300673,0.0863418604450504,0.00367852335847531));
#4647=CARTESIAN_POINT('',(-0.0212482237147173,0.0863370433907237,0.00373905918656614));
#4648=CARTESIAN_POINT('',(-0.0213979556635199,0.0863238769375845,0.00390266632605096));
#4649=CARTESIAN_POINT('',(-0.0216373109693155,0.08630382816911,0.00413941134197098));
#4650=CARTESIAN_POINT('',(-0.0221652498807948,0.0862626475056531,0.00458004181436603));
#4651=CARTESIAN_POINT('',(-0.0230088165754369,0.086203050337957,0.00510612868399908));
#4652=CARTESIAN_POINT('',(-0.0241342968040559,0.0861316069928572,0.00548310762156381));
#4653=CARTESIAN_POINT('',(-0.0251695418119798,0.0860683765801321,0.00560428380951663));
#4654=CARTESIAN_POINT('',(-0.0263269397745345,0.0859979224227968,0.00556166250334553));
#4655=CARTESIAN_POINT('',(-0.0275670995622117,0.0859203729401181,0.00522168295458693));
#4656=CARTESIAN_POINT('',(-0.0288420483649427,0.0858314838993222,0.00447944335994809));
#4657=CARTESIAN_POINT('',(-0.029810646751294,0.0857495107956011,0.00351499695436669));
#4658=CARTESIAN_POINT('',(-0.0304784223517164,0.0856736657896913,0.00243661687909425));
#4659=CARTESIAN_POINT('',(-0.0308658494238827,0.0856043546399903,0.00133683538536851));
#4660=CARTESIAN_POINT('',(-0.0310110787699284,0.0855407421521718,0.000272105621652252));
#4661=CARTESIAN_POINT('',(-0.0309789066462753,0.0854857633451431,-0.000668310068392939));
#4662=CARTESIAN_POINT('',(-0.0307489390868015,0.0854194769433703,-0.00176218044775472));
#4663=CARTESIAN_POINT('',(-0.0303138365522265,0.0853559444147017,-0.00273095212712526));
#4664=CARTESIAN_POINT('',(-0.0297810671732443,0.0852995990030255,-0.00349341015081949));
#4665=CARTESIAN_POINT('',(-0.0292965313985422,0.0852555655882779,-0.00403288503212561));
#4666=CARTESIAN_POINT('',(-0.0287739247400771,0.0852141359865267,-0.00446537886142036));
#4667=CARTESIAN_POINT('',(-0.0284379320792218,0.0851893196345464,-0.00469398976617317));
#4668=CARTESIAN_POINT('',(-0.028070678283033,0.0851631329729564,-0.00491758648436859));
#4669=CARTESIAN_POINT('',(-0.0275953531229967,0.0851310201644725,-0.00515223082161387));
#4670=CARTESIAN_POINT('',(-0.0269936474606341,0.085092464599736,-0.00536897810350549));
#4671=CARTESIAN_POINT('',(-0.0263723292969322,0.085054200756747,-0.00551540943651894));
#4672=CARTESIAN_POINT('',(-0.0257367113950393,0.0850159939944539,-0.00558969870335198));
#4673=CARTESIAN_POINT('',(-0.0251022758248487,0.0849784709607593,-0.00559323252180067));
#4674=CARTESIAN_POINT('',(-0.0245526269173992,0.0849448725486498,-0.00552888205618233));
#4675=CARTESIAN_POINT('',(-0.0242176663595868,0.0849238684325983,-0.00546399098570666));
#4676=CARTESIAN_POINT('',(-0.0239917843578394,0.0849093765990885,-0.00540751028554963));
#4677=CARTESIAN_POINT('',(-0.0239878865387633,0.0849091252087386,-0.00540629778734125));
#4678=CARTESIAN_POINT('',(-0.023944451046479,0.0849063492873943,-0.0053949329576235));
#4679=CARTESIAN_POINT('',(-0.0238771953374272,0.0849020835808044,-0.00537654878441516));
#4680=CARTESIAN_POINT('',(-0.0237023146538056,0.0848910021562794,-0.005325103407096));
#4681=CARTESIAN_POINT('',(-0.0234048866763577,0.0848720712535334,-0.00522554457365426));
#4682=CARTESIAN_POINT('',(-0.0229253542070349,0.0848407527364214,-0.00502110098412568));
#4683=CARTESIAN_POINT('',(-0.0223454332024662,0.0848009956978367,-0.00469776362958003));
#4684=CARTESIAN_POINT('',(-0.0216966445401689,0.0847526233268759,-0.0042135729323549));
#4685=CARTESIAN_POINT('',(-0.0211443385674761,0.0847055871834866,-0.00364964529654446));
#4686=CARTESIAN_POINT('',(-0.0207761573129776,0.0846682555951783,-0.00314448441518322));
#4687=CARTESIAN_POINT('',(-0.0206104628001172,0.084649602359,-0.00287988971227409));
#4688=CARTESIAN_POINT('',(-0.0205076180762386,0.0846371620499531,-0.00269889467474783));
#4689=CARTESIAN_POINT('',(-0.0204528650962815,0.0846302493855677,-0.00259700097480614));
#4690=CARTESIAN_POINT('',(-0.0203806122661906,0.0846207758311437,-0.00245599031862984));
#4691=CARTESIAN_POINT('',(-0.0202777380462781,0.0846062631463873,-0.00223629379386197));
#4692=CARTESIAN_POINT('',(-0.0201173878261371,0.0845810067008434,-0.00184603830564717));
#4693=CARTESIAN_POINT('',(-0.0199494525565829,0.0845461223312804,-0.00128834474231832));
#4694=CARTESIAN_POINT('',(-0.0198359315806325,0.0845059116507649,-0.000628842512324517));
#4695=CARTESIAN_POINT('',(-0.0198015176271067,0.0844674705111317,7.91496453948185E-6));
#4696=CARTESIAN_POINT('',(-0.0198371403223019,0.084430586464817,0.000616336475084413));
#4697=CARTESIAN_POINT('',(-0.0199132962052398,0.0844017563475976,0.0010848599136761));
#4698=CARTESIAN_POINT('',(-0.0200043507346084,0.0843784808057639,0.00145525308604419));
#4699=CARTESIAN_POINT('',(-0.0200675726187065,0.0843643717231655,0.00167719718594164));
#4700=CARTESIAN_POINT('',(-0.0202013538378182,0.0843395495244406,0.00205989877092575));
#4701=CARTESIAN_POINT('',(-0.0204006141652184,0.0843092105618673,0.00251456334078428));
#4702=CARTESIAN_POINT('',(-0.0207048010902248,0.0842712325708497,0.00305817972635984));
#4703=CARTESIAN_POINT('',(-0.0212839642229675,0.0842125238552309,0.00383051787194944));
#4704=CARTESIAN_POINT('',(-0.0221522482708241,0.0841419926690154,0.00461412428322377));
#4705=CARTESIAN_POINT('',(-0.0237149799960013,0.0840356534293579,0.00544977362557691));
#4706=CARTESIAN_POINT('',(-0.0251465770445595,0.083950995085473,0.00564846543284319));
#4707=CARTESIAN_POINT('',(-0.0262594879265398,0.0838844907054408,0.00553082394521893));
#4708=CARTESIAN_POINT('',(-0.0267022787714592,0.0838577345715924,0.00543938428191582));
#4709=CARTESIAN_POINT('',(-0.0270395129331417,0.0838370456306797,0.00534465087603874));
#4710=CARTESIAN_POINT('',(-0.0272477779376343,0.0838241053752166,0.00527514495793734));
#4711=CARTESIAN_POINT('',(-0.02738170814672,0.0838157009214134,0.00522565196667057));
#4712=CARTESIAN_POINT('',(-0.027470069140695,0.0838101191941769,0.0051909761300068));
#4713=CARTESIAN_POINT('',(-0.027496786697281,0.0838084224507337,0.00518016589445733));
#4714=CARTESIAN_POINT('',(-0.0276286798566402,0.0838000124765216,0.00512626828699982));
#4715=CARTESIAN_POINT('',(-0.0278286022232419,0.0837869840974644,0.00503623405859181));
#4716=CARTESIAN_POINT('',(-0.028249459993737,0.0837587175604979,0.00481929495672447));
#4717=CARTESIAN_POINT('',(-0.0288951763699014,0.0837128018488802,0.0044037396464838));
#4718=CARTESIAN_POINT('',(-0.0297786467982853,0.0836397098673252,0.00356088642453073));
#4719=CARTESIAN_POINT('',(-0.0305924932348524,0.0835489611044922,0.00227978993229612));
#4720=CARTESIAN_POINT('',(-0.0309562282706279,0.08346744370462,0.000962149266919477));
#4721=CARTESIAN_POINT('',(-0.0309969228728199,0.0834077424712288,-2.58158006068364E-5));
#4722=CARTESIAN_POINT('',(-0.0309748171313364,0.0833816566775377,-0.000456940310837538));
#4723=CARTESIAN_POINT('',(-0.0309345131489797,0.0833608983016796,-0.000797911259321712));
#4724=CARTESIAN_POINT('',(-0.0308841413643612,0.0833432273785779,-0.00108569246599421));
#4725=CARTESIAN_POINT('',(-0.0308576816910438,0.0833357166968373,-0.00120703496419091));
#4726=CARTESIAN_POINT('',(-0.0308065648842665,0.0833221553402597,-0.00142533891852607));
#4727=CARTESIAN_POINT('',(-0.0307350281169847,0.083306421074035,-0.00167562785780507));
#4728=CARTESIAN_POINT('',(-0.0305955106056043,0.0832805724093653,-0.00207987499240569));
#4729=CARTESIAN_POINT('',(-0.0303791610795489,0.0832485043547639,-0.00256526818318542));
#4730=CARTESIAN_POINT('',(-0.0300544419686055,0.0832099385660534,-0.00311595112844662));
#4731=CARTESIAN_POINT('',(-0.0295408607334362,0.0831585734837931,-0.00379560489190389));
#4732=CARTESIAN_POINT('',(-0.0287595871892027,0.0830943924843785,-0.00452692335423435));
#4733=CARTESIAN_POINT('',(-0.0272774634659856,0.0829918043897261,-0.00538456100486866));
#4734=CARTESIAN_POINT('',(-0.0251304693965887,0.082863645837055,-0.00577900944658503));
#4735=CARTESIAN_POINT('',(-0.0234543187511558,0.0827616380247975,-0.00530625567952862));
#4736=CARTESIAN_POINT('',(-0.0227101906946442,0.0827106619073805,-0.00489737373325162));
#4737=CARTESIAN_POINT('',(-0.0254011894900465,0.08763,3.19189119579732E-17));
#4738=CARTESIAN_POINT('',(-0.0254011894900465,0.08763,3.19189119579732E-17));
#4739=CARTESIAN_POINT('',(-0.0254011894900465,0.08763,3.19189119579732E-17));
#4740=CARTESIAN_POINT('',(-0.0254011894900465,0.08763,0.00419100000000003));
#4741=CARTESIAN_POINT('',(-0.0254011894900465,0.08763,3.19189119579732E-17));
#4742=CARTESIAN_POINT('',(-0.0310367986577661,0.0862375590948775,-0.000196799808691483));
#4743=CARTESIAN_POINT('',(-0.0311761693839764,0.0863770147737193,-0.00020166674169537));
#4744=CARTESIAN_POINT('',(-0.0310590829420655,0.0863093736798368,-0.000197577993046789));
#4745=CARTESIAN_POINT('',(-0.0309857854314293,0.08618400448701,-0.000195018387573544));
#4746=CARTESIAN_POINT('',(-0.0309857854314293,0.0860470590948775,-0.000195018387573544));
#4747=CARTESIAN_POINT('',(-0.0311761693839764,0.0863770147737194,-0.00020166674169537));
#4748=CARTESIAN_POINT('',(-0.0313665533365236,0.08763,-0.000208315095817197));
#4749=CARTESIAN_POINT('',(-0.0311761693839764,0.0873000443211582,-0.00020166674169537));
#4750=CARTESIAN_POINT('',(-0.0311761693839764,0.0873000443211581,-0.000201666741695369));
#4751=CARTESIAN_POINT('',(-0.0313453995640183,0.0872022796755753,-0.000207576389803659));
#4752=CARTESIAN_POINT('',(-0.0315146297440602,0.0871045150299926,-0.00021348603791195));
#4753=CARTESIAN_POINT('',(-0.0316838599241021,0.0870067503844098,-0.00021939568602024));
#4754=CARTESIAN_POINT('',(-0.0316838599241021,0.0870067503844098,-0.000219395686020241));
#4755=CARTESIAN_POINT('',(-0.0316838599241021,0.0870067503844098,-0.00021939568602024));
#4756=CARTESIAN_POINT('',(-0.0317226750491181,0.0869843268016924,-0.000220751140053716));
#4757=CARTESIAN_POINT('',(-0.0317473212416178,0.0869426531156192,-0.000221611804060849));
#4758=CARTESIAN_POINT('',(-0.0317473212416178,0.0868967651581291,-0.000221611804060849));
#4759=CARTESIAN_POINT('',(-0.0317473212416178,0.0868967651581292,-0.000221611804060849));
#4760=CARTESIAN_POINT('',(-0.0317473212416178,0.0868385295474388,-0.000221611804060849));
#4761=CARTESIAN_POINT('',(-0.0317473212416178,0.0867802939367483,-0.000221611804060849));
#4762=CARTESIAN_POINT('',(-0.0317473212416178,0.0867802939367483,-0.000221611804060849));
#4763=CARTESIAN_POINT('',(-0.0317473212416178,0.0867354467713126,-0.000221611804060849));
#4764=CARTESIAN_POINT('',(-0.0317235758523977,0.0866932526892122,-0.000220782596797403));
#4765=CARTESIAN_POINT('',(-0.0316838599241021,0.0866703087104677,-0.000219395686020241));
#4766=CARTESIAN_POINT('',(-0.0316839746703493,0.086669963959111,-0.000219383187432509));
#4767=CARTESIAN_POINT('',(-0.0316837963612445,0.0866702719900656,-0.000219393466356339));
#4768=CARTESIAN_POINT('',(-0.0315145873688218,0.0865725195846169,-0.000213484558136016));
#4769=CARTESIAN_POINT('',(-0.0313453783763991,0.0864747671791681,-0.000207575649915693));
#4770=CARTESIAN_POINT('',(-0.0311761693839764,0.0863770147737194,-0.00020166674169537));
#4771=CARTESIAN_POINT('',(-0.0227041642278886,0.081224651239773,-0.00490836622351773));
#4772=CARTESIAN_POINT('',(-0.0227102011664373,0.0811277213637507,-0.00489737948725643));
#4773=CARTESIAN_POINT('',(-0.0227101999070217,0.0812639242139549,-0.00489737893275631));
#4774=CARTESIAN_POINT('',(-0.0226751983490841,0.0813896604309008,-0.00496108803494276));
#4775=CARTESIAN_POINT('',(-0.0226184730958972,0.0814576779740079,-0.00506434098956381));
#4776=CARTESIAN_POINT('',(-0.0226184699529365,0.0814576778457282,-0.00506433941521346));
#4777=CARTESIAN_POINT('',(-0.0226184730958971,0.081457677974008,-0.00506434098956393));
#4778=CARTESIAN_POINT('',(-0.0225369434067681,0.0815554375913378,-0.00521274369945348));
#4779=CARTESIAN_POINT('',(-0.0224554137176391,0.0816531972086675,-0.00536114640934302));
#4780=CARTESIAN_POINT('',(-0.0223738840285102,0.0817509568259973,-0.00550954911923256));
#4781=CARTESIAN_POINT('',(-0.0223738271198808,0.0817507104485442,-0.00550968015472841));
#4782=CARTESIAN_POINT('',(-0.0223738701023429,0.0817509735244148,-0.00550957446804703));
#4783=CARTESIAN_POINT('',(-0.0223549380823887,0.0817736742861957,-0.00554403508104487));
#4784=CARTESIAN_POINT('',(-0.0223432942977725,0.0818156137684435,-0.00556522885143983));
#4785=CARTESIAN_POINT('',(-0.0223432937149096,0.0818609582671757,-0.00556522896459279));
#4786=CARTESIAN_POINT('',(-0.0223432937152454,0.0818609587991153,-0.00556522896397035));
#4787=CARTESIAN_POINT('',(-0.0223432993284138,0.081224651239773,-0.00556523204688613));
#4788=CARTESIAN_POINT('',(-0.022343292050345,0.0819774297954936,-0.00556522804959552));
#4789=CARTESIAN_POINT('',(-0.0223432926875594,0.0819774297955009,-0.0055652284001053));
#4790=CARTESIAN_POINT('',(-0.0223432922870963,0.0820228307289581,-0.0055652281800648));
#4791=CARTESIAN_POINT('',(-0.0223549584168407,0.0820647423228186,-0.00554399198317538));
#4792=CARTESIAN_POINT('',(-0.0223738662993184,0.0820874148186806,-0.00550957435811229));
#4793=CARTESIAN_POINT('',(-0.0223738665493678,0.0820874151185157,-0.00550957390295248));
#4794=CARTESIAN_POINT('',(-0.0223738665493678,0.0820874151185155,-0.00550957390295242));
#4795=CARTESIAN_POINT('',(-0.0224553993722873,0.0821851791658345,-0.00536116140186828));
#4796=CARTESIAN_POINT('',(-0.0225369321952068,0.0822829432131535,-0.00521274890078414));
#4797=CARTESIAN_POINT('',(-0.0226184650181262,0.0823807072604725,-0.0050643363997));
#4798=CARTESIAN_POINT('',(-0.0226184767062076,0.0823807079559335,-0.00506434299939288));
#4799=CARTESIAN_POINT('',(-0.0226184650181186,0.0823807072605003,-0.0050643363997138));
#4800=CARTESIAN_POINT('',(-0.0226744954704903,0.0824478921290274,-0.00496234533310087));
#4801=CARTESIAN_POINT('',(-0.0227101883891754,0.0825762915619265,-0.00489737246663262));
#4802=CARTESIAN_POINT('',(-0.0227101872039511,0.0827106619073383,-0.0048973718153891));
#4803=CARTESIAN_POINT('',(-0.0311716157387873,0.0864058505414242,0.000305357426399155));
#4804=CARTESIAN_POINT('',(-0.0311969502039972,0.0863777904522288,-0.000173395177618779));
#4805=CARTESIAN_POINT('',(-0.0311430404215724,0.0863500748340987,-0.000649776984933391));
#4806=CARTESIAN_POINT('',(-0.0310401258574779,0.0862971653132257,-0.00155919683114966));
#4807=CARTESIAN_POINT('',(-0.0306612221031716,0.0862442557923527,-0.00239230415266791));
#4808=CARTESIAN_POINT('',(-0.0302823183488652,0.0861913462714797,-0.00322541147418616));
#4809=CARTESIAN_POINT('',(-0.0296645151437961,0.0861384367506067,-0.00390065592177615));
#4810=CARTESIAN_POINT('',(-0.029046711938727,0.0860855272297337,-0.00457590036936613));
#4811=CARTESIAN_POINT('',(-0.0282504841650954,0.0860326177088607,-0.00502718431179306));
#4812=CARTESIAN_POINT('',(-0.0274542563914637,0.0859797081879877,-0.00547846825421998));
#4813=CARTESIAN_POINT('',(-0.0265575443713977,0.0859267986671147,-0.00566161687491896));
#4814=CARTESIAN_POINT('',(-0.0256608323513317,0.0858738891462417,-0.00584476549561794));
#4815=CARTESIAN_POINT('',(-0.0247514125051155,0.0858209796253687,-0.0057418509315235));
#4816=CARTESIAN_POINT('',(-0.0238419926588992,0.0857680701044957,-0.00563893636742904));
#4817=CARTESIAN_POINT('',(-0.0230088853373809,0.0857151605836228,-0.00526003261312267));
#4818=CARTESIAN_POINT('',(-0.0221757780158627,0.0856622510627497,-0.0048811288588163));
#4819=CARTESIAN_POINT('',(-0.0215005335682727,0.0856093415418768,-0.00426332565374719));
#4820=CARTESIAN_POINT('',(-0.0208252891206827,0.0855564320210037,-0.00364552244867808));
#4821=CARTESIAN_POINT('',(-0.0203740051782558,0.0855035225001308,-0.00284929467504644));
#4822=CARTESIAN_POINT('',(-0.0199227212358289,0.0854506129792577,-0.0020530669014148));
#4823=CARTESIAN_POINT('',(-0.0197395726151299,0.0853977034583848,-0.00115635488134881));
#4824=CARTESIAN_POINT('',(-0.0195564239944309,0.0853447939375117,-0.000259642861282817));
#4825=CARTESIAN_POINT('',(-0.0196593385585254,0.0852918844166388,0.000649776984933454));
#4826=CARTESIAN_POINT('',(-0.0197622531226198,0.0852389748957657,0.00155919683114973));
#4827=CARTESIAN_POINT('',(-0.0201411568769262,0.0851860653748928,0.00239230415266797));
#4828=CARTESIAN_POINT('',(-0.0205200606312325,0.0851331558540198,0.00322541147418622));
#4829=CARTESIAN_POINT('',(-0.0211378638363016,0.0850802463331468,0.00390065592177621));
#4830=CARTESIAN_POINT('',(-0.0217556670413708,0.0850273368122738,0.0045759003693662));
#4831=CARTESIAN_POINT('',(-0.0225518948150024,0.0849744272914008,0.00502718431179312));
#4832=CARTESIAN_POINT('',(-0.023348122588634,0.0849215177705278,0.00547846825422004));
#4833=CARTESIAN_POINT('',(-0.0242448346087,0.0848686082496548,0.00566161687491902));
#4834=CARTESIAN_POINT('',(-0.025141546628766,0.0848156987287818,0.005844765495618));
#4835=CARTESIAN_POINT('',(-0.0260509664749823,0.0847627892079088,0.00574185093152356));
#4836=CARTESIAN_POINT('',(-0.0269603863211986,0.0847098796870358,0.00563893636742911));
#4837=CARTESIAN_POINT('',(-0.0277934936427168,0.0846569701661628,0.00526003261312273));
#4838=CARTESIAN_POINT('',(-0.028626600964235,0.0846040606452898,0.00488112885881636));
#4839=CARTESIAN_POINT('',(-0.0293018454118251,0.0845511511244168,0.00426332565374725));
#4840=CARTESIAN_POINT('',(-0.0299770898594151,0.0844982416035438,0.00364552244867814));
#4841=CARTESIAN_POINT('',(-0.030428373801842,0.0844453320826708,0.0028492946750465));
#4842=CARTESIAN_POINT('',(-0.0308796577442689,0.0843924225617978,0.00205306690141487));
#4843=CARTESIAN_POINT('',(-0.0310628063649679,0.0843395130409248,0.00115635488134887));
#4844=CARTESIAN_POINT('',(-0.0312459549856668,0.0842866035200518,0.000259642861282879));
#4845=CARTESIAN_POINT('',(-0.0311430404215724,0.0842336939991788,-0.000649776984933393));
#4846=CARTESIAN_POINT('',(-0.0310401258574779,0.0841807844783058,-0.00155919683114966));
#4847=CARTESIAN_POINT('',(-0.0306612221031716,0.0841278749574328,-0.00239230415266791));
#4848=CARTESIAN_POINT('',(-0.0302823183488652,0.0840749654365597,-0.00322541147418616));
#4849=CARTESIAN_POINT('',(-0.0296645151437961,0.0840220559156868,-0.00390065592177615));
#4850=CARTESIAN_POINT('',(-0.029046711938727,0.0839691463948138,-0.00457590036936614));
#4851=CARTESIAN_POINT('',(-0.0282504841650954,0.0839162368739408,-0.00502718431179306));
#4852=CARTESIAN_POINT('',(-0.0274542563914637,0.0838633273530678,-0.00547846825421998));
#4853=CARTESIAN_POINT('',(-0.0265575443713977,0.0838104178321948,-0.00566161687491896));
#4854=CARTESIAN_POINT('',(-0.0256608323513317,0.0837575083113217,-0.00584476549561794));
#4855=CARTESIAN_POINT('',(-0.0247514125051155,0.0837045987904488,-0.0057418509315235));
#4856=CARTESIAN_POINT('',(-0.0238419926588992,0.0836516892695757,-0.00563893636742904));
#4857=CARTESIAN_POINT('',(-0.0230088853373809,0.0835987797487028,-0.00526003261312267));
#4858=CARTESIAN_POINT('',(-0.0221757780158627,0.0835458702278297,-0.0048811288588163));
#4859=CARTESIAN_POINT('',(-0.0215005335682727,0.0834929607069568,-0.00426332565374719));
#4860=CARTESIAN_POINT('',(-0.0208252891206827,0.0834400511860838,-0.00364552244867808));
#4861=CARTESIAN_POINT('',(-0.0203740051782558,0.0833871416652109,-0.00284929467504644));
#4862=CARTESIAN_POINT('',(-0.0199227212358289,0.0833342321443378,-0.0020530669014148));
#4863=CARTESIAN_POINT('',(-0.0197395726151299,0.0832813226234649,-0.00115635488134881));
#4864=CARTESIAN_POINT('',(-0.0195564239944309,0.0832284131025918,-0.000259642861282819));
#4865=CARTESIAN_POINT('',(-0.0196593385585254,0.0831755035817189,0.000649776984933453));
#4866=CARTESIAN_POINT('',(-0.0197622531226198,0.0831225940608458,0.00155919683114972));
#4867=CARTESIAN_POINT('',(-0.0201411568769262,0.0830696845399729,0.00239230415266797));
#4868=CARTESIAN_POINT('',(-0.0205200606312325,0.0830167750190998,0.00322541147418622));
#4869=CARTESIAN_POINT('',(-0.0211378638363016,0.0829638654982269,0.00390065592177621));
#4870=CARTESIAN_POINT('',(-0.0217556670413708,0.0829109559773538,0.0045759003693662));
#4871=CARTESIAN_POINT('',(-0.0225518948150024,0.0828580464564809,0.00502718431179312));
#4872=CARTESIAN_POINT('',(-0.023348122588634,0.0828051369356078,0.00547846825422003));
#4873=CARTESIAN_POINT('',(-0.0242448346087,0.0827522274147349,0.00566161687491902));
#4874=CARTESIAN_POINT('',(-0.025141546628766,0.0826993178938618,0.005844765495618));
#4875=CARTESIAN_POINT('',(-0.0260509664749823,0.0826464083729889,0.00574185093152356));
#4876=CARTESIAN_POINT('',(-0.0269603863211986,0.0825934988521158,0.00563893636742911));
#4877=CARTESIAN_POINT('',(-0.0277934936427168,0.0825405893312429,0.00526003261312273));
#4878=CARTESIAN_POINT('',(-0.028626600964235,0.0824876798103698,0.00488112885881636));
#4879=CARTESIAN_POINT('',(-0.0293018454118251,0.0824347702894969,0.00426332565374725));
#4880=CARTESIAN_POINT('',(-0.0299770898594151,0.0823818607686238,0.00364552244867814));
#4881=CARTESIAN_POINT('',(-0.030428373801842,0.0823289512477509,0.0028492946750465));
#4882=CARTESIAN_POINT('',(-0.0308796577442689,0.0822760417268778,0.00205306690141487));
#4883=CARTESIAN_POINT('',(-0.0310628063649679,0.0822231322060049,0.00115635488134887));
#4884=CARTESIAN_POINT('',(-0.0312459549856668,0.0821702226851318,0.000259642861282878));
#4885=CARTESIAN_POINT('',(-0.0311430404215724,0.0821173131642589,-0.000649776984933394));
#4886=CARTESIAN_POINT('',(-0.0310401258574779,0.0820644036433858,-0.00155919683114966));
#4887=CARTESIAN_POINT('',(-0.0306612221031716,0.0820114941225129,-0.00239230415266791));
#4888=CARTESIAN_POINT('',(-0.0302823183488652,0.0819585846016399,-0.00322541147418616));
#4889=CARTESIAN_POINT('',(-0.0296645151437961,0.0819056750807669,-0.00390065592177615));
#4890=CARTESIAN_POINT('',(-0.029046711938727,0.0818527655598939,-0.00457590036936614));
#4891=CARTESIAN_POINT('',(-0.0282504841650954,0.0817998560390209,-0.00502718431179306));
#4892=CARTESIAN_POINT('',(-0.0274542563914637,0.0817469465181479,-0.00547846825421998));
#4893=CARTESIAN_POINT('',(-0.0265575443713977,0.0816940369972749,-0.00566161687491896));
#4894=CARTESIAN_POINT('',(-0.0256608323513317,0.0816411274764019,-0.00584476549561794));
#4895=CARTESIAN_POINT('',(-0.0247514125051155,0.0815882179555289,-0.0057418509315235));
#4896=CARTESIAN_POINT('',(-0.0238419926588992,0.0815353084346559,-0.00563893636742905));
#4897=CARTESIAN_POINT('',(-0.0230088853373809,0.0814823989137828,-0.00526003261312268));
#4898=CARTESIAN_POINT('',(-0.022578286729875,0.0814550521777462,-0.00506419298385886));
#4899=CARTESIAN_POINT('',(-0.0221852713081686,0.0814273651073185,-0.00480093037831608));
#4900=CARTESIAN_POINT('',(-0.0310510123217202,0.0863361227020033,0.000298975376362754));
#4901=CARTESIAN_POINT('',(-0.0310758172899844,0.0863080626128078,-0.000169771173078715));
#4902=CARTESIAN_POINT('',(-0.0310230342361051,0.0862803469946778,-0.000636196476087717));
#4903=CARTESIAN_POINT('',(-0.0309222706133035,0.0862274374738048,-0.00152660920978326));
#4904=CARTESIAN_POINT('',(-0.0305512860465127,0.0861745279529318,-0.0023423043704961));
#4905=CARTESIAN_POINT('',(-0.030180301479722,0.0861216184320589,-0.00315799953120895));
#4906=CARTESIAN_POINT('',(-0.029575410523141,0.0860687089111858,-0.00381913119332614));
#4907=CARTESIAN_POINT('',(-0.02897051956656,0.0860157993903128,-0.00448026285544335));
#4908=CARTESIAN_POINT('',(-0.0281909331615422,0.0859628898694397,-0.00492211484550173));
#4909=CARTESIAN_POINT('',(-0.0274113467565243,0.0859099803485668,-0.00536396683556011));
#4910=CARTESIAN_POINT('',(-0.0265333762520905,0.0858570708276938,-0.00554328760220892));
#4911=CARTESIAN_POINT('',(-0.0256554057476567,0.0858041613068209,-0.00572260836885773));
#4912=CARTESIAN_POINT('',(-0.0247649930139611,0.0857512517859478,-0.00562184474605612));
#4913=CARTESIAN_POINT('',(-0.0238745802802656,0.0856983422650748,-0.00552108112325453));
#4914=CARTESIAN_POINT('',(-0.0230588851195528,0.0856454327442018,-0.00515009655646378));
#4915=CARTESIAN_POINT('',(-0.0222431899588399,0.0855925232233288,-0.00477911198967304));
#4916=CARTESIAN_POINT('',(-0.0215820582967227,0.0855396137024558,-0.00417422103309209));
#4917=CARTESIAN_POINT('',(-0.0209209266346055,0.0854867041815829,-0.00356933007651115));
#4918=CARTESIAN_POINT('',(-0.0204790746445471,0.0854337946607098,-0.00278974367149326));
#4919=CARTESIAN_POINT('',(-0.0200372226544888,0.0853808851398368,-0.00201015726647537));
#4920=CARTESIAN_POINT('',(-0.0198579018878399,0.0853279756189638,-0.00113218676204157));
#4921=CARTESIAN_POINT('',(-0.0196785811211911,0.0852750660980908,-0.000254216257607759));
#4922=CARTESIAN_POINT('',(-0.0197793447439927,0.0852221565772178,0.000636196476087781));
#4923=CARTESIAN_POINT('',(-0.0198801083667944,0.0851692470563449,0.00152660920978332));
#4924=CARTESIAN_POINT('',(-0.0202510929335851,0.0851163375354717,0.00234230437049616));
#4925=CARTESIAN_POINT('',(-0.0206220775003758,0.0850634280145989,0.00315799953120901));
#4926=CARTESIAN_POINT('',(-0.0212269684569568,0.0850105184937258,0.00381913119332621));
#4927=CARTESIAN_POINT('',(-0.0218318594135377,0.0849576089728528,0.00448026285544342));
#4928=CARTESIAN_POINT('',(-0.0226114458185556,0.0849046994519798,0.0049221148455018));
#4929=CARTESIAN_POINT('',(-0.0233910322235735,0.0848517899311069,0.00536396683556017));
#4930=CARTESIAN_POINT('',(-0.0242690027280073,0.0847988804102338,0.00554328760220898));
#4931=CARTESIAN_POINT('',(-0.0251469732324411,0.0847459708893609,0.0057226083688578));
#4932=CARTESIAN_POINT('',(-0.0260373859661366,0.0846930613684878,0.00562184474605619));
#4933=CARTESIAN_POINT('',(-0.0269277986998322,0.0846401518476148,0.00552108112325459));
#4934=CARTESIAN_POINT('',(-0.027743493860545,0.0845872423267418,0.00515009655646385));
#4935=CARTESIAN_POINT('',(-0.0285591890212579,0.0845343328058689,0.0047791119896731));
#4936=CARTESIAN_POINT('',(-0.0292203206833751,0.0844814232849958,0.00417422103309215));
#4937=CARTESIAN_POINT('',(-0.0298814523454923,0.0844285137641229,0.00356933007651121));
#4938=CARTESIAN_POINT('',(-0.0303233043355507,0.0843756042432498,0.00278974367149332));
#4939=CARTESIAN_POINT('',(-0.0307651563256091,0.0843226947223768,0.00201015726647543));
#4940=CARTESIAN_POINT('',(-0.0309444770922578,0.0842697852015039,0.00113218676204163));
#4941=CARTESIAN_POINT('',(-0.0311237978589066,0.0842168756806309,0.000254216257607821));
#4942=CARTESIAN_POINT('',(-0.0310230342361051,0.0841639661597578,-0.000636196476087718));
#4943=CARTESIAN_POINT('',(-0.0309222706133035,0.0841110566388849,-0.00152660920978326));
#4944=CARTESIAN_POINT('',(-0.0305512860465127,0.0840581471180118,-0.0023423043704961));
#4945=CARTESIAN_POINT('',(-0.030180301479722,0.0840052375971388,-0.00315799953120895));
#4946=CARTESIAN_POINT('',(-0.029575410523141,0.0839523280762658,-0.00381913119332615));
#4947=CARTESIAN_POINT('',(-0.02897051956656,0.0838994185553929,-0.00448026285544335));
#4948=CARTESIAN_POINT('',(-0.0281909331615422,0.0838465090345198,-0.00492211484550173));
#4949=CARTESIAN_POINT('',(-0.0274113467565243,0.0837935995136469,-0.00536396683556011));
#4950=CARTESIAN_POINT('',(-0.0265333762520905,0.0837406899927739,-0.00554328760220892));
#4951=CARTESIAN_POINT('',(-0.0256554057476567,0.083687780471901,-0.00572260836885773));
#4952=CARTESIAN_POINT('',(-0.0247649930139611,0.0836348709510278,-0.00562184474605613));
#4953=CARTESIAN_POINT('',(-0.0238745802802656,0.0835819614301549,-0.00552108112325453));
#4954=CARTESIAN_POINT('',(-0.0230588851195528,0.0835290519092818,-0.00515009655646378));
#4955=CARTESIAN_POINT('',(-0.0222431899588399,0.0834761423884089,-0.00477911198967304));
#4956=CARTESIAN_POINT('',(-0.0215820582967227,0.0834232328675358,-0.00417422103309209));
#4957=CARTESIAN_POINT('',(-0.0209209266346055,0.083370323346663,-0.00356933007651115));
#4958=CARTESIAN_POINT('',(-0.0204790746445471,0.0833174138257898,-0.00278974367149326));
#4959=CARTESIAN_POINT('',(-0.0200372226544888,0.0832645043049169,-0.00201015726647537));
#4960=CARTESIAN_POINT('',(-0.0198579018878399,0.0832115947840439,-0.00113218676204157));
#4961=CARTESIAN_POINT('',(-0.0196785811211911,0.0831586852631709,-0.00025421625760776));
#4962=CARTESIAN_POINT('',(-0.0197793447439927,0.0831057757422979,0.00063619647608778));
#4963=CARTESIAN_POINT('',(-0.0198801083667944,0.0830528662214248,0.00152660920978332));
#4964=CARTESIAN_POINT('',(-0.0202510929335851,0.0829999567005518,0.00234230437049616));
#4965=CARTESIAN_POINT('',(-0.0206220775003758,0.0829470471796789,0.003157999531209));
#4966=CARTESIAN_POINT('',(-0.0212269684569568,0.0828941376588059,0.00381913119332621));
#4967=CARTESIAN_POINT('',(-0.0218318594135377,0.0828412281379329,0.00448026285544342));
#4968=CARTESIAN_POINT('',(-0.0226114458185556,0.0827883186170598,0.00492211484550179));
#4969=CARTESIAN_POINT('',(-0.0233910322235735,0.0827354090961869,0.00536396683556017));
#4970=CARTESIAN_POINT('',(-0.0242690027280073,0.0826824995753139,0.00554328760220898));
#4971=CARTESIAN_POINT('',(-0.0251469732324411,0.0826295900544409,0.00572260836885779));
#4972=CARTESIAN_POINT('',(-0.0260373859661366,0.0825766805335679,0.00562184474605619));
#4973=CARTESIAN_POINT('',(-0.0269277986998322,0.0825237710126949,0.00552108112325459));
#4974=CARTESIAN_POINT('',(-0.027743493860545,0.0824708614918218,0.00515009655646385));
#4975=CARTESIAN_POINT('',(-0.0285591890212579,0.0824179519709489,0.0047791119896731));
#4976=CARTESIAN_POINT('',(-0.0292203206833751,0.0823650424500759,0.00417422103309215));
#4977=CARTESIAN_POINT('',(-0.0298814523454923,0.0823121329292029,0.00356933007651121));
#4978=CARTESIAN_POINT('',(-0.0303233043355507,0.0822592234083298,0.00278974367149332));
#4979=CARTESIAN_POINT('',(-0.0307651563256091,0.0822063138874569,0.00201015726647543));
#4980=CARTESIAN_POINT('',(-0.0309444770922578,0.0821534043665839,0.00113218676204162));
#4981=CARTESIAN_POINT('',(-0.0311237978589066,0.0821004948457109,0.000254216257607819));
#4982=CARTESIAN_POINT('',(-0.0310230342361051,0.0820475853248379,-0.00063619647608772));
#4983=CARTESIAN_POINT('',(-0.0309222706133035,0.0819946758039649,-0.00152660920978326));
#4984=CARTESIAN_POINT('',(-0.0305512860465127,0.0819417662830918,-0.0023423043704961));
#4985=CARTESIAN_POINT('',(-0.030180301479722,0.0818888567622189,-0.00315799953120895));
#4986=CARTESIAN_POINT('',(-0.029575410523141,0.0818359472413459,-0.00381913119332615));
#4987=CARTESIAN_POINT('',(-0.02897051956656,0.0817830377204729,-0.00448026285544335));
#4988=CARTESIAN_POINT('',(-0.0281909331615422,0.0817301281995999,-0.00492211484550173));
#4989=CARTESIAN_POINT('',(-0.0274113467565243,0.0816772186787269,-0.00536396683556011));
#4990=CARTESIAN_POINT('',(-0.0265333762520905,0.0816243091578539,-0.00554328760220892));
#4991=CARTESIAN_POINT('',(-0.0256554057476567,0.0815713996369809,-0.00572260836885773));
#4992=CARTESIAN_POINT('',(-0.0247649930139611,0.0815184901161079,-0.00562184474605613));
#4993=CARTESIAN_POINT('',(-0.0238745802802656,0.081465580595235,-0.00552108112325454));
#4994=CARTESIAN_POINT('',(-0.0230588851195528,0.0814126710743619,-0.00515009655646378));
#4995=CARTESIAN_POINT('',(-0.0226372861355081,0.0813853243383253,-0.00495835002664674));
#4996=CARTESIAN_POINT('',(-0.0222524848388549,0.0813576372678975,-0.00470058967838025));
#4997=CARTESIAN_POINT('',(-0.0309813819064113,0.0862153505414242,0.000295290698056254));
#4998=CARTESIAN_POINT('',(-0.0310058811694714,0.0861872904522288,-0.000167678853081966));
#4999=CARTESIAN_POINT('',(-0.030953748632621,0.0861595748340987,-0.000628355765649938));
#5000=CARTESIAN_POINT('',(-0.0308542268563539,0.0861066653132258,-0.00150779473781512));
#5001=CARTESIAN_POINT('',(-0.030487814434607,0.0860537557923528,-0.00231343698279978));
#5002=CARTESIAN_POINT('',(-0.0301214020128602,0.0860008462714797,-0.00311907922778446));
#5003=CARTESIAN_POINT('',(-0.0295239659464197,0.0859479367506067,-0.00377206286940993));
#5004=CARTESIAN_POINT('',(-0.0289265298799793,0.0858950272297338,-0.0044250465110354));
#5005=CARTESIAN_POINT('',(-0.0281565513736102,0.0858421177088607,-0.00486145296085483));
#5006=CARTESIAN_POINT('',(-0.0273865728672412,0.0857892081879878,-0.00529785941067425));
#5007=CARTESIAN_POINT('',(-0.0265194227819026,0.0857362986671148,-0.00547497016475677));
#5008=CARTESIAN_POINT('',(-0.0256522726965641,0.0856833891462418,-0.00565208091883929));
#5009=CARTESIAN_POINT('',(-0.0247728337243989,0.0856304796253687,-0.00555255914257212));
#5010=CARTESIAN_POINT('',(-0.0238933947522337,0.0855775701044958,-0.00545303736630496));
#5011=CARTESIAN_POINT('',(-0.0230877525072491,0.0855246605836228,-0.00508662494455813));
#5012=CARTESIAN_POINT('',(-0.0222821102622644,0.0854717510627498,-0.00472021252281129));
#5013=CARTESIAN_POINT('',(-0.0216291266206389,0.0854188415418767,-0.00412277645637083));
#5014=CARTESIAN_POINT('',(-0.0209761429790134,0.0853659320210038,-0.00352534038993037));
#5015=CARTESIAN_POINT('',(-0.020539736529194,0.0853130225001307,-0.00275536188356131));
#5016=CARTESIAN_POINT('',(-0.0201033300793746,0.0852601129792578,-0.00198538337719226));
#5017=CARTESIAN_POINT('',(-0.0199262193252921,0.0852072034583848,-0.00111823329185372));
#5018=CARTESIAN_POINT('',(-0.0197491085712095,0.0851542939375118,-0.000251083206515178));
#5019=CARTESIAN_POINT('',(-0.0198486303474767,0.0851013844166387,0.00062835576565));
#5020=CARTESIAN_POINT('',(-0.0199481521237439,0.0850484748957658,0.00150779473781518));
#5021=CARTESIAN_POINT('',(-0.0203145645454908,0.0849955653748928,0.00231343698279984));
#5022=CARTESIAN_POINT('',(-0.0206809769672376,0.0849426558540198,0.00311907922778452));
#5023=CARTESIAN_POINT('',(-0.021278413033678,0.0848897463331468,0.00377206286940999));
#5024=CARTESIAN_POINT('',(-0.0218758491001185,0.0848368368122738,0.00442504651103547));
#5025=CARTESIAN_POINT('',(-0.0226458276064876,0.0847839272914007,0.00486145296085489));
#5026=CARTESIAN_POINT('',(-0.0234158061128566,0.0847310177705278,0.00529785941067431));
#5027=CARTESIAN_POINT('',(-0.0242829561981952,0.0846781082496548,0.00547497016475684));
#5028=CARTESIAN_POINT('',(-0.0251501062835337,0.0846251987287818,0.00565208091883935));
#5029=CARTESIAN_POINT('',(-0.0260295452556988,0.0845722892079088,0.00555255914257219));
#5030=CARTESIAN_POINT('',(-0.0269089842278641,0.0845193796870358,0.00545303736630502));
#5031=CARTESIAN_POINT('',(-0.0277146264728487,0.0844664701661627,0.00508662494455818));
#5032=CARTESIAN_POINT('',(-0.0285202687178334,0.0844135606452898,0.00472021252281136));
#5033=CARTESIAN_POINT('',(-0.0291732523594588,0.0843606511244168,0.00412277645637089));
#5034=CARTESIAN_POINT('',(-0.0298262360010843,0.0843077416035438,0.00352534038993043));
#5035=CARTESIAN_POINT('',(-0.0302626424509037,0.0842548320826707,0.00275536188356138));
#5036=CARTESIAN_POINT('',(-0.0306990489007232,0.0842019225617978,0.00198538337719232));
#5037=CARTESIAN_POINT('',(-0.0308761596548057,0.0841490130409248,0.00111823329185378));
#5038=CARTESIAN_POINT('',(-0.0310532704088882,0.0840961035200519,0.000251083206515239));
#5039=CARTESIAN_POINT('',(-0.030953748632621,0.0840431939991788,-0.000628355765649939));
#5040=CARTESIAN_POINT('',(-0.0308542268563539,0.0839902844783058,-0.00150779473781512));
#5041=CARTESIAN_POINT('',(-0.030487814434607,0.0839373749574328,-0.00231343698279978));
#5042=CARTESIAN_POINT('',(-0.0301214020128602,0.0838844654365598,-0.00311907922778446));
#5043=CARTESIAN_POINT('',(-0.0295239659464197,0.0838315559156868,-0.00377206286940993));
#5044=CARTESIAN_POINT('',(-0.0289265298799793,0.0837786463948139,-0.0044250465110354));
#5045=CARTESIAN_POINT('',(-0.0281565513736102,0.0837257368739408,-0.00486145296085483));
#5046=CARTESIAN_POINT('',(-0.0273865728672412,0.0836728273530678,-0.00529785941067425));
#5047=CARTESIAN_POINT('',(-0.0265194227819026,0.0836199178321948,-0.00547497016475677));
#5048=CARTESIAN_POINT('',(-0.0256522726965641,0.0835670083113219,-0.00565208091883929));
#5049=CARTESIAN_POINT('',(-0.0247728337243989,0.0835140987904488,-0.00555255914257212));
#5050=CARTESIAN_POINT('',(-0.0238933947522337,0.0834611892695759,-0.00545303736630496));
#5051=CARTESIAN_POINT('',(-0.0230877525072491,0.0834082797487027,-0.00508662494455813));
#5052=CARTESIAN_POINT('',(-0.0222821102622644,0.0833553702278298,-0.00472021252281129));
#5053=CARTESIAN_POINT('',(-0.0216291266206389,0.0833024607069568,-0.00412277645637083));
#5054=CARTESIAN_POINT('',(-0.0209761429790134,0.0832495511860838,-0.00352534038993037));
#5055=CARTESIAN_POINT('',(-0.020539736529194,0.0831966416652108,-0.00275536188356131));
#5056=CARTESIAN_POINT('',(-0.0201033300793746,0.0831437321443379,-0.00198538337719226));
#5057=CARTESIAN_POINT('',(-0.0199262193252921,0.0830908226234648,-0.00111823329185372));
#5058=CARTESIAN_POINT('',(-0.0197491085712095,0.0830379131025918,-0.000251083206515179));
#5059=CARTESIAN_POINT('',(-0.0198486303474767,0.0829850035817188,0.000628355765649999));
#5060=CARTESIAN_POINT('',(-0.0199481521237439,0.0829320940608459,0.00150779473781518));
#5061=CARTESIAN_POINT('',(-0.0203145645454908,0.0828791845399727,0.00231343698279984));
#5062=CARTESIAN_POINT('',(-0.0206809769672376,0.0828262750190999,0.00311907922778451));
#5063=CARTESIAN_POINT('',(-0.021278413033678,0.0827733654982268,0.00377206286940999));
#5064=CARTESIAN_POINT('',(-0.0218758491001185,0.0827204559773538,0.00442504651103547));
#5065=CARTESIAN_POINT('',(-0.0226458276064876,0.0826675464564808,0.00486145296085489));
#5066=CARTESIAN_POINT('',(-0.0234158061128566,0.0826146369356079,0.00529785941067431));
#5067=CARTESIAN_POINT('',(-0.0242829561981952,0.0825617274147349,0.00547497016475682));
#5068=CARTESIAN_POINT('',(-0.0251501062835337,0.0825088178938619,0.00565208091883935));
#5069=CARTESIAN_POINT('',(-0.0260295452556988,0.0824559083729888,0.00555255914257219));
#5070=CARTESIAN_POINT('',(-0.0269089842278641,0.0824029988521158,0.00545303736630502));
#5071=CARTESIAN_POINT('',(-0.0277146264728487,0.0823500893312428,0.00508662494455818));
#5072=CARTESIAN_POINT('',(-0.0285202687178334,0.0822971798103699,0.00472021252281136));
#5073=CARTESIAN_POINT('',(-0.0291732523594588,0.0822442702894968,0.00412277645637089));
#5074=CARTESIAN_POINT('',(-0.0298262360010843,0.0821913607686239,0.00352534038993043));
#5075=CARTESIAN_POINT('',(-0.0302626424509037,0.0821384512477508,0.00275536188356138));
#5076=CARTESIAN_POINT('',(-0.0306990489007232,0.0820855417268778,0.00198538337719232));
#5077=CARTESIAN_POINT('',(-0.0308761596548057,0.0820326322060049,0.00111823329185378));
#5078=CARTESIAN_POINT('',(-0.0310532704088882,0.0819797226851318,0.000251083206515238));
#5079=CARTESIAN_POINT('',(-0.030953748632621,0.0819268131642588,-0.00062835576564994));
#5080=CARTESIAN_POINT('',(-0.0308542268563539,0.0818739036433859,-0.00150779473781512));
#5081=CARTESIAN_POINT('',(-0.030487814434607,0.0818209941225128,-0.00231343698279979));
#5082=CARTESIAN_POINT('',(-0.0301214020128602,0.0817680846016399,-0.00311907922778446));
#5083=CARTESIAN_POINT('',(-0.0295239659464197,0.0817151750807669,-0.00377206286940993));
#5084=CARTESIAN_POINT('',(-0.0289265298799793,0.0816622655598939,-0.0044250465110354));
#5085=CARTESIAN_POINT('',(-0.0281565513736102,0.0816093560390208,-0.00486145296085483));
#5086=CARTESIAN_POINT('',(-0.0273865728672412,0.0815564465181479,-0.00529785941067425));
#5087=CARTESIAN_POINT('',(-0.0265194227819026,0.0815035369972749,-0.00547497016475677));
#5088=CARTESIAN_POINT('',(-0.0256522726965641,0.0814506274764019,-0.00565208091883929));
#5089=CARTESIAN_POINT('',(-0.0247728337243989,0.0813977179555289,-0.00555255914257213));
#5090=CARTESIAN_POINT('',(-0.0238933947522337,0.0813448084346559,-0.00545303736630496));
#5091=CARTESIAN_POINT('',(-0.0230877525072491,0.0812918989137828,-0.00508662494455813));
#5092=CARTESIAN_POINT('',(-0.0226713494582323,0.0812645521777463,-0.0048972415668085));
#5093=CARTESIAN_POINT('',(-0.0222912905888899,0.0812368651073185,-0.00464265794826163));
#5094=CARTESIAN_POINT('',(-0.0309813819064113,0.0860758948625824,0.000295290698056257));
#5095=CARTESIAN_POINT('',(-0.0310058811694714,0.0860478347733869,-0.000167678853081964));
#5096=CARTESIAN_POINT('',(-0.0309537486326211,0.0860201191552569,-0.000628355765649937));
#5097=CARTESIAN_POINT('',(-0.0308542268563539,0.0859672096343839,-0.00150779473781511));
#5098=CARTESIAN_POINT('',(-0.030487814434607,0.0859143001135109,-0.00231343698279978));
#5099=CARTESIAN_POINT('',(-0.0301214020128602,0.0858613905926379,-0.00311907922778445));
#5100=CARTESIAN_POINT('',(-0.0295239659464197,0.0858084810717649,-0.00377206286940993));
#5101=CARTESIAN_POINT('',(-0.0289265298799793,0.0857555715508919,-0.0044250465110354));
#5102=CARTESIAN_POINT('',(-0.0281565513736102,0.0857026620300189,-0.00486145296085482));
#5103=CARTESIAN_POINT('',(-0.0273865728672412,0.0856497525091459,-0.00529785941067424));
#5104=CARTESIAN_POINT('',(-0.0265194227819027,0.0855968429882729,-0.00547497016475678));
#5105=CARTESIAN_POINT('',(-0.0256522726965641,0.0855439334673998,-0.00565208091883929));
#5106=CARTESIAN_POINT('',(-0.0247728337243989,0.0854910239465269,-0.00555255914257213));
#5107=CARTESIAN_POINT('',(-0.0238933947522337,0.0854381144256538,-0.00545303736630496));
#5108=CARTESIAN_POINT('',(-0.0230877525072491,0.0853852049047809,-0.00508662494455813));
#5109=CARTESIAN_POINT('',(-0.0222821102622644,0.0853322953839078,-0.00472021252281129));
#5110=CARTESIAN_POINT('',(-0.0216291266206389,0.0852793858630349,-0.00412277645637083));
#5111=CARTESIAN_POINT('',(-0.0209761429790134,0.0852264763421618,-0.00352534038993037));
#5112=CARTESIAN_POINT('',(-0.020539736529194,0.0851735668212889,-0.00275536188356132));
#5113=CARTESIAN_POINT('',(-0.0201033300793746,0.0851206573004159,-0.00198538337719226));
#5114=CARTESIAN_POINT('',(-0.0199262193252921,0.0850677477795429,-0.00111823329185372));
#5115=CARTESIAN_POINT('',(-0.0197491085712095,0.0850148382586699,-0.000251083206515181));
#5116=CARTESIAN_POINT('',(-0.0198486303474767,0.0849619287377969,0.000628355765649998));
#5117=CARTESIAN_POINT('',(-0.0199481521237439,0.0849090192169238,0.00150779473781518));
#5118=CARTESIAN_POINT('',(-0.0203145645454907,0.084856109696051,0.00231343698279985));
#5119=CARTESIAN_POINT('',(-0.0206809769672375,0.0848032001751779,0.00311907922778451));
#5120=CARTESIAN_POINT('',(-0.021278413033678,0.084750290654305,0.00377206286940999));
#5121=CARTESIAN_POINT('',(-0.0218758491001185,0.0846973811334319,0.00442504651103546));
#5122=CARTESIAN_POINT('',(-0.0226458276064875,0.084644471612559,0.00486145296085489));
#5123=CARTESIAN_POINT('',(-0.0234158061128566,0.0845915620916859,0.00529785941067431));
#5124=CARTESIAN_POINT('',(-0.0242829561981952,0.084538652570813,0.00547497016475684));
#5125=CARTESIAN_POINT('',(-0.0251501062835337,0.0844857430499399,0.00565208091883935));
#5126=CARTESIAN_POINT('',(-0.0260295452556989,0.084432833529067,0.00555255914257219));
#5127=CARTESIAN_POINT('',(-0.026908984227864,0.0843799240081939,0.00545303736630502));
#5128=CARTESIAN_POINT('',(-0.0277146264728487,0.084327014487321,0.00508662494455819));
#5129=CARTESIAN_POINT('',(-0.0285202687178334,0.0842741049664479,0.00472021252281135));
#5130=CARTESIAN_POINT('',(-0.0291732523594588,0.084221195445575,0.00412277645637089));
#5131=CARTESIAN_POINT('',(-0.0298262360010843,0.0841682859247019,0.00352534038993043));
#5132=CARTESIAN_POINT('',(-0.0302626424509038,0.0841153764038289,0.00275536188356138));
#5133=CARTESIAN_POINT('',(-0.0306990489007231,0.0840624668829559,0.00198538337719232));
#5134=CARTESIAN_POINT('',(-0.0308761596548057,0.084009557362083,0.00111823329185378));
#5135=CARTESIAN_POINT('',(-0.0310532704088882,0.0839566478412099,0.000251083206515241));
#5136=CARTESIAN_POINT('',(-0.0309537486326211,0.083903738320337,-0.000628355765649938));
#5137=CARTESIAN_POINT('',(-0.0308542268563539,0.0838508287994639,-0.00150779473781511));
#5138=CARTESIAN_POINT('',(-0.030487814434607,0.083797919278591,-0.00231343698279979));
#5139=CARTESIAN_POINT('',(-0.0301214020128602,0.0837450097577179,-0.00311907922778445));
#5140=CARTESIAN_POINT('',(-0.0295239659464197,0.083692100236845,-0.00377206286940993));
#5141=CARTESIAN_POINT('',(-0.0289265298799793,0.0836391907159719,-0.0044250465110354));
#5142=CARTESIAN_POINT('',(-0.0281565513736102,0.0835862811950989,-0.00486145296085483));
#5143=CARTESIAN_POINT('',(-0.0273865728672412,0.0835333716742259,-0.00529785941067424));
#5144=CARTESIAN_POINT('',(-0.0265194227819027,0.0834804621533529,-0.00547497016475678));
#5145=CARTESIAN_POINT('',(-0.0256522726965641,0.08342755263248,-0.00565208091883929));
#5146=CARTESIAN_POINT('',(-0.0247728337243989,0.083374643111607,-0.00555255914257213));
#5147=CARTESIAN_POINT('',(-0.0238933947522337,0.083321733590734,-0.00545303736630496));
#5148=CARTESIAN_POINT('',(-0.0230877525072491,0.083268824069861,-0.00508662494455813));
#5149=CARTESIAN_POINT('',(-0.0222821102622644,0.083215914548988,-0.00472021252281129));
#5150=CARTESIAN_POINT('',(-0.0216291266206389,0.0831630050281149,-0.00412277645637083));
#5151=CARTESIAN_POINT('',(-0.0209761429790134,0.083110095507242,-0.00352534038993037));
#5152=CARTESIAN_POINT('',(-0.020539736529194,0.0830571859863689,-0.00275536188356132));
#5153=CARTESIAN_POINT('',(-0.0201033300793746,0.0830042764654959,-0.00198538337719226));
#5154=CARTESIAN_POINT('',(-0.0199262193252921,0.0829513669446229,-0.00111823329185372));
#5155=CARTESIAN_POINT('',(-0.0197491085712095,0.08289845742375,-0.000251083206515182));
#5156=CARTESIAN_POINT('',(-0.0198486303474767,0.0828455479028769,0.000628355765649997));
#5157=CARTESIAN_POINT('',(-0.0199481521237439,0.0827926383820039,0.00150779473781517));
#5158=CARTESIAN_POINT('',(-0.0203145645454907,0.0827397288611309,0.00231343698279985));
#5159=CARTESIAN_POINT('',(-0.0206809769672375,0.0826868193402579,0.00311907922778451));
#5160=CARTESIAN_POINT('',(-0.021278413033678,0.0826339098193849,0.00377206286940999));
#5161=CARTESIAN_POINT('',(-0.0218758491001185,0.0825810002985119,0.00442504651103546));
#5162=CARTESIAN_POINT('',(-0.0226458276064875,0.0825280907776389,0.00486145296085488));
#5163=CARTESIAN_POINT('',(-0.0234158061128566,0.0824751812567659,0.00529785941067431));
#5164=CARTESIAN_POINT('',(-0.0242829561981952,0.0824222717358929,0.00547497016475684));
#5165=CARTESIAN_POINT('',(-0.0251501062835337,0.0823693622150199,0.00565208091883935));
#5166=CARTESIAN_POINT('',(-0.0260295452556989,0.0823164526941469,0.00555255914257219));
#5167=CARTESIAN_POINT('',(-0.026908984227864,0.0822635431732739,0.00545303736630502));
#5168=CARTESIAN_POINT('',(-0.0277146264728487,0.082210633652401,0.00508662494455819));
#5169=CARTESIAN_POINT('',(-0.0285202687178334,0.0821577241315279,0.00472021252281135));
#5170=CARTESIAN_POINT('',(-0.0291732523594588,0.082104814610655,0.00412277645637089));
#5171=CARTESIAN_POINT('',(-0.0298262360010843,0.0820519050897819,0.00352534038993043));
#5172=CARTESIAN_POINT('',(-0.0302626424509038,0.081998995568909,0.00275536188356138));
#5173=CARTESIAN_POINT('',(-0.0306990489007231,0.081946086048036,0.00198538337719232));
#5174=CARTESIAN_POINT('',(-0.0308761596548057,0.081893176527163,0.00111823329185378));
#5175=CARTESIAN_POINT('',(-0.0310532704088882,0.0818402670062899,0.00025108320651524));
#5176=CARTESIAN_POINT('',(-0.0309537486326211,0.081787357485417,-0.000628355765649939));
#5177=CARTESIAN_POINT('',(-0.0308542268563539,0.0817344479645439,-0.00150779473781511));
#5178=CARTESIAN_POINT('',(-0.030487814434607,0.081681538443671,-0.00231343698279979));
#5179=CARTESIAN_POINT('',(-0.0301214020128602,0.081628628922798,-0.00311907922778445));
#5180=CARTESIAN_POINT('',(-0.0295239659464197,0.081575719401925,-0.00377206286940993));
#5181=CARTESIAN_POINT('',(-0.0289265298799793,0.081522809881052,-0.0044250465110354));
#5182=CARTESIAN_POINT('',(-0.0281565513736102,0.081469900360179,-0.00486145296085483));
#5183=CARTESIAN_POINT('',(-0.0273865728672412,0.081416990839306,-0.00529785941067426));
#5184=CARTESIAN_POINT('',(-0.0265194227819027,0.081364081318433,-0.00547497016475678));
#5185=CARTESIAN_POINT('',(-0.0256522726965641,0.08131117179756,-0.0056520809188393));
#5186=CARTESIAN_POINT('',(-0.0247728337243989,0.081258262276687,-0.00555255914257213));
#5187=CARTESIAN_POINT('',(-0.0238933947522337,0.081205352755814,-0.00545303736630496));
#5188=CARTESIAN_POINT('',(-0.0230877525072491,0.081152443234941,-0.00508662494455813));
#5189=CARTESIAN_POINT('',(-0.0226713494582323,0.0811250964989044,-0.00489724156680851));
#5190=CARTESIAN_POINT('',(-0.0222912905888899,0.0810974094284767,-0.00464265794826163));
#5191=CARTESIAN_POINT('',(-0.0309813819064113,0.0860746248625824,0.000295290698056257));
#5192=CARTESIAN_POINT('',(-0.0310058811694714,0.0860465647733869,-0.000167678853081964));
#5193=CARTESIAN_POINT('',(-0.0309537486326211,0.0860188491552569,-0.000628355765649937));
#5194=CARTESIAN_POINT('',(-0.0308542268563539,0.0859659396343838,-0.00150779473781511));
#5195=CARTESIAN_POINT('',(-0.030487814434607,0.0859130301135109,-0.00231343698279978));
#5196=CARTESIAN_POINT('',(-0.0301214020128602,0.0858601205926378,-0.00311907922778445));
#5197=CARTESIAN_POINT('',(-0.0295239659464197,0.0858072110717649,-0.00377206286940993));
#5198=CARTESIAN_POINT('',(-0.0289265298799793,0.0857543015508918,-0.0044250465110354));
#5199=CARTESIAN_POINT('',(-0.0281565513736102,0.0857013920300189,-0.00486145296085482));
#5200=CARTESIAN_POINT('',(-0.0273865728672412,0.0856484825091458,-0.00529785941067424));
#5201=CARTESIAN_POINT('',(-0.0265194227819027,0.0855955729882729,-0.00547497016475678));
#5202=CARTESIAN_POINT('',(-0.0256522726965641,0.0855426634673998,-0.00565208091883929));
#5203=CARTESIAN_POINT('',(-0.0247728337243989,0.0854897539465269,-0.00555255914257213));
#5204=CARTESIAN_POINT('',(-0.0238933947522337,0.0854368444256539,-0.00545303736630496));
#5205=CARTESIAN_POINT('',(-0.0230877525072491,0.0853839349047809,-0.00508662494455813));
#5206=CARTESIAN_POINT('',(-0.0222821102622644,0.0853310253839079,-0.00472021252281129));
#5207=CARTESIAN_POINT('',(-0.0216291266206389,0.0852781158630349,-0.00412277645637083));
#5208=CARTESIAN_POINT('',(-0.0209761429790134,0.0852252063421619,-0.00352534038993037));
#5209=CARTESIAN_POINT('',(-0.020539736529194,0.0851722968212889,-0.00275536188356132));
#5210=CARTESIAN_POINT('',(-0.0201033300793746,0.0851193873004159,-0.00198538337719226));
#5211=CARTESIAN_POINT('',(-0.0199262193252921,0.0850664777795429,-0.00111823329185372));
#5212=CARTESIAN_POINT('',(-0.0197491085712095,0.0850135682586699,-0.000251083206515181));
#5213=CARTESIAN_POINT('',(-0.0198486303474767,0.0849606587377969,0.000628355765649998));
#5214=CARTESIAN_POINT('',(-0.0199481521237439,0.0849077492169239,0.00150779473781518));
#5215=CARTESIAN_POINT('',(-0.0203145645454907,0.084854839696051,0.00231343698279985));
#5216=CARTESIAN_POINT('',(-0.0206809769672375,0.0848019301751779,0.00311907922778451));
#5217=CARTESIAN_POINT('',(-0.021278413033678,0.084749020654305,0.00377206286940999));
#5218=CARTESIAN_POINT('',(-0.0218758491001185,0.0846961111334319,0.00442504651103546));
#5219=CARTESIAN_POINT('',(-0.0226458276064875,0.084643201612559,0.00486145296085489));
#5220=CARTESIAN_POINT('',(-0.0234158061128566,0.0845902920916859,0.00529785941067431));
#5221=CARTESIAN_POINT('',(-0.0242829561981952,0.084537382570813,0.00547497016475684));
#5222=CARTESIAN_POINT('',(-0.0251501062835337,0.0844844730499399,0.00565208091883935));
#5223=CARTESIAN_POINT('',(-0.0260295452556989,0.084431563529067,0.00555255914257219));
#5224=CARTESIAN_POINT('',(-0.026908984227864,0.0843786540081939,0.00545303736630502));
#5225=CARTESIAN_POINT('',(-0.0277146264728487,0.084325744487321,0.00508662494455819));
#5226=CARTESIAN_POINT('',(-0.0285202687178334,0.0842728349664479,0.00472021252281135));
#5227=CARTESIAN_POINT('',(-0.0291732523594588,0.084219925445575,0.00412277645637089));
#5228=CARTESIAN_POINT('',(-0.0298262360010843,0.0841670159247019,0.00352534038993043));
#5229=CARTESIAN_POINT('',(-0.0302626424509038,0.084114106403829,0.00275536188356138));
#5230=CARTESIAN_POINT('',(-0.0306990489007231,0.0840611968829559,0.00198538337719232));
#5231=CARTESIAN_POINT('',(-0.0308761596548057,0.084008287362083,0.00111823329185378));
#5232=CARTESIAN_POINT('',(-0.0310532704088882,0.08395537784121,0.000251083206515241));
#5233=CARTESIAN_POINT('',(-0.0309537486326211,0.0839024683203369,-0.000628355765649938));
#5234=CARTESIAN_POINT('',(-0.0308542268563539,0.0838495587994639,-0.00150779473781511));
#5235=CARTESIAN_POINT('',(-0.030487814434607,0.0837966492785909,-0.00231343698279979));
#5236=CARTESIAN_POINT('',(-0.0301214020128602,0.0837437397577179,-0.00311907922778445));
#5237=CARTESIAN_POINT('',(-0.0295239659464197,0.0836908302368449,-0.00377206286940993));
#5238=CARTESIAN_POINT('',(-0.0289265298799793,0.083637920715972,-0.0044250465110354));
#5239=CARTESIAN_POINT('',(-0.0281565513736102,0.0835850111950989,-0.00486145296085483));
#5240=CARTESIAN_POINT('',(-0.0273865728672412,0.0835321016742259,-0.00529785941067424));
#5241=CARTESIAN_POINT('',(-0.0265194227819027,0.0834791921533529,-0.00547497016475678));
#5242=CARTESIAN_POINT('',(-0.0256522726965641,0.0834262826324799,-0.00565208091883929));
#5243=CARTESIAN_POINT('',(-0.0247728337243989,0.0833733731116069,-0.00555255914257213));
#5244=CARTESIAN_POINT('',(-0.0238933947522337,0.0833204635907339,-0.00545303736630496));
#5245=CARTESIAN_POINT('',(-0.0230877525072491,0.0832675540698609,-0.00508662494455813));
#5246=CARTESIAN_POINT('',(-0.0222821102622644,0.0832146445489879,-0.00472021252281129));
#5247=CARTESIAN_POINT('',(-0.0216291266206389,0.0831617350281149,-0.00412277645637083));
#5248=CARTESIAN_POINT('',(-0.0209761429790134,0.0831088255072419,-0.00352534038993037));
#5249=CARTESIAN_POINT('',(-0.020539736529194,0.0830559159863689,-0.00275536188356132));
#5250=CARTESIAN_POINT('',(-0.0201033300793746,0.0830030064654959,-0.00198538337719226));
#5251=CARTESIAN_POINT('',(-0.0199262193252921,0.0829500969446229,-0.00111823329185372));
#5252=CARTESIAN_POINT('',(-0.0197491085712095,0.0828971874237499,-0.000251083206515182));
#5253=CARTESIAN_POINT('',(-0.0198486303474767,0.0828442779028769,0.000628355765649997));
#5254=CARTESIAN_POINT('',(-0.0199481521237439,0.0827913683820039,0.00150779473781517));
#5255=CARTESIAN_POINT('',(-0.0203145645454907,0.0827384588611309,0.00231343698279985));
#5256=CARTESIAN_POINT('',(-0.0206809769672375,0.0826855493402579,0.00311907922778451));
#5257=CARTESIAN_POINT('',(-0.021278413033678,0.0826326398193849,0.00377206286940999));
#5258=CARTESIAN_POINT('',(-0.0218758491001185,0.0825797302985119,0.00442504651103546));
#5259=CARTESIAN_POINT('',(-0.0226458276064875,0.082526820777639,0.00486145296085488));
#5260=CARTESIAN_POINT('',(-0.0234158061128566,0.0824739112567659,0.00529785941067431));
#5261=CARTESIAN_POINT('',(-0.0242829561981952,0.082421001735893,0.00547497016475684));
#5262=CARTESIAN_POINT('',(-0.0251501062835337,0.0823680922150199,0.00565208091883935));
#5263=CARTESIAN_POINT('',(-0.0260295452556989,0.082315182694147,0.00555255914257219));
#5264=CARTESIAN_POINT('',(-0.026908984227864,0.082262273173274,0.00545303736630502));
#5265=CARTESIAN_POINT('',(-0.0277146264728487,0.082209363652401,0.00508662494455819));
#5266=CARTESIAN_POINT('',(-0.0285202687178334,0.082156454131528,0.00472021252281135));
#5267=CARTESIAN_POINT('',(-0.0291732523594588,0.082103544610655,0.00412277645637089));
#5268=CARTESIAN_POINT('',(-0.0298262360010843,0.082050635089782,0.00352534038993043));
#5269=CARTESIAN_POINT('',(-0.0302626424509038,0.081997725568909,0.00275536188356138));
#5270=CARTESIAN_POINT('',(-0.0306990489007231,0.081944816048036,0.00198538337719232));
#5271=CARTESIAN_POINT('',(-0.0308761596548057,0.081891906527163,0.00111823329185378));
#5272=CARTESIAN_POINT('',(-0.0310532704088882,0.08183899700629,0.00025108320651524));
#5273=CARTESIAN_POINT('',(-0.0309537486326211,0.081786087485417,-0.000628355765649939));
#5274=CARTESIAN_POINT('',(-0.0308542268563539,0.081733177964544,-0.00150779473781511));
#5275=CARTESIAN_POINT('',(-0.030487814434607,0.081680268443671,-0.00231343698279979));
#5276=CARTESIAN_POINT('',(-0.0301214020128602,0.081627358922798,-0.00311907922778445));
#5277=CARTESIAN_POINT('',(-0.0295239659464197,0.081574449401925,-0.00377206286940993));
#5278=CARTESIAN_POINT('',(-0.0289265298799793,0.081521539881052,-0.0044250465110354));
#5279=CARTESIAN_POINT('',(-0.0281565513736102,0.081468630360179,-0.00486145296085483));
#5280=CARTESIAN_POINT('',(-0.0273865728672412,0.081415720839306,-0.00529785941067426));
#5281=CARTESIAN_POINT('',(-0.0265194227819027,0.081362811318433,-0.00547497016475678));
#5282=CARTESIAN_POINT('',(-0.0256522726965641,0.08130990179756,-0.0056520809188393));
#5283=CARTESIAN_POINT('',(-0.0247728337243989,0.081256992276687,-0.00555255914257213));
#5284=CARTESIAN_POINT('',(-0.0238933947522337,0.0812040827558139,-0.00545303736630496));
#5285=CARTESIAN_POINT('',(-0.0230877525072491,0.081151173234941,-0.00508662494455813));
#5286=CARTESIAN_POINT('',(-0.0226713494582323,0.0811238264989044,-0.00489724156680851));
#5287=CARTESIAN_POINT('',(-0.0222912905888899,0.0810961394284767,-0.00464265794826163));
#5288=CARTESIAN_POINT('',(-0.0309813819064113,0.0860733548625824,0.000295290698056257));
#5289=CARTESIAN_POINT('',(-0.0310058811694714,0.0860452947733869,-0.000167678853081964));
#5290=CARTESIAN_POINT('',(-0.0309537486326211,0.0860175791552569,-0.000628355765649937));
#5291=CARTESIAN_POINT('',(-0.0308542268563539,0.0859646696343839,-0.00150779473781511));
#5292=CARTESIAN_POINT('',(-0.030487814434607,0.0859117601135109,-0.00231343698279978));
#5293=CARTESIAN_POINT('',(-0.0301214020128602,0.0858588505926379,-0.00311907922778445));
#5294=CARTESIAN_POINT('',(-0.0295239659464197,0.0858059410717649,-0.00377206286940993));
#5295=CARTESIAN_POINT('',(-0.0289265298799793,0.0857530315508919,-0.0044250465110354));
#5296=CARTESIAN_POINT('',(-0.0281565513736102,0.0857001220300189,-0.00486145296085482));
#5297=CARTESIAN_POINT('',(-0.0273865728672412,0.0856472125091459,-0.00529785941067424));
#5298=CARTESIAN_POINT('',(-0.0265194227819027,0.0855943029882729,-0.00547497016475678));
#5299=CARTESIAN_POINT('',(-0.0256522726965641,0.0855413934673999,-0.00565208091883929));
#5300=CARTESIAN_POINT('',(-0.0247728337243989,0.0854884839465269,-0.00555255914257213));
#5301=CARTESIAN_POINT('',(-0.0238933947522337,0.0854355744256539,-0.00545303736630496));
#5302=CARTESIAN_POINT('',(-0.0230877525072491,0.0853826649047809,-0.00508662494455813));
#5303=CARTESIAN_POINT('',(-0.0222821102622644,0.0853297553839079,-0.00472021252281129));
#5304=CARTESIAN_POINT('',(-0.0216291266206389,0.0852768458630349,-0.00412277645637083));
#5305=CARTESIAN_POINT('',(-0.0209761429790134,0.0852239363421619,-0.00352534038993037));
#5306=CARTESIAN_POINT('',(-0.020539736529194,0.085171026821289,-0.00275536188356132));
#5307=CARTESIAN_POINT('',(-0.0201033300793746,0.0851181173004159,-0.00198538337719226));
#5308=CARTESIAN_POINT('',(-0.0199262193252921,0.085065207779543,-0.00111823329185372));
#5309=CARTESIAN_POINT('',(-0.0197491085712095,0.0850122982586699,-0.000251083206515181));
#5310=CARTESIAN_POINT('',(-0.0198486303474767,0.084959388737797,0.000628355765649998));
#5311=CARTESIAN_POINT('',(-0.0199481521237439,0.0849064792169239,0.00150779473781518));
#5312=CARTESIAN_POINT('',(-0.0203145645454907,0.084853569696051,0.00231343698279985));
#5313=CARTESIAN_POINT('',(-0.0206809769672375,0.0848006601751778,0.00311907922778451));
#5314=CARTESIAN_POINT('',(-0.021278413033678,0.084747750654305,0.00377206286940999));
#5315=CARTESIAN_POINT('',(-0.0218758491001185,0.0846948411334318,0.00442504651103546));
#5316=CARTESIAN_POINT('',(-0.0226458276064875,0.084641931612559,0.00486145296085489));
#5317=CARTESIAN_POINT('',(-0.0234158061128566,0.0845890220916859,0.00529785941067431));
#5318=CARTESIAN_POINT('',(-0.0242829561981952,0.0845361125708129,0.00547497016475684));
#5319=CARTESIAN_POINT('',(-0.0251501062835337,0.0844832030499399,0.00565208091883935));
#5320=CARTESIAN_POINT('',(-0.0260295452556989,0.0844302935290669,0.00555255914257219));
#5321=CARTESIAN_POINT('',(-0.026908984227864,0.0843773840081939,0.00545303736630502));
#5322=CARTESIAN_POINT('',(-0.0277146264728487,0.084324474487321,0.00508662494455819));
#5323=CARTESIAN_POINT('',(-0.0285202687178334,0.0842715649664479,0.00472021252281135));
#5324=CARTESIAN_POINT('',(-0.0291732523594588,0.084218655445575,0.00412277645637089));
#5325=CARTESIAN_POINT('',(-0.0298262360010843,0.0841657459247019,0.00352534038993043));
#5326=CARTESIAN_POINT('',(-0.0302626424509038,0.084112836403829,0.00275536188356138));
#5327=CARTESIAN_POINT('',(-0.0306990489007231,0.0840599268829559,0.00198538337719232));
#5328=CARTESIAN_POINT('',(-0.0308761596548057,0.084007017362083,0.00111823329185378));
#5329=CARTESIAN_POINT('',(-0.0310532704088882,0.0839541078412099,0.000251083206515241));
#5330=CARTESIAN_POINT('',(-0.0309537486326211,0.0839011983203369,-0.000628355765649938));
#5331=CARTESIAN_POINT('',(-0.0308542268563539,0.0838482887994639,-0.00150779473781511));
#5332=CARTESIAN_POINT('',(-0.030487814434607,0.0837953792785909,-0.00231343698279979));
#5333=CARTESIAN_POINT('',(-0.0301214020128602,0.0837424697577179,-0.00311907922778445));
#5334=CARTESIAN_POINT('',(-0.0295239659464197,0.0836895602368449,-0.00377206286940993));
#5335=CARTESIAN_POINT('',(-0.0289265298799793,0.0836366507159719,-0.0044250465110354));
#5336=CARTESIAN_POINT('',(-0.0281565513736102,0.0835837411950989,-0.00486145296085483));
#5337=CARTESIAN_POINT('',(-0.0273865728672412,0.0835308316742259,-0.00529785941067424));
#5338=CARTESIAN_POINT('',(-0.0265194227819027,0.0834779221533529,-0.00547497016475678));
#5339=CARTESIAN_POINT('',(-0.0256522726965641,0.0834250126324799,-0.00565208091883929));
#5340=CARTESIAN_POINT('',(-0.0247728337243989,0.0833721031116069,-0.00555255914257213));
#5341=CARTESIAN_POINT('',(-0.0238933947522337,0.0833191935907339,-0.00545303736630496));
#5342=CARTESIAN_POINT('',(-0.0230877525072491,0.0832662840698609,-0.00508662494455813));
#5343=CARTESIAN_POINT('',(-0.0222821102622644,0.0832133745489879,-0.00472021252281129));
#5344=CARTESIAN_POINT('',(-0.0216291266206389,0.0831604650281149,-0.00412277645637083));
#5345=CARTESIAN_POINT('',(-0.0209761429790134,0.083107555507242,-0.00352534038993037));
#5346=CARTESIAN_POINT('',(-0.020539736529194,0.0830546459863689,-0.00275536188356132));
#5347=CARTESIAN_POINT('',(-0.0201033300793746,0.0830017364654959,-0.00198538337719226));
#5348=CARTESIAN_POINT('',(-0.0199262193252921,0.0829488269446229,-0.00111823329185372));
#5349=CARTESIAN_POINT('',(-0.0197491085712095,0.08289591742375,-0.000251083206515182));
#5350=CARTESIAN_POINT('',(-0.0198486303474767,0.082843007902877,0.000628355765649997));
#5351=CARTESIAN_POINT('',(-0.0199481521237439,0.082790098382004,0.00150779473781517));
#5352=CARTESIAN_POINT('',(-0.0203145645454907,0.082737188861131,0.00231343698279985));
#5353=CARTESIAN_POINT('',(-0.0206809769672375,0.082684279340258,0.00311907922778451));
#5354=CARTESIAN_POINT('',(-0.021278413033678,0.082631369819385,0.00377206286940999));
#5355=CARTESIAN_POINT('',(-0.0218758491001185,0.082578460298512,0.00442504651103546));
#5356=CARTESIAN_POINT('',(-0.0226458276064875,0.082525550777639,0.00486145296085488));
#5357=CARTESIAN_POINT('',(-0.0234158061128566,0.082472641256766,0.00529785941067431));
#5358=CARTESIAN_POINT('',(-0.0242829561981952,0.082419731735893,0.00547497016475684));
#5359=CARTESIAN_POINT('',(-0.0251501062835337,0.08236682221502,0.00565208091883935));
#5360=CARTESIAN_POINT('',(-0.0260295452556989,0.082313912694147,0.00555255914257219));
#5361=CARTESIAN_POINT('',(-0.026908984227864,0.082261003173274,0.00545303736630502));
#5362=CARTESIAN_POINT('',(-0.0277146264728487,0.082208093652401,0.00508662494455819));
#5363=CARTESIAN_POINT('',(-0.0285202687178334,0.082155184131528,0.00472021252281135));
#5364=CARTESIAN_POINT('',(-0.0291732523594588,0.082102274610655,0.00412277645637089));
#5365=CARTESIAN_POINT('',(-0.0298262360010843,0.0820493650897819,0.00352534038993043));
#5366=CARTESIAN_POINT('',(-0.0302626424509038,0.081996455568909,0.00275536188356138));
#5367=CARTESIAN_POINT('',(-0.0306990489007231,0.0819435460480359,0.00198538337719232));
#5368=CARTESIAN_POINT('',(-0.0308761596548057,0.081890636527163,0.00111823329185378));
#5369=CARTESIAN_POINT('',(-0.0310532704088882,0.0818377270062899,0.00025108320651524));
#5370=CARTESIAN_POINT('',(-0.0309537486326211,0.081784817485417,-0.000628355765649939));
#5371=CARTESIAN_POINT('',(-0.0308542268563539,0.0817319079645439,-0.00150779473781511));
#5372=CARTESIAN_POINT('',(-0.030487814434607,0.081678998443671,-0.00231343698279979));
#5373=CARTESIAN_POINT('',(-0.0301214020128602,0.0816260889227979,-0.00311907922778445));
#5374=CARTESIAN_POINT('',(-0.0295239659464197,0.081573179401925,-0.00377206286940993));
#5375=CARTESIAN_POINT('',(-0.0289265298799793,0.081520269881052,-0.0044250465110354));
#5376=CARTESIAN_POINT('',(-0.0281565513736102,0.081467360360179,-0.00486145296085483));
#5377=CARTESIAN_POINT('',(-0.0273865728672412,0.081414450839306,-0.00529785941067426));
#5378=CARTESIAN_POINT('',(-0.0265194227819027,0.081361541318433,-0.00547497016475678));
#5379=CARTESIAN_POINT('',(-0.0256522726965641,0.08130863179756,-0.0056520809188393));
#5380=CARTESIAN_POINT('',(-0.0247728337243989,0.081255722276687,-0.00555255914257213));
#5381=CARTESIAN_POINT('',(-0.0238933947522337,0.081202812755814,-0.00545303736630496));
#5382=CARTESIAN_POINT('',(-0.0230877525072491,0.081149903234941,-0.00508662494455813));
#5383=CARTESIAN_POINT('',(-0.0226713494582323,0.0811225564989044,-0.00489724156680851));
#5384=CARTESIAN_POINT('',(-0.0222912905888899,0.0810948694284767,-0.00464265794826163));
#5385=CARTESIAN_POINT('',(-0.0309813819064113,0.0860720848625824,0.000295290698056257));
#5386=CARTESIAN_POINT('',(-0.0310058811694714,0.0860440247733869,-0.000167678853081964));
#5387=CARTESIAN_POINT('',(-0.0309537486326211,0.0860163091552569,-0.000628355765649937));
#5388=CARTESIAN_POINT('',(-0.0308542268563539,0.0859633996343838,-0.00150779473781511));
#5389=CARTESIAN_POINT('',(-0.030487814434607,0.0859104901135109,-0.00231343698279978));
#5390=CARTESIAN_POINT('',(-0.0301214020128602,0.0858575805926379,-0.00311907922778445));
#5391=CARTESIAN_POINT('',(-0.0295239659464197,0.0858046710717649,-0.00377206286940993));
#5392=CARTESIAN_POINT('',(-0.0289265298799793,0.0857517615508919,-0.0044250465110354));
#5393=CARTESIAN_POINT('',(-0.0281565513736102,0.0856988520300189,-0.00486145296085482));
#5394=CARTESIAN_POINT('',(-0.0273865728672412,0.0856459425091459,-0.00529785941067424));
#5395=CARTESIAN_POINT('',(-0.0265194227819027,0.0855930329882729,-0.00547497016475678));
#5396=CARTESIAN_POINT('',(-0.0256522726965641,0.0855401234673999,-0.00565208091883929));
#5397=CARTESIAN_POINT('',(-0.0247728337243989,0.0854872139465268,-0.00555255914257213));
#5398=CARTESIAN_POINT('',(-0.0238933947522337,0.085434304425654,-0.00545303736630496));
#5399=CARTESIAN_POINT('',(-0.0230877525072491,0.085381394904781,-0.00508662494455813));
#5400=CARTESIAN_POINT('',(-0.0222821102622644,0.0853284853839078,-0.00472021252281129));
#5401=CARTESIAN_POINT('',(-0.0216291266206389,0.085275575863035,-0.00412277645637083));
#5402=CARTESIAN_POINT('',(-0.0209761429790134,0.0852226663421618,-0.00352534038993037));
#5403=CARTESIAN_POINT('',(-0.020539736529194,0.085169756821289,-0.00275536188356132));
#5404=CARTESIAN_POINT('',(-0.0201033300793746,0.0851168473004159,-0.00198538337719226));
#5405=CARTESIAN_POINT('',(-0.0199262193252921,0.085063937779543,-0.00111823329185372));
#5406=CARTESIAN_POINT('',(-0.0197491085712095,0.0850110282586699,-0.000251083206515181));
#5407=CARTESIAN_POINT('',(-0.0198486303474767,0.084958118737797,0.000628355765649998));
#5408=CARTESIAN_POINT('',(-0.0199481521237439,0.0849052092169239,0.00150779473781518));
#5409=CARTESIAN_POINT('',(-0.0203145645454907,0.084852299696051,0.00231343698279985));
#5410=CARTESIAN_POINT('',(-0.0206809769672375,0.0847993901751779,0.00311907922778451));
#5411=CARTESIAN_POINT('',(-0.021278413033678,0.084746480654305,0.00377206286940999));
#5412=CARTESIAN_POINT('',(-0.0218758491001185,0.0846935711334319,0.00442504651103546));
#5413=CARTESIAN_POINT('',(-0.0226458276064875,0.084640661612559,0.00486145296085489));
#5414=CARTESIAN_POINT('',(-0.0234158061128566,0.0845877520916859,0.00529785941067431));
#5415=CARTESIAN_POINT('',(-0.0242829561981952,0.084534842570813,0.00547497016475684));
#5416=CARTESIAN_POINT('',(-0.0251501062835337,0.0844819330499399,0.00565208091883935));
#5417=CARTESIAN_POINT('',(-0.0260295452556989,0.0844290235290669,0.00555255914257219));
#5418=CARTESIAN_POINT('',(-0.026908984227864,0.0843761140081939,0.00545303736630502));
#5419=CARTESIAN_POINT('',(-0.0277146264728487,0.0843232044873209,0.00508662494455819));
#5420=CARTESIAN_POINT('',(-0.0285202687178334,0.0842702949664479,0.00472021252281135));
#5421=CARTESIAN_POINT('',(-0.0291732523594588,0.0842173854455749,0.00412277645637089));
#5422=CARTESIAN_POINT('',(-0.0298262360010843,0.0841644759247019,0.00352534038993043));
#5423=CARTESIAN_POINT('',(-0.0302626424509038,0.0841115664038289,0.00275536188356138));
#5424=CARTESIAN_POINT('',(-0.0306990489007231,0.0840586568829559,0.00198538337719232));
#5425=CARTESIAN_POINT('',(-0.0308761596548057,0.0840057473620829,0.00111823329185378));
#5426=CARTESIAN_POINT('',(-0.0310532704088882,0.0839528378412099,0.000251083206515241));
#5427=CARTESIAN_POINT('',(-0.0309537486326211,0.0838999283203369,-0.000628355765649938));
#5428=CARTESIAN_POINT('',(-0.0308542268563539,0.0838470187994639,-0.00150779473781511));
#5429=CARTESIAN_POINT('',(-0.030487814434607,0.0837941092785909,-0.00231343698279979));
#5430=CARTESIAN_POINT('',(-0.0301214020128602,0.0837411997577179,-0.00311907922778445));
#5431=CARTESIAN_POINT('',(-0.0295239659464197,0.0836882902368449,-0.00377206286940993));
#5432=CARTESIAN_POINT('',(-0.0289265298799793,0.083635380715972,-0.0044250465110354));
#5433=CARTESIAN_POINT('',(-0.0281565513736102,0.0835824711950989,-0.00486145296085483));
#5434=CARTESIAN_POINT('',(-0.0273865728672412,0.083529561674226,-0.00529785941067424));
#5435=CARTESIAN_POINT('',(-0.0265194227819027,0.0834766521533529,-0.00547497016475678));
#5436=CARTESIAN_POINT('',(-0.0256522726965641,0.08342374263248,-0.00565208091883929));
#5437=CARTESIAN_POINT('',(-0.0247728337243989,0.0833708331116069,-0.00555255914257213));
#5438=CARTESIAN_POINT('',(-0.0238933947522337,0.083317923590734,-0.00545303736630496));
#5439=CARTESIAN_POINT('',(-0.0230877525072491,0.0832650140698609,-0.00508662494455813));
#5440=CARTESIAN_POINT('',(-0.0222821102622644,0.083212104548988,-0.00472021252281129));
#5441=CARTESIAN_POINT('',(-0.0216291266206389,0.0831591950281149,-0.00412277645637083));
#5442=CARTESIAN_POINT('',(-0.0209761429790134,0.0831062855072419,-0.00352534038993037));
#5443=CARTESIAN_POINT('',(-0.020539736529194,0.083053375986369,-0.00275536188356132));
#5444=CARTESIAN_POINT('',(-0.0201033300793746,0.083000466465496,-0.00198538337719226));
#5445=CARTESIAN_POINT('',(-0.0199262193252921,0.082947556944623,-0.00111823329185372));
#5446=CARTESIAN_POINT('',(-0.0197491085712095,0.0828946474237499,-0.000251083206515182));
#5447=CARTESIAN_POINT('',(-0.0198486303474767,0.082841737902877,0.000628355765649997));
#5448=CARTESIAN_POINT('',(-0.0199481521237439,0.082788828382004,0.00150779473781517));
#5449=CARTESIAN_POINT('',(-0.0203145645454907,0.082735918861131,0.00231343698279985));
#5450=CARTESIAN_POINT('',(-0.0206809769672375,0.0826830093402579,0.00311907922778451));
#5451=CARTESIAN_POINT('',(-0.021278413033678,0.082630099819385,0.00377206286940999));
#5452=CARTESIAN_POINT('',(-0.0218758491001185,0.0825771902985119,0.00442504651103546));
#5453=CARTESIAN_POINT('',(-0.0226458276064875,0.082524280777639,0.00486145296085488));
#5454=CARTESIAN_POINT('',(-0.0234158061128566,0.0824713712567659,0.00529785941067431));
#5455=CARTESIAN_POINT('',(-0.0242829561981952,0.082418461735893,0.00547497016475684));
#5456=CARTESIAN_POINT('',(-0.0251501062835337,0.0823655522150199,0.00565208091883935));
#5457=CARTESIAN_POINT('',(-0.0260295452556989,0.082312642694147,0.00555255914257219));
#5458=CARTESIAN_POINT('',(-0.026908984227864,0.0822597331732739,0.00545303736630502));
#5459=CARTESIAN_POINT('',(-0.0277146264728487,0.082206823652401,0.00508662494455819));
#5460=CARTESIAN_POINT('',(-0.0285202687178334,0.082153914131528,0.00472021252281135));
#5461=CARTESIAN_POINT('',(-0.0291732523594588,0.082101004610655,0.00412277645637089));
#5462=CARTESIAN_POINT('',(-0.0298262360010843,0.082048095089782,0.00352534038993043));
#5463=CARTESIAN_POINT('',(-0.0302626424509038,0.081995185568909,0.00275536188356138));
#5464=CARTESIAN_POINT('',(-0.0306990489007231,0.081942276048036,0.00198538337719232));
#5465=CARTESIAN_POINT('',(-0.0308761596548057,0.081889366527163,0.00111823329185378));
#5466=CARTESIAN_POINT('',(-0.0310532704088882,0.08183645700629,0.00025108320651524));
#5467=CARTESIAN_POINT('',(-0.0309537486326211,0.081783547485417,-0.000628355765649939));
#5468=CARTESIAN_POINT('',(-0.0308542268563539,0.081730637964544,-0.00150779473781511));
#5469=CARTESIAN_POINT('',(-0.030487814434607,0.081677728443671,-0.00231343698279979));
#5470=CARTESIAN_POINT('',(-0.0301214020128602,0.081624818922798,-0.00311907922778445));
#5471=CARTESIAN_POINT('',(-0.0295239659464197,0.081571909401925,-0.00377206286940993));
#5472=CARTESIAN_POINT('',(-0.0289265298799793,0.081518999881052,-0.0044250465110354));
#5473=CARTESIAN_POINT('',(-0.0281565513736102,0.081466090360179,-0.00486145296085483));
#5474=CARTESIAN_POINT('',(-0.0273865728672412,0.081413180839306,-0.00529785941067426));
#5475=CARTESIAN_POINT('',(-0.0265194227819027,0.081360271318433,-0.00547497016475678));
#5476=CARTESIAN_POINT('',(-0.0256522726965641,0.08130736179756,-0.0056520809188393));
#5477=CARTESIAN_POINT('',(-0.0247728337243989,0.081254452276687,-0.00555255914257213));
#5478=CARTESIAN_POINT('',(-0.0238933947522337,0.081201542755814,-0.00545303736630496));
#5479=CARTESIAN_POINT('',(-0.0230877525072491,0.081148633234941,-0.00508662494455813));
#5480=CARTESIAN_POINT('',(-0.0226713494582323,0.0811212864989044,-0.00489724156680851));
#5481=CARTESIAN_POINT('',(-0.0222912905888899,0.0810935994284767,-0.00464265794826163));
#5482=CARTESIAN_POINT('',(-0.0311761706382097,0.0863761933951761,-0.000201630821984607));
#5483=CARTESIAN_POINT('',(-0.0311454806319486,0.086324874809609,-0.0010806343684188));
#5484=CARTESIAN_POINT('',(-0.0306775164789546,0.0862229708636855,-0.00281985591011536));
#5485=CARTESIAN_POINT('',(-0.0288916764617589,0.0860685518264415,-0.00485900529163432));
#5486=CARTESIAN_POINT('',(-0.0263958358238131,0.0859153804090335,-0.00589917824791173));
#5487=CARTESIAN_POINT('',(-0.0236919837953075,0.0857612513500953,-0.00573349313803095));
#5488=CARTESIAN_POINT('',(-0.0213410601835339,0.0856077041192275,-0.00439368446604172));
#5489=CARTESIAN_POINT('',(-0.0198198546332312,0.0854539939339554,-0.00215483167427251));
#5490=CARTESIAN_POINT('',(-0.0194420091992136,0.0852999948626318,0.000526942107036268));
#5491=CARTESIAN_POINT('',(-0.0202826981418242,0.0851467100266174,0.00309749548941907));
#5492=CARTESIAN_POINT('',(-0.0221744604720991,0.0849923980368499,0.00503774311905737));
#5493=CARTESIAN_POINT('',(-0.0247214206013447,0.084839342773309,0.0059439046727468));
#5494=CARTESIAN_POINT('',(-0.0274140643127262,0.0846849158406853,0.00563384859341773));
#5495=CARTESIAN_POINT('',(-0.0296883872390777,0.0845318748133556,0.00417261721233444));
#5496=CARTESIAN_POINT('',(-0.0310897219098688,0.0843775361640089,0.0018530663797594));
#5497=CARTESIAN_POINT('',(-0.0313242156405812,0.0842242935427442,-0.000841064316641796));
#5498=CARTESIAN_POINT('',(-0.0303466540261658,0.084070242994992,-0.00336702526511362));
#5499=CARTESIAN_POINT('',(-0.0283566905743916,0.0839165963463904,-0.00520135872932073));
#5500=CARTESIAN_POINT('',(-0.0257624796636657,0.0837629859924414,-0.00597192328294828));
#5501=CARTESIAN_POINT('',(-0.0230919796570244,0.0836089074230833,-0.00551880952554192));
#5502=CARTESIAN_POINT('',(-0.0208976438138896,0.0834556870816078,-0.0039384300961309));
#5503=CARTESIAN_POINT('',(-0.0196221893344273,0.0833013349286077,-0.00154727150636117));
#5504=CARTESIAN_POINT('',(-0.0195310035228208,0.0831483002778075,0.00115444118821967));
#5505=CARTESIAN_POINT('',(-0.0206428387651313,0.082993874890952,0.00362633216683111));
#5506=CARTESIAN_POINT('',(-0.0227250041061756,0.0828408099745901,0.00535056791603922));
#5507=CARTESIAN_POINT('',(-0.025360032169721,0.0826865144934914,0.00598262777850646));
#5508=CARTESIAN_POINT('',(-0.027998761901551,0.0825332044347037,0.00538906769886529));
#5509=CARTESIAN_POINT('',(-0.030109098320533,0.0823792351740144,0.003691915578422));
#5510=CARTESIAN_POINT('',(-0.0312538895757052,0.0822254902435341,0.00123896457187044));
#5511=CARTESIAN_POINT('',(-0.03120156177586,0.0820719764660386,-0.00146625912438474));
#5512=CARTESIAN_POINT('',(-0.0299598988456219,0.0819178228381906,-0.0038740039416055));
#5513=CARTESIAN_POINT('',(-0.02778887918799,0.0817646685035598,-0.00548563432091239));
#5514=CARTESIAN_POINT('',(-0.0251230070312202,0.0816102463113072,-0.00597612738249726));
#5515=CARTESIAN_POINT('',(-0.0233892756710376,0.0815083263550226,-0.00548787002233983));
#5516=CARTESIAN_POINT('',(-0.0226185034555989,0.0814570213925788,-0.00506435787476198));
#5517=CARTESIAN_POINT('',(-0.0316789059713607,0.0866991444658127,0.000332201791463886));
#5518=CARTESIAN_POINT('',(-0.0317064675504476,0.0866710844494404,-0.000188637601131306));
#5519=CARTESIAN_POINT('',(-0.0316478188007219,0.0866433689033402,-0.000706897803805899));
#5520=CARTESIAN_POINT('',(-0.0315358571876995,0.0865904593824775,-0.0016962666910917));
#5521=CARTESIAN_POINT('',(-0.0311236435661824,0.0865375498616148,-0.00260261437722297));
#5522=CARTESIAN_POINT('',(-0.0307114299446654,0.086484640340752,-0.00350896206335425));
#5523=CARTESIAN_POINT('',(-0.030039314655989,0.0864317308198894,-0.00424356892191682));
#5524=CARTESIAN_POINT('',(-0.0293671993673126,0.0863788212990266,-0.00497817578047939));
#5525=CARTESIAN_POINT('',(-0.0285009737388351,0.0863259117781639,-0.00546913337385021));
#5526=CARTESIAN_POINT('',(-0.0276347481103576,0.0862730022573011,-0.00596009096722102));
#5527=CARTESIAN_POINT('',(-0.0266592043419432,0.0862200927364385,-0.00615934094545825));
#5528=CARTESIAN_POINT('',(-0.0256836605735288,0.0861671832155757,-0.00635859092369548));
#5529=CARTESIAN_POINT('',(-0.024694291686243,0.086114273694713,-0.00624662931067304));
#5530=CARTESIAN_POINT('',(-0.0237049227989572,0.0860613641738504,-0.00613466769765059));
#5531=CARTESIAN_POINT('',(-0.0227985751128259,0.0860084546529876,-0.00572245407613353));
#5532=CARTESIAN_POINT('',(-0.0218922274266946,0.0859555451321249,-0.00531024045461648));
#5533=CARTESIAN_POINT('',(-0.021157620568132,0.0859026356112622,-0.00463812516594007));
#5534=CARTESIAN_POINT('',(-0.0204230137095695,0.0858497260903995,-0.00396600987726368));
#5535=CARTESIAN_POINT('',(-0.0199320561161987,0.0857968165695367,-0.00309978424878617));
#5536=CARTESIAN_POINT('',(-0.0194410985228278,0.0857439070486741,-0.00223355862030865));
#5537=CARTESIAN_POINT('',(-0.0192418485445906,0.0856909975278113,-0.00125801485189424));
#5538=CARTESIAN_POINT('',(-0.0190425985663534,0.0856380880069486,-0.000282471083479835));
#5539=CARTESIAN_POINT('',(-0.0191545601793758,0.0855851784860859,0.000706897803805963));
#5540=CARTESIAN_POINT('',(-0.0192665217923982,0.0855322689652232,0.00169626669109176));
#5541=CARTESIAN_POINT('',(-0.0196787354139153,0.0854793594443605,0.00260261437722303));
#5542=CARTESIAN_POINT('',(-0.0200909490354324,0.0854264499234977,0.00350896206335431));
#5543=CARTESIAN_POINT('',(-0.0207630643241088,0.0853735404026351,0.00424356892191688));
#5544=CARTESIAN_POINT('',(-0.0214351796127852,0.0853206308817724,0.00497817578047945));
#5545=CARTESIAN_POINT('',(-0.0223014052412627,0.0852677213609097,0.00546913337385027));
#5546=CARTESIAN_POINT('',(-0.0231676308697402,0.0852148118400469,0.00596009096722108));
#5547=CARTESIAN_POINT('',(-0.0241431746381546,0.0851619023191842,0.00615934094545831));
#5548=CARTESIAN_POINT('',(-0.025118718406569,0.0851089927983215,0.00635859092369554));
#5549=CARTESIAN_POINT('',(-0.0261080872938548,0.0850560832774588,0.0062466293106731));
#5550=CARTESIAN_POINT('',(-0.0270974561811406,0.0850031737565961,0.00613466769765065));
#5551=CARTESIAN_POINT('',(-0.0280038038672719,0.0849502642357333,0.0057224540761336));
#5552=CARTESIAN_POINT('',(-0.0289101515534032,0.0848973547148706,0.00531024045461654));
#5553=CARTESIAN_POINT('',(-0.0296447584119658,0.0848444451940079,0.00463812516594014));
#5554=CARTESIAN_POINT('',(-0.0303793652705283,0.0847915356731452,0.00396600987726374));
#5555=CARTESIAN_POINT('',(-0.0308703228638992,0.0847386261522824,0.00309978424878623));
#5556=CARTESIAN_POINT('',(-0.03136128045727,0.0846857166314197,0.00223355862030872));
#5557=CARTESIAN_POINT('',(-0.0315605304355072,0.084632807110557,0.00125801485189431));
#5558=CARTESIAN_POINT('',(-0.0317597804137444,0.0845798975896943,0.000282471083479897));
#5559=CARTESIAN_POINT('',(-0.0316478188007219,0.0845269880688316,-0.000706897803805901));
#5560=CARTESIAN_POINT('',(-0.0315358571876995,0.084474078547969,-0.0016962666910917));
#5561=CARTESIAN_POINT('',(-0.0311236435661824,0.0844211690271062,-0.00260261437722297));
#5562=CARTESIAN_POINT('',(-0.0307114299446654,0.0843682595062435,-0.00350896206335425));
#5563=CARTESIAN_POINT('',(-0.030039314655989,0.0843153499853808,-0.00424356892191682));
#5564=CARTESIAN_POINT('',(-0.0293671993673126,0.0842624404645181,-0.00497817578047939));
#5565=CARTESIAN_POINT('',(-0.0285009737388351,0.0842095309436554,-0.00546913337385021));
#5566=CARTESIAN_POINT('',(-0.0276347481103576,0.0841566214227927,-0.00596009096722102));
#5567=CARTESIAN_POINT('',(-0.0266592043419432,0.0841037119019299,-0.00615934094545825));
#5568=CARTESIAN_POINT('',(-0.0256836605735288,0.0840508023810672,-0.00635859092369548));
#5569=CARTESIAN_POINT('',(-0.024694291686243,0.0839978928602045,-0.00624662931067304));
#5570=CARTESIAN_POINT('',(-0.0237049227989572,0.0839449833393418,-0.00613466769765059));
#5571=CARTESIAN_POINT('',(-0.0227985751128259,0.0838920738184791,-0.00572245407613353));
#5572=CARTESIAN_POINT('',(-0.0218922274266946,0.0838391642976163,-0.00531024045461648));
#5573=CARTESIAN_POINT('',(-0.021157620568132,0.0837862547767537,-0.00463812516594008));
#5574=CARTESIAN_POINT('',(-0.0204230137095695,0.0837333452558909,-0.00396600987726368));
#5575=CARTESIAN_POINT('',(-0.0199320561161987,0.0836804357350282,-0.00309978424878617));
#5576=CARTESIAN_POINT('',(-0.0194410985228278,0.0836275262141656,-0.00223355862030866));
#5577=CARTESIAN_POINT('',(-0.0192418485445906,0.0835746166933027,-0.00125801485189424));
#5578=CARTESIAN_POINT('',(-0.0190425985663534,0.0835217071724401,-0.000282471083479836));
#5579=CARTESIAN_POINT('',(-0.0191545601793758,0.0834687976515773,0.000706897803805962));
#5580=CARTESIAN_POINT('',(-0.0192665217923982,0.0834158881307147,0.00169626669109176));
#5581=CARTESIAN_POINT('',(-0.0196787354139153,0.0833629786098519,0.00260261437722303));
#5582=CARTESIAN_POINT('',(-0.0200909490354324,0.0833100690889892,0.00350896206335431));
#5583=CARTESIAN_POINT('',(-0.0207630643241088,0.0832571595681265,0.00424356892191688));
#5584=CARTESIAN_POINT('',(-0.0214351796127852,0.0832042500472638,0.00497817578047945));
#5585=CARTESIAN_POINT('',(-0.0223014052412627,0.0831513405264011,0.00546913337385027));
#5586=CARTESIAN_POINT('',(-0.0231676308697402,0.0830984310055384,0.00596009096722108));
#5587=CARTESIAN_POINT('',(-0.0241431746381546,0.0830455214846757,0.00615934094545831));
#5588=CARTESIAN_POINT('',(-0.025118718406569,0.0829926119638129,0.00635859092369554));
#5589=CARTESIAN_POINT('',(-0.0261080872938548,0.0829397024429502,0.0062466293106731));
#5590=CARTESIAN_POINT('',(-0.0270974561811406,0.0828867929220875,0.00613466769765065));
#5591=CARTESIAN_POINT('',(-0.0280038038672719,0.0828338834012248,0.0057224540761336));
#5592=CARTESIAN_POINT('',(-0.0289101515534032,0.0827809738803621,0.00531024045461654));
#5593=CARTESIAN_POINT('',(-0.0296447584119658,0.0827280643594994,0.00463812516594013));
#5594=CARTESIAN_POINT('',(-0.0303793652705283,0.0826751548386367,0.00396600987726374));
#5595=CARTESIAN_POINT('',(-0.0308703228638992,0.082622245317774,0.00309978424878623));
#5596=CARTESIAN_POINT('',(-0.03136128045727,0.0825693357969113,0.00223355862030872));
#5597=CARTESIAN_POINT('',(-0.0315605304355072,0.0825164262760486,0.00125801485189431));
#5598=CARTESIAN_POINT('',(-0.0317597804137444,0.0824635167551858,0.000282471083479896));
#5599=CARTESIAN_POINT('',(-0.0316478188007219,0.0824106072343232,-0.000706897803805902));
#5600=CARTESIAN_POINT('',(-0.0315358571876995,0.0823576977134604,-0.0016962666910917));
#5601=CARTESIAN_POINT('',(-0.0311236435661824,0.0823047881925976,-0.00260261437722298));
#5602=CARTESIAN_POINT('',(-0.0307114299446654,0.0822518786717349,-0.00350896206335425));
#5603=CARTESIAN_POINT('',(-0.030039314655989,0.0821989691508722,-0.00424356892191682));
#5604=CARTESIAN_POINT('',(-0.0293671993673126,0.0821460596300096,-0.00497817578047939));
#5605=CARTESIAN_POINT('',(-0.0285009737388351,0.0820931501091468,-0.00546913337385021));
#5606=CARTESIAN_POINT('',(-0.0276347481103576,0.0820402405882842,-0.00596009096722102));
#5607=CARTESIAN_POINT('',(-0.0266592043419432,0.0819873310674214,-0.00615934094545825));
#5608=CARTESIAN_POINT('',(-0.0256836605735288,0.0819344215465587,-0.00635859092369548));
#5609=CARTESIAN_POINT('',(-0.024694291686243,0.0818815120256959,-0.00624662931067304));
#5610=CARTESIAN_POINT('',(-0.0237049227989572,0.0818286025048333,-0.00613466769765059));
#5611=CARTESIAN_POINT('',(-0.0227985751128259,0.0817756929839705,-0.00572245407613353));
#5612=CARTESIAN_POINT('',(-0.0223301389388494,0.0817483472601395,-0.00550940584455626));
#5613=CARTESIAN_POINT('',(-0.0219025867010547,0.0817206612134681,-0.00522301261484473));
#5614=CARTESIAN_POINT('',(-0.0311716157506485,0.0864058505290644,0.000305357202254524));
#5615=CARTESIAN_POINT('',(-0.0311969501314254,0.0863777905126921,-0.000173394158615797));
#5616=CARTESIAN_POINT('',(-0.0311430406746069,0.0863500749665919,-0.000649774748953041));
#5617=CARTESIAN_POINT('',(-0.0310401264646569,0.0862971654457291,-0.00155919463524603));
#5618=CARTESIAN_POINT('',(-0.0306612230347776,0.0862442559248664,-0.00239230210431617));
#5619=CARTESIAN_POINT('',(-0.0302823196048983,0.0861913464040037,-0.00322540957338631));
#5620=CARTESIAN_POINT('',(-0.0296645166627815,0.0861384368831409,-0.00390065426155996));
#5621=CARTESIAN_POINT('',(-0.0290467137206648,0.0860855273622782,-0.00457589894973361));
#5622=CARTESIAN_POINT('',(-0.0282504861227714,0.0860326178414155,-0.00502718320222595));
#5623=CARTESIAN_POINT('',(-0.0274542585248779,0.0859797083205528,-0.00547846745471829));
#5624=CARTESIAN_POINT('',(-0.0265575465761334,0.0859267987996901,-0.00566161642461308));
#5625=CARTESIAN_POINT('',(-0.0256608346273888,0.0858738892788274,-0.00584476539450788));
#5626=CARTESIAN_POINT('',(-0.0247514147410958,0.0858209797579647,-0.00574185118455794));
#5627=CARTESIAN_POINT('',(-0.0238419948548028,0.085768070237102,-0.00563893697460798));
#5628=CARTESIAN_POINT('',(-0.0230088873857327,0.0857151607162393,-0.00526003354472866));
#5629=CARTESIAN_POINT('',(-0.0221757799166625,0.0856622511953766,-0.00488113011484932));
#5630=CARTESIAN_POINT('',(-0.0215005352284889,0.0856093416745138,-0.00426332717273262));
#5631=CARTESIAN_POINT('',(-0.0208252905403152,0.0855564321536511,-0.00364552423061593));
#5632=CARTESIAN_POINT('',(-0.0203740062878229,0.0855035226327884,-0.00284929663272246));
#5633=CARTESIAN_POINT('',(-0.0199227220353306,0.0854506131119257,-0.00205306903482898));
#5634=CARTESIAN_POINT('',(-0.0197395730654358,0.085397703591063,-0.00115635708608443));
#5635=CARTESIAN_POINT('',(-0.019556424095541,0.0853447940702003,-0.000259645137339885));
#5636=CARTESIAN_POINT('',(-0.0196593383054909,0.0852918845493376,0.000649774748953105));
#5637=CARTESIAN_POINT('',(-0.0197622525154409,0.0852389750284748,0.00155919463524609));
#5638=CARTESIAN_POINT('',(-0.0201411559453202,0.0851860655076122,0.00239230210431623));
#5639=CARTESIAN_POINT('',(-0.0205200593751995,0.0851331559867494,0.00322540957338637));
#5640=CARTESIAN_POINT('',(-0.0211378623173162,0.0850802464658867,0.00390065426156002));
#5641=CARTESIAN_POINT('',(-0.021755665259433,0.0850273369450239,0.00457589894973367));
#5642=CARTESIAN_POINT('',(-0.0225518928573264,0.0849744274241613,0.00502718320222601));
#5643=CARTESIAN_POINT('',(-0.0233481204552199,0.0849215179032985,0.00547846745471835));
#5644=CARTESIAN_POINT('',(-0.0242448324039644,0.0848686083824359,0.00566161642461315));
#5645=CARTESIAN_POINT('',(-0.025141544352709,0.0848156988615732,0.00584476539450795));
#5646=CARTESIAN_POINT('',(-0.026050964239002,0.0847627893407104,0.005741851184558));
#5647=CARTESIAN_POINT('',(-0.026960384125295,0.0847098798198477,0.00563893697460805));
#5648=CARTESIAN_POINT('',(-0.0277934915943651,0.084656970298985,0.00526003354472872));
#5649=CARTESIAN_POINT('',(-0.0286265990634353,0.0846040607781223,0.00488113011484939));
#5650=CARTESIAN_POINT('',(-0.0293018437516089,0.0845511512572596,0.00426332717273269));
#5651=CARTESIAN_POINT('',(-0.0299770884397826,0.0844982417363968,0.00364552423061599));
#5652=CARTESIAN_POINT('',(-0.0304283726922749,0.0844453322155341,0.00284929663272252));
#5653=CARTESIAN_POINT('',(-0.0308796569447672,0.0843924226946714,0.00205306903482905));
#5654=CARTESIAN_POINT('',(-0.031062805914662,0.0843395131738087,0.0011563570860845));
#5655=CARTESIAN_POINT('',(-0.0312459548845568,0.084286603652946,0.000259645137339948));
#5656=CARTESIAN_POINT('',(-0.0311430406746069,0.0842336941320833,-0.000649774748953042));
#5657=CARTESIAN_POINT('',(-0.0310401264646569,0.0841807846112206,-0.00155919463524603));
#5658=CARTESIAN_POINT('',(-0.0306612230347776,0.0841278750903579,-0.00239230210431617));
#5659=CARTESIAN_POINT('',(-0.0302823196048983,0.0840749655694952,-0.00322540957338631));
#5660=CARTESIAN_POINT('',(-0.0296645166627815,0.0840220560486324,-0.00390065426155996));
#5661=CARTESIAN_POINT('',(-0.0290467137206648,0.0839691465277698,-0.00457589894973361));
#5662=CARTESIAN_POINT('',(-0.0282504861227714,0.083916237006907,-0.00502718320222595));
#5663=CARTESIAN_POINT('',(-0.0274542585248779,0.0838633274860443,-0.00547846745471829));
#5664=CARTESIAN_POINT('',(-0.0265575465761334,0.0838104179651816,-0.00566161642461309));
#5665=CARTESIAN_POINT('',(-0.0256608346273888,0.0837575084443189,-0.00584476539450788));
#5666=CARTESIAN_POINT('',(-0.0247514147410958,0.0837045989234562,-0.00574185118455794));
#5667=CARTESIAN_POINT('',(-0.0238419948548028,0.0836516894025934,-0.00563893697460799));
#5668=CARTESIAN_POINT('',(-0.0230088873857327,0.0835987798817308,-0.00526003354472866));
#5669=CARTESIAN_POINT('',(-0.0221757799166625,0.083545870360868,-0.00488113011484932));
#5670=CARTESIAN_POINT('',(-0.0215005352284889,0.0834929608400053,-0.00426332717273262));
#5671=CARTESIAN_POINT('',(-0.0208252905403152,0.0834400513191426,-0.00364552423061593));
#5672=CARTESIAN_POINT('',(-0.0203740062878229,0.0833871417982798,-0.00284929663272246));
#5673=CARTESIAN_POINT('',(-0.0199227220353306,0.0833342322774171,-0.00205306903482898));
#5674=CARTESIAN_POINT('',(-0.0197395730654358,0.0832813227565544,-0.00115635708608443));
#5675=CARTESIAN_POINT('',(-0.019556424095541,0.0832284132356918,-0.000259645137339886));
#5676=CARTESIAN_POINT('',(-0.0196593383054909,0.083175503714829,0.000649774748953104));
#5677=CARTESIAN_POINT('',(-0.0197622525154409,0.0831225941939663,0.00155919463524609));
#5678=CARTESIAN_POINT('',(-0.0201411559453202,0.0830696846731036,0.00239230210431623));
#5679=CARTESIAN_POINT('',(-0.0205200593751995,0.0830167751522409,0.00322540957338637));
#5680=CARTESIAN_POINT('',(-0.0211378623173162,0.0829638656313782,0.00390065426156002));
#5681=CARTESIAN_POINT('',(-0.021755665259433,0.0829109561105155,0.00457589894973367));
#5682=CARTESIAN_POINT('',(-0.0225518928573264,0.0828580465896527,0.00502718320222601));
#5683=CARTESIAN_POINT('',(-0.0233481204552199,0.08280513706879,0.00547846745471835));
#5684=CARTESIAN_POINT('',(-0.0242448324039644,0.0827522275479273,0.00566161642461314));
#5685=CARTESIAN_POINT('',(-0.025141544352709,0.0826993180270646,0.00584476539450795));
#5686=CARTESIAN_POINT('',(-0.026050964239002,0.0826464085062019,0.005741851184558));
#5687=CARTESIAN_POINT('',(-0.026960384125295,0.0825934989853392,0.00563893697460805));
#5688=CARTESIAN_POINT('',(-0.0277934915943651,0.0825405894644765,0.00526003354472872));
#5689=CARTESIAN_POINT('',(-0.0286265990634353,0.0824876799436138,0.00488113011484939));
#5690=CARTESIAN_POINT('',(-0.0293018437516089,0.0824347704227511,0.00426332717273269));
#5691=CARTESIAN_POINT('',(-0.0299770884397826,0.0823818609018884,0.00364552423061599));
#5692=CARTESIAN_POINT('',(-0.0304283726922749,0.0823289513810257,0.00284929663272252));
#5693=CARTESIAN_POINT('',(-0.0308796569447672,0.0822760418601629,0.00205306903482905));
#5694=CARTESIAN_POINT('',(-0.031062805914662,0.0822231323393001,0.0011563570860845));
#5695=CARTESIAN_POINT('',(-0.0312459548845568,0.0821702228184375,0.000259645137339947));
#5696=CARTESIAN_POINT('',(-0.0311430406746069,0.0821173132975747,-0.000649774748953043));
#5697=CARTESIAN_POINT('',(-0.0310401264646569,0.082064403776712,-0.00155919463524603));
#5698=CARTESIAN_POINT('',(-0.0306612230347776,0.0820114942558493,-0.00239230210431617));
#5699=CARTESIAN_POINT('',(-0.0302823196048983,0.0819585847349866,-0.00322540957338631));
#5700=CARTESIAN_POINT('',(-0.0296645166627815,0.0819056752141239,-0.00390065426155996));
#5701=CARTESIAN_POINT('',(-0.0290467137206648,0.0818527656932612,-0.00457589894973361));
#5702=CARTESIAN_POINT('',(-0.0282504861227714,0.0817998561723984,-0.00502718320222595));
#5703=CARTESIAN_POINT('',(-0.0274542585248779,0.0817469466515357,-0.00547846745471829));
#5704=CARTESIAN_POINT('',(-0.0265575465761334,0.081694037130673,-0.00566161642461309));
#5705=CARTESIAN_POINT('',(-0.0256608346273888,0.0816411276098104,-0.00584476539450788));
#5706=CARTESIAN_POINT('',(-0.0247514147410958,0.0815882180889476,-0.00574185118455794));
#5707=CARTESIAN_POINT('',(-0.0238419948548028,0.0815353085680849,-0.00563893697460799));
#5708=CARTESIAN_POINT('',(-0.0230088873857327,0.0814823990472222,-0.00526003354472866));
#5709=CARTESIAN_POINT('',(-0.0225783046399564,0.0814550533233911,-0.00506420133186469));
#5710=CARTESIAN_POINT('',(-0.022185302077943,0.0814273672767198,-0.00480095098940257));
#5711=CARTESIAN_POINT('',(-0.0311688576403738,0.0864042559053412,0.000305211249633525));
#5712=CARTESIAN_POINT('',(-0.0311941799119905,0.0863761958889689,-0.000173311280819798));
#5713=CARTESIAN_POINT('',(-0.0311402962224584,0.0863484803428687,-0.000649464173905301));
#5714=CARTESIAN_POINT('',(-0.0310374312027636,0.0862955708220059,-0.00155844938168076));
#5715=CARTESIAN_POINT('',(-0.0306587088786459,0.0862426613011433,-0.0023911586475391));
#5716=CARTESIAN_POINT('',(-0.0302799865545283,0.0861897517802805,-0.00322386791339744));
#5717=CARTESIAN_POINT('',(-0.029662478905786,0.0861368422594178,-0.00389878985256983));
#5718=CARTESIAN_POINT('',(-0.0290449712570437,0.0860839327385551,-0.00457371179174222));
#5719=CARTESIAN_POINT('',(-0.0282491242347646,0.0860310232176924,-0.00502478034236481));
#5720=CARTESIAN_POINT('',(-0.0274532772124854,0.0859781136968297,-0.00547584889298741));
#5721=CARTESIAN_POINT('',(-0.0265569938682022,0.085925204175967,-0.00565891032254586));
#5722=CARTESIAN_POINT('',(-0.025660710523919,0.0858722946551043,-0.00584197175210432));
#5723=CARTESIAN_POINT('',(-0.0247517253161436,0.0858193851342415,-0.00573910673240949));
#5724=CARTESIAN_POINT('',(-0.0238427401083681,0.0857664756133788,-0.00563624171271465));
#5725=CARTESIAN_POINT('',(-0.0230100308425098,0.0857135660925161,-0.005257519388597));
#5726=CARTESIAN_POINT('',(-0.0221773215766514,0.0856606565716534,-0.00487879706447934));
#5727=CARTESIAN_POINT('',(-0.021502399637479,0.0856077470507907,-0.00426128941573708));
#5728=CARTESIAN_POINT('',(-0.0208274776983066,0.085554837529928,-0.00364378176699482));
#5729=CARTESIAN_POINT('',(-0.0203764091476841,0.0855019280090652,-0.00284793474471563));
#5730=CARTESIAN_POINT('',(-0.0199253405970615,0.0854490184882025,-0.00205208772243644));
#5731=CARTESIAN_POINT('',(-0.019742279167503,0.0853961089673398,-0.00115580437815327));
#5732=CARTESIAN_POINT('',(-0.0195592177379445,0.0853431994464771,-0.000259521033870096));
#5733=CARTESIAN_POINT('',(-0.0196620827576394,0.0852902899256144,0.000649464173905364));
#5734=CARTESIAN_POINT('',(-0.0197649477773342,0.0852373804047517,0.00155844938168082));
#5735=CARTESIAN_POINT('',(-0.0201436701014519,0.085184470883889,0.00239115864753916));
#5736=CARTESIAN_POINT('',(-0.0205223924255695,0.0851315613630262,0.0032238679133975));
#5737=CARTESIAN_POINT('',(-0.0211399000743118,0.0850786518421636,0.0038987898525699));
#5738=CARTESIAN_POINT('',(-0.0217574077230541,0.0850257423213008,0.00457371179174229));
#5739=CARTESIAN_POINT('',(-0.0225532547453332,0.0849728328004381,0.00502478034236488));
#5740=CARTESIAN_POINT('',(-0.0233491017676124,0.0849199232795754,0.00547584889298747));
#5741=CARTESIAN_POINT('',(-0.0242453851118956,0.0848670137587127,0.00565891032254593));
#5742=CARTESIAN_POINT('',(-0.0251416684561788,0.08481410423785,0.00584197175210439));
#5743=CARTESIAN_POINT('',(-0.0260506536639542,0.0847611947169873,0.00573910673240956));
#5744=CARTESIAN_POINT('',(-0.0269596388717297,0.0847082851961245,0.00563624171271472));
#5745=CARTESIAN_POINT('',(-0.027792348137588,0.0846553756752618,0.00525751938859706));
#5746=CARTESIAN_POINT('',(-0.0286250574034464,0.0846024661543991,0.0048787970644794));
#5747=CARTESIAN_POINT('',(-0.0292999793426188,0.0845495566335364,0.00426128941573714));
#5748=CARTESIAN_POINT('',(-0.0299749012817912,0.0844966471126737,0.00364378176699488));
#5749=CARTESIAN_POINT('',(-0.0304259698324137,0.084443737591811,0.00284793474471569));
#5750=CARTESIAN_POINT('',(-0.0308770383830363,0.0843908280709482,0.0020520877224365));
#5751=CARTESIAN_POINT('',(-0.0310600998125948,0.0843379185500855,0.00115580437815333));
#5752=CARTESIAN_POINT('',(-0.0312431612421532,0.0842850090292229,0.000259521033870159));
#5753=CARTESIAN_POINT('',(-0.0311402962224584,0.0842320995083602,-0.000649464173905302));
#5754=CARTESIAN_POINT('',(-0.0310374312027636,0.0841791899874974,-0.00155844938168076));
#5755=CARTESIAN_POINT('',(-0.0306587088786459,0.0841262804666347,-0.0023911586475391));
#5756=CARTESIAN_POINT('',(-0.0302799865545283,0.084073370945772,-0.00322386791339744));
#5757=CARTESIAN_POINT('',(-0.029662478905786,0.0840204614249093,-0.00389878985256983));
#5758=CARTESIAN_POINT('',(-0.0290449712570437,0.0839675519040466,-0.00457371179174223));
#5759=CARTESIAN_POINT('',(-0.0282491242347646,0.0839146423831838,-0.00502478034236481));
#5760=CARTESIAN_POINT('',(-0.0274532772124854,0.0838617328623211,-0.00547584889298741));
#5761=CARTESIAN_POINT('',(-0.0265569938682022,0.0838088233414584,-0.00565891032254587));
#5762=CARTESIAN_POINT('',(-0.025660710523919,0.0837559138205957,-0.00584197175210432));
#5763=CARTESIAN_POINT('',(-0.0247517253161436,0.083703004299733,-0.00573910673240949));
#5764=CARTESIAN_POINT('',(-0.0238427401083681,0.0836500947788703,-0.00563624171271466));
#5765=CARTESIAN_POINT('',(-0.0230100308425098,0.0835971852580076,-0.005257519388597));
#5766=CARTESIAN_POINT('',(-0.0221773215766514,0.0835442757371449,-0.00487879706447934));
#5767=CARTESIAN_POINT('',(-0.021502399637479,0.0834913662162822,-0.00426128941573708));
#5768=CARTESIAN_POINT('',(-0.0208274776983066,0.0834384566954195,-0.00364378176699482));
#5769=CARTESIAN_POINT('',(-0.0203764091476841,0.0833855471745567,-0.00284793474471563));
#5770=CARTESIAN_POINT('',(-0.0199253405970615,0.083332637653694,-0.00205208772243644));
#5771=CARTESIAN_POINT('',(-0.019742279167503,0.0832797281328313,-0.00115580437815327));
#5772=CARTESIAN_POINT('',(-0.0195592177379445,0.0832268186119686,-0.000259521033870098));
#5773=CARTESIAN_POINT('',(-0.0196620827576394,0.0831739090911059,0.000649464173905363));
#5774=CARTESIAN_POINT('',(-0.0197649477773342,0.0831209995702432,0.00155844938168082));
#5775=CARTESIAN_POINT('',(-0.0201436701014519,0.0830680900493804,0.00239115864753916));
#5776=CARTESIAN_POINT('',(-0.0205223924255695,0.0830151805285177,0.0032238679133975));
#5777=CARTESIAN_POINT('',(-0.0211399000743118,0.082962271007655,0.00389878985256989));
#5778=CARTESIAN_POINT('',(-0.0217574077230541,0.0829093614867923,0.00457371179174228));
#5779=CARTESIAN_POINT('',(-0.0225532547453332,0.0828564519659296,0.00502478034236488));
#5780=CARTESIAN_POINT('',(-0.0233491017676124,0.0828035424450668,0.00547584889298747));
#5781=CARTESIAN_POINT('',(-0.0242453851118956,0.0827506329242041,0.00565891032254593));
#5782=CARTESIAN_POINT('',(-0.0251416684561788,0.0826977234033414,0.00584197175210439));
#5783=CARTESIAN_POINT('',(-0.0260506536639542,0.0826448138824787,0.00573910673240956));
#5784=CARTESIAN_POINT('',(-0.0269596388717297,0.082591904361616,0.00563624171271472));
#5785=CARTESIAN_POINT('',(-0.027792348137588,0.0825389948407533,0.00525751938859706));
#5786=CARTESIAN_POINT('',(-0.0286250574034464,0.0824860853198906,0.0048787970644794));
#5787=CARTESIAN_POINT('',(-0.0292999793426188,0.0824331757990279,0.00426128941573714));
#5788=CARTESIAN_POINT('',(-0.0299749012817912,0.0823802662781652,0.00364378176699488));
#5789=CARTESIAN_POINT('',(-0.0304259698324137,0.0823273567573025,0.00284793474471569));
#5790=CARTESIAN_POINT('',(-0.0308770383830363,0.0822744472364398,0.0020520877224365));
#5791=CARTESIAN_POINT('',(-0.0310600998125948,0.082221537715577,0.00115580437815333));
#5792=CARTESIAN_POINT('',(-0.0312431612421532,0.0821686281947143,0.000259521033870158));
#5793=CARTESIAN_POINT('',(-0.0311402962224584,0.0821157186738516,-0.000649464173905303));
#5794=CARTESIAN_POINT('',(-0.0310374312027636,0.0820628091529889,-0.00155844938168076));
#5795=CARTESIAN_POINT('',(-0.0306587088786459,0.0820098996321262,-0.0023911586475391));
#5796=CARTESIAN_POINT('',(-0.0302799865545283,0.0819569901112635,-0.00322386791339744));
#5797=CARTESIAN_POINT('',(-0.029662478905786,0.0819040805904007,-0.00389878985256983));
#5798=CARTESIAN_POINT('',(-0.0290449712570437,0.0818511710695381,-0.00457371179174223));
#5799=CARTESIAN_POINT('',(-0.0282491242347646,0.0817982615486753,-0.00502478034236482));
#5800=CARTESIAN_POINT('',(-0.0274532772124854,0.0817453520278126,-0.00547584889298741));
#5801=CARTESIAN_POINT('',(-0.0265569938682022,0.0816924425069499,-0.00565891032254587));
#5802=CARTESIAN_POINT('',(-0.025660710523919,0.0816395329860872,-0.00584197175210432));
#5803=CARTESIAN_POINT('',(-0.0247517253161436,0.0815866234652244,-0.00573910673240949));
#5804=CARTESIAN_POINT('',(-0.0238427401083681,0.0815337139443617,-0.00563624171271466));
#5805=CARTESIAN_POINT('',(-0.0230100308425098,0.081480804423499,-0.005257519388597));
#5806=CARTESIAN_POINT('',(-0.0225796539038336,0.081453458699668,-0.00506178077832217));
#5807=CARTESIAN_POINT('',(-0.0221868391865921,0.0814257726529966,-0.004798656262522));
#5808=CARTESIAN_POINT('',(-0.0316838610774586,0.0866694870085931,-0.000219362655756507));
#5809=CARTESIAN_POINT('',(-0.0316504721442081,0.0866181684531108,-0.00117564074941453));
#5810=CARTESIAN_POINT('',(-0.0311413668811398,0.0865162645407347,-0.0030677596665122));
#5811=CARTESIAN_POINT('',(-0.0291985292958954,0.0863618455688793,-0.00528617261895027));
#5812=CARTESIAN_POINT('',(-0.0264832748107178,0.0862086742226283,-0.00641778754503867));
#5813=CARTESIAN_POINT('',(-0.023541722828992,0.0860545452222162,-0.0062375359551435));
#5814=CARTESIAN_POINT('',(-0.0209841259235456,0.0859009980634973,-0.00477994234743075));
#5815=CARTESIAN_POINT('',(-0.0193291884792799,0.0857472879387467,-0.00234426857620869));
#5816=CARTESIAN_POINT('',(-0.0189181251841504,0.0855932889344446,0.000573264103782984));
#5817=CARTESIAN_POINT('',(-0.0198327190538572,0.0854400041642319,0.00336979939789387));
#5818=CARTESIAN_POINT('',(-0.0218907877986158,0.0852856922385389,0.00548061872453397));
#5819=CARTESIAN_POINT('',(-0.0246616543934889,0.085132637041639,0.00646644482645481));
#5820=CARTESIAN_POINT('',(-0.0275910130898325,0.0849782101750311,0.00612913437662476));
#5821=CARTESIAN_POINT('',(-0.0300652774117794,0.0848251692095261,0.00453944692786644));
#5822=CARTESIAN_POINT('',(-0.0315898093419933,0.0846708306333099,0.00201598293798433));
#5823=CARTESIAN_POINT('',(-0.0318449226373928,0.0845175880634813,-0.00091499275584138));
#5824=CARTESIAN_POINT('',(-0.0307814271562611,0.0843635376005715,-0.00366301685187536));
#5825=CARTESIAN_POINT('',(-0.0286165267821898,0.0842098909895895,-0.00565861402931314));
#5826=CARTESIAN_POINT('',(-0.0257942566740536,0.0840562807307539,-0.00649692640942179));
#5827=CARTESIAN_POINT('',(-0.0228889873950138,0.0839022022018005,-0.0060039857492986));
#5828=CARTESIAN_POINT('',(-0.0205017395664735,0.0837489819470171,-0.00428467896202828));
#5829=CARTESIAN_POINT('',(-0.0191141504467825,0.0835946298459679,-0.00168331364770831));
#5830=CARTESIAN_POINT('',(-0.019014939506604,0.0834415952666905,0.00125591059985363));
#5831=CARTESIAN_POINT('',(-0.0202245093007012,0.0832871699488574,0.00394511335310073));
#5832=CARTESIAN_POINT('',(-0.0224897148275274,0.0831341050830624,0.00582093716343897));
#5833=CARTESIAN_POINT('',(-0.025356389811804,0.0829798096930671,0.00650857273470068));
#5834=CARTESIAN_POINT('',(-0.0282270971604291,0.0828264996590796,0.00586284263475232));
#5835=CARTESIAN_POINT('',(-0.0305229637880431,0.0826725305134006,0.0040165004919858));
#5836=CARTESIAN_POINT('',(-0.0317684067522014,0.0825187855886905,0.00134791152094139));
#5837=CARTESIAN_POINT('',(-0.0317114915797496,0.0823652719356111,-0.00159513263065069));
#5838=CARTESIAN_POINT('',(-0.0303606839494242,0.0822111183283373,-0.00421455256579778));
#5839=CARTESIAN_POINT('',(-0.0279988149407359,0.0820579640906263,-0.00596787503248035));
#5840=CARTESIAN_POINT('',(-0.0250985843291832,0.0819035419604691,-0.00650150261027578));
#5841=CARTESIAN_POINT('',(-0.0232124349300446,0.0818016220103538,-0.00597033133149295));
#5842=CARTESIAN_POINT('',(-0.0223739006247847,0.0817503171002391,-0.0055095920335568));
#5843=CARTESIAN_POINT('',(-0.0317423175841616,0.0868129869851232,0.000335551030455051));
#5844=CARTESIAN_POINT('',(-0.0317701565076597,0.0867849275020468,-0.000190539381675911));
#5845=CARTESIAN_POINT('',(-0.0317109175925899,0.0867572124834319,-0.000714024699845403));
#5846=CARTESIAN_POINT('',(-0.031597827190127,0.0867043029626255,-0.00171338745396636));
#5847=CARTESIAN_POINT('',(-0.0311814517513655,0.0866513934418194,-0.00262889105715403));
#5848=CARTESIAN_POINT('',(-0.0307650763126039,0.0865984839210131,-0.0035443946603417));
#5849=CARTESIAN_POINT('',(-0.0300861735665481,0.0865455744002068,-0.00428642324122738));
#5850=CARTESIAN_POINT('',(-0.0294072708204922,0.0864926648794005,-0.00502845182211307));
#5851=CARTESIAN_POINT('',(-0.0285322964981194,0.0864397553585943,-0.00552437045318256));
#5852=CARTESIAN_POINT('',(-0.0276573221757468,0.0863868458377881,-0.00602028908425205));
#5853=CARTESIAN_POINT('',(-0.0266719248600356,0.0863339363169818,-0.00622155379462799));
#5854=CARTESIAN_POINT('',(-0.0256865275443244,0.0862810267961755,-0.00642281850500391));
#5855=CARTESIAN_POINT('',(-0.0246871647902035,0.0862281172753692,-0.006309728102541));
#5856=CARTESIAN_POINT('',(-0.0236878020360825,0.0861752077545629,-0.00619663770007808));
#5857=CARTESIAN_POINT('',(-0.0227722984328948,0.0861222982337567,-0.00578026226131656));
#5858=CARTESIAN_POINT('',(-0.0218567948297072,0.0860693887129504,-0.00536388682255504));
#5859=CARTESIAN_POINT('',(-0.0211147662488215,0.0860164791921442,-0.00468498407649915));
#5860=CARTESIAN_POINT('',(-0.0203727376679358,0.0859635696713379,-0.00400608133044326));
#5861=CARTESIAN_POINT('',(-0.0198768190368663,0.0859106601505317,-0.00313110700807053));
#5862=CARTESIAN_POINT('',(-0.0193809004057968,0.0858577506297254,-0.0022561326856978));
#5863=CARTESIAN_POINT('',(-0.0191796356954209,0.0858048411089191,-0.00127073536998665));
#5864=CARTESIAN_POINT('',(-0.0189783709850449,0.0857519315881128,-0.000285338054275496));
#5865=CARTESIAN_POINT('',(-0.0190914613875079,0.0856990220673066,0.000714024699845464));
#5866=CARTESIAN_POINT('',(-0.0192045517899708,0.0856461125465002,0.00171338745396642));
#5867=CARTESIAN_POINT('',(-0.0196209272287323,0.085593203025694,0.00262889105715409));
#5868=CARTESIAN_POINT('',(-0.0200373026674938,0.0855402935048878,0.00354439466034176));
#5869=CARTESIAN_POINT('',(-0.0207162054135497,0.0854873839840815,0.00428642324122745));
#5870=CARTESIAN_POINT('',(-0.0213951081596056,0.0854344744632752,0.00502845182211313));
#5871=CARTESIAN_POINT('',(-0.0222700824819783,0.085381564942469,0.00552437045318262));
#5872=CARTESIAN_POINT('',(-0.0231450568043511,0.0853286554216627,0.00602028908425211));
#5873=CARTESIAN_POINT('',(-0.0241304541200622,0.0852757459008564,0.00622155379462805));
#5874=CARTESIAN_POINT('',(-0.0251158514357733,0.0852228363800502,0.00642281850500397));
#5875=CARTESIAN_POINT('',(-0.0261152141898943,0.0851699268592439,0.00630972810254106));
#5876=CARTESIAN_POINT('',(-0.0271145769440153,0.0851170173384376,0.00619663770007814));
#5877=CARTESIAN_POINT('',(-0.0280300805472029,0.0850641078176314,0.00578026226131662));
#5878=CARTESIAN_POINT('',(-0.0289455841503906,0.085011198296825,0.0053638868225551));
#5879=CARTESIAN_POINT('',(-0.0296876127312763,0.0849582887760188,0.00468498407649921));
#5880=CARTESIAN_POINT('',(-0.030429641312162,0.0849053792552125,0.00400608133044332));
#5881=CARTESIAN_POINT('',(-0.0309255599432315,0.0848524697344063,0.00313110700807059));
#5882=CARTESIAN_POINT('',(-0.031421478574301,0.0847995602135999,0.00225613268569786));
#5883=CARTESIAN_POINT('',(-0.0316227432846769,0.0847466506927938,0.00127073536998671));
#5884=CARTESIAN_POINT('',(-0.0318240079950529,0.0846937411719875,0.000285338054275556));
#5885=CARTESIAN_POINT('',(-0.0317109175925899,0.0846408316511812,-0.000714024699845403));
#5886=CARTESIAN_POINT('',(-0.031597827190127,0.0845879221303749,-0.00171338745396636));
#5887=CARTESIAN_POINT('',(-0.0311814517513655,0.0845350126095687,-0.00262889105715403));
#5888=CARTESIAN_POINT('',(-0.0307650763126039,0.0844821030887624,-0.0035443946603417));
#5889=CARTESIAN_POINT('',(-0.0300861735665481,0.0844291935679562,-0.00428642324122738));
#5890=CARTESIAN_POINT('',(-0.0294072708204922,0.0843762840471498,-0.00502845182211307));
#5891=CARTESIAN_POINT('',(-0.0285322964981194,0.0843233745263436,-0.00552437045318256));
#5892=CARTESIAN_POINT('',(-0.0276573221757468,0.0842704650055373,-0.00602028908425205));
#5893=CARTESIAN_POINT('',(-0.0266719248600356,0.0842175554847311,-0.00622155379462799));
#5894=CARTESIAN_POINT('',(-0.0256865275443244,0.0841646459639248,-0.00642281850500391));
#5895=CARTESIAN_POINT('',(-0.0246871647902035,0.0841117364431186,-0.006309728102541));
#5896=CARTESIAN_POINT('',(-0.0236878020360825,0.0840588269223122,-0.00619663770007808));
#5897=CARTESIAN_POINT('',(-0.0227722984328948,0.084005917401506,-0.00578026226131656));
#5898=CARTESIAN_POINT('',(-0.0218567948297072,0.0839530078806997,-0.00536388682255504));
#5899=CARTESIAN_POINT('',(-0.0211147662488215,0.0839000983598935,-0.00468498407649915));
#5900=CARTESIAN_POINT('',(-0.0203727376679358,0.0838471888390872,-0.00400608133044326));
#5901=CARTESIAN_POINT('',(-0.0198768190368663,0.0837942793182809,-0.00313110700807053));
#5902=CARTESIAN_POINT('',(-0.0193809004057968,0.0837413697974746,-0.0022561326856978));
#5903=CARTESIAN_POINT('',(-0.0191796356954209,0.0836884602766684,-0.00127073536998665));
#5904=CARTESIAN_POINT('',(-0.0189783709850449,0.0836355507558621,-0.000285338054275496));
#5905=CARTESIAN_POINT('',(-0.0190914613875079,0.0835826412350559,0.000714024699845464));
#5906=CARTESIAN_POINT('',(-0.0192045517899708,0.0835297317142496,0.00171338745396642));
#5907=CARTESIAN_POINT('',(-0.0196209272287323,0.0834768221934433,0.00262889105715409));
#5908=CARTESIAN_POINT('',(-0.0200373026674938,0.083423912672637,0.00354439466034176));
#5909=CARTESIAN_POINT('',(-0.0207162054135497,0.0833710031518308,0.00428642324122745));
#5910=CARTESIAN_POINT('',(-0.0213951081596056,0.0833180936310246,0.00502845182211313));
#5911=CARTESIAN_POINT('',(-0.0222700824819783,0.0832651841102183,0.00552437045318262));
#5912=CARTESIAN_POINT('',(-0.0231450568043511,0.083212274589412,0.00602028908425211));
#5913=CARTESIAN_POINT('',(-0.0241304541200622,0.0831593650686057,0.00622155379462805));
#5914=CARTESIAN_POINT('',(-0.0251158514357733,0.0831064555477994,0.00642281850500397));
#5915=CARTESIAN_POINT('',(-0.0261152141898943,0.0830535460269932,0.00630972810254106));
#5916=CARTESIAN_POINT('',(-0.0271145769440153,0.0830006365061869,0.00619663770007814));
#5917=CARTESIAN_POINT('',(-0.0280300805472029,0.0829477269853807,0.00578026226131662));
#5918=CARTESIAN_POINT('',(-0.0289455841503906,0.0828948174645743,0.0053638868225551));
#5919=CARTESIAN_POINT('',(-0.0296876127312763,0.0828419079437681,0.00468498407649921));
#5920=CARTESIAN_POINT('',(-0.030429641312162,0.0827889984229619,0.00400608133044332));
#5921=CARTESIAN_POINT('',(-0.0309255599432315,0.0827360889021556,0.00313110700807059));
#5922=CARTESIAN_POINT('',(-0.031421478574301,0.0826831793813493,0.00225613268569786));
#5923=CARTESIAN_POINT('',(-0.0316227432846769,0.0826302698605431,0.00127073536998671));
#5924=CARTESIAN_POINT('',(-0.0318240079950529,0.0825773603397367,0.000285338054275555));
#5925=CARTESIAN_POINT('',(-0.0317109175925899,0.0825244508189305,-0.000714024699845404));
#5926=CARTESIAN_POINT('',(-0.031597827190127,0.0824715412981242,-0.00171338745396636));
#5927=CARTESIAN_POINT('',(-0.0311814517513655,0.082418631777318,-0.00262889105715403));
#5928=CARTESIAN_POINT('',(-0.0307650763126039,0.0823657222565117,-0.0035443946603417));
#5929=CARTESIAN_POINT('',(-0.0300861735665481,0.0823128127357055,-0.00428642324122738));
#5930=CARTESIAN_POINT('',(-0.0294072708204922,0.0822599032148991,-0.00502845182211308));
#5931=CARTESIAN_POINT('',(-0.0285322964981194,0.0822069936940929,-0.00552437045318256));
#5932=CARTESIAN_POINT('',(-0.0276573221757468,0.0821540841732866,-0.00602028908425205));
#5933=CARTESIAN_POINT('',(-0.0266719248600356,0.0821011746524804,-0.00622155379462799));
#5934=CARTESIAN_POINT('',(-0.0256865275443244,0.082048265131674,-0.00642281850500391));
#5935=CARTESIAN_POINT('',(-0.0246871647902035,0.0819953556108679,-0.006309728102541));
#5936=CARTESIAN_POINT('',(-0.0236878020360825,0.0819424460900616,-0.00619663770007808));
#5937=CARTESIAN_POINT('',(-0.0227722984328948,0.0818895365692553,-0.00578026226131657));
#5938=CARTESIAN_POINT('',(-0.0222991292284292,0.0818621907939013,-0.00556506263301161));
#5939=CARTESIAN_POINT('',(-0.0218672569373974,0.081834504695119,-0.00527577678766788));
#5940=CARTESIAN_POINT('',(-0.0317423175841616,0.0868117011095806,0.000335551030455051));
#5941=CARTESIAN_POINT('',(-0.0317701565076597,0.0867836416265041,-0.00019053938167591));
#5942=CARTESIAN_POINT('',(-0.0317109175925899,0.0867559266078893,-0.000714024699845403));
#5943=CARTESIAN_POINT('',(-0.031597827190127,0.086703017087083,-0.00171338745396636));
#5944=CARTESIAN_POINT('',(-0.0311814517513655,0.0866501075662768,-0.00262889105715403));
#5945=CARTESIAN_POINT('',(-0.0307650763126039,0.0865971980454704,-0.0035443946603417));
#5946=CARTESIAN_POINT('',(-0.0300861735665481,0.0865442885246643,-0.00428642324122738));
#5947=CARTESIAN_POINT('',(-0.0294072708204922,0.086491379003858,-0.00502845182211307));
#5948=CARTESIAN_POINT('',(-0.0285322964981194,0.0864384694830517,-0.00552437045318256));
#5949=CARTESIAN_POINT('',(-0.0276573221757468,0.0863855599622454,-0.00602028908425205));
#5950=CARTESIAN_POINT('',(-0.0266719248600356,0.0863326504414392,-0.00622155379462799));
#5951=CARTESIAN_POINT('',(-0.0256865275443244,0.086279740920633,-0.00642281850500391));
#5952=CARTESIAN_POINT('',(-0.0246871647902035,0.0862268313998267,-0.006309728102541));
#5953=CARTESIAN_POINT('',(-0.0236878020360825,0.0861739218790204,-0.00619663770007808));
#5954=CARTESIAN_POINT('',(-0.0227722984328948,0.0861210123582141,-0.00578026226131656));
#5955=CARTESIAN_POINT('',(-0.0218567948297072,0.0860681028374078,-0.00536388682255504));
#5956=CARTESIAN_POINT('',(-0.0211147662488215,0.0860151933166016,-0.00468498407649915));
#5957=CARTESIAN_POINT('',(-0.0203727376679358,0.0859622837957953,-0.00400608133044326));
#5958=CARTESIAN_POINT('',(-0.0198768190368663,0.0859093742749891,-0.00313110700807053));
#5959=CARTESIAN_POINT('',(-0.0193809004057968,0.0858564647541827,-0.0022561326856978));
#5960=CARTESIAN_POINT('',(-0.0191796356954209,0.0858035552333765,-0.00127073536998665));
#5961=CARTESIAN_POINT('',(-0.0189783709850449,0.0857506457125702,-0.000285338054275496));
#5962=CARTESIAN_POINT('',(-0.0190914613875079,0.085697736191764,0.000714024699845464));
#5963=CARTESIAN_POINT('',(-0.0192045517899708,0.0856448266709577,0.00171338745396642));
#5964=CARTESIAN_POINT('',(-0.0196209272287323,0.0855919171501514,0.00262889105715409));
#5965=CARTESIAN_POINT('',(-0.0200373026674938,0.0855390076293451,0.00354439466034176));
#5966=CARTESIAN_POINT('',(-0.0207162054135497,0.0854860981085389,0.00428642324122745));
#5967=CARTESIAN_POINT('',(-0.0213951081596056,0.0854331885877326,0.00502845182211313));
#5968=CARTESIAN_POINT('',(-0.0222700824819783,0.0853802790669264,0.00552437045318262));
#5969=CARTESIAN_POINT('',(-0.0231450568043511,0.0853273695461201,0.00602028908425211));
#5970=CARTESIAN_POINT('',(-0.0241304541200622,0.0852744600253139,0.00622155379462805));
#5971=CARTESIAN_POINT('',(-0.0251158514357733,0.0852215505045075,0.00642281850500397));
#5972=CARTESIAN_POINT('',(-0.0261152141898943,0.0851686409837013,0.00630972810254106));
#5973=CARTESIAN_POINT('',(-0.0271145769440153,0.085115731462895,0.00619663770007814));
#5974=CARTESIAN_POINT('',(-0.0280300805472029,0.0850628219420888,0.00578026226131662));
#5975=CARTESIAN_POINT('',(-0.0289455841503906,0.0850099124212825,0.0053638868225551));
#5976=CARTESIAN_POINT('',(-0.0296876127312763,0.0849570029004762,0.00468498407649921));
#5977=CARTESIAN_POINT('',(-0.030429641312162,0.0849040933796699,0.00400608133044332));
#5978=CARTESIAN_POINT('',(-0.0309255599432315,0.0848511838588637,0.00313110700807059));
#5979=CARTESIAN_POINT('',(-0.031421478574301,0.0847982743380574,0.00225613268569786));
#5980=CARTESIAN_POINT('',(-0.0316227432846769,0.0847453648172512,0.00127073536998671));
#5981=CARTESIAN_POINT('',(-0.0318240079950529,0.0846924552964449,0.000285338054275556));
#5982=CARTESIAN_POINT('',(-0.0317109175925899,0.0846395457756386,-0.000714024699845403));
#5983=CARTESIAN_POINT('',(-0.031597827190127,0.0845866362548324,-0.00171338745396636));
#5984=CARTESIAN_POINT('',(-0.0311814517513655,0.0845337267340261,-0.00262889105715403));
#5985=CARTESIAN_POINT('',(-0.0307650763126039,0.0844808172132198,-0.0035443946603417));
#5986=CARTESIAN_POINT('',(-0.0300861735665481,0.0844279076924136,-0.00428642324122738));
#5987=CARTESIAN_POINT('',(-0.0294072708204922,0.0843749981716072,-0.00502845182211307));
#5988=CARTESIAN_POINT('',(-0.0285322964981194,0.084322088650801,-0.00552437045318256));
#5989=CARTESIAN_POINT('',(-0.0276573221757468,0.0842691791299947,-0.00602028908425205));
#5990=CARTESIAN_POINT('',(-0.0266719248600356,0.0842162696091885,-0.00622155379462799));
#5991=CARTESIAN_POINT('',(-0.0256865275443244,0.0841633600883822,-0.00642281850500391));
#5992=CARTESIAN_POINT('',(-0.0246871647902035,0.084110450567576,-0.006309728102541));
#5993=CARTESIAN_POINT('',(-0.0236878020360825,0.0840575410467697,-0.00619663770007808));
#5994=CARTESIAN_POINT('',(-0.0227722984328948,0.0840046315259634,-0.00578026226131656));
#5995=CARTESIAN_POINT('',(-0.0218567948297072,0.0839517220051571,-0.00536388682255504));
#5996=CARTESIAN_POINT('',(-0.0211147662488215,0.0838988124843509,-0.00468498407649915));
#5997=CARTESIAN_POINT('',(-0.0203727376679358,0.0838459029635445,-0.00400608133044326));
#5998=CARTESIAN_POINT('',(-0.0198768190368663,0.0837929934427384,-0.00313110700807053));
#5999=CARTESIAN_POINT('',(-0.0193809004057968,0.0837400839219321,-0.0022561326856978));
#6000=CARTESIAN_POINT('',(-0.0191796356954209,0.0836871744011258,-0.00127073536998665));
#6001=CARTESIAN_POINT('',(-0.0189783709850449,0.0836342648803195,-0.000285338054275497));
#6002=CARTESIAN_POINT('',(-0.0190914613875079,0.0835813553595133,0.000714024699845464));
#6003=CARTESIAN_POINT('',(-0.0192045517899708,0.0835284458387069,0.00171338745396642));
#6004=CARTESIAN_POINT('',(-0.0196209272287323,0.0834755363179007,0.00262889105715409));
#6005=CARTESIAN_POINT('',(-0.0200373026674938,0.0834226267970945,0.00354439466034176));
#6006=CARTESIAN_POINT('',(-0.0207162054135497,0.0833697172762882,0.00428642324122745));
#6007=CARTESIAN_POINT('',(-0.0213951081596056,0.0833168077554819,0.00502845182211313));
#6008=CARTESIAN_POINT('',(-0.0222700824819783,0.0832638982346757,0.00552437045318262));
#6009=CARTESIAN_POINT('',(-0.0231450568043511,0.0832109887138694,0.00602028908425211));
#6010=CARTESIAN_POINT('',(-0.0241304541200622,0.0831580791930631,0.00622155379462805));
#6011=CARTESIAN_POINT('',(-0.0251158514357733,0.0831051696722568,0.00642281850500397));
#6012=CARTESIAN_POINT('',(-0.0261152141898943,0.0830522601514505,0.00630972810254106));
#6013=CARTESIAN_POINT('',(-0.0271145769440153,0.0829993506306442,0.00619663770007814));
#6014=CARTESIAN_POINT('',(-0.0280300805472029,0.0829464411098381,0.00578026226131662));
#6015=CARTESIAN_POINT('',(-0.0289455841503906,0.0828935315890318,0.0053638868225551));
#6016=CARTESIAN_POINT('',(-0.0296876127312763,0.0828406220682255,0.00468498407649921));
#6017=CARTESIAN_POINT('',(-0.030429641312162,0.0827877125474192,0.00400608133044332));
#6018=CARTESIAN_POINT('',(-0.0309255599432315,0.082734803026613,0.00313110700807059));
#6019=CARTESIAN_POINT('',(-0.031421478574301,0.0826818935058067,0.00225613268569786));
#6020=CARTESIAN_POINT('',(-0.0316227432846769,0.0826289839850005,0.00127073536998671));
#6021=CARTESIAN_POINT('',(-0.0318240079950529,0.0825760744641941,0.000285338054275555));
#6022=CARTESIAN_POINT('',(-0.0317109175925899,0.0825231649433879,-0.000714024699845404));
#6023=CARTESIAN_POINT('',(-0.031597827190127,0.0824702554225816,-0.00171338745396636));
#6024=CARTESIAN_POINT('',(-0.0311814517513655,0.0824173459017754,-0.00262889105715403));
#6025=CARTESIAN_POINT('',(-0.0307650763126039,0.0823644363809691,-0.0035443946603417));
#6026=CARTESIAN_POINT('',(-0.0300861735665481,0.0823115268601629,-0.00428642324122738));
#6027=CARTESIAN_POINT('',(-0.0294072708204922,0.0822586173393565,-0.00502845182211308));
#6028=CARTESIAN_POINT('',(-0.0285322964981194,0.0822057078185503,-0.00552437045318256));
#6029=CARTESIAN_POINT('',(-0.0276573221757468,0.0821527982977441,-0.00602028908425205));
#6030=CARTESIAN_POINT('',(-0.0266719248600356,0.0820998887769378,-0.00622155379462799));
#6031=CARTESIAN_POINT('',(-0.0256865275443244,0.0820469792561315,-0.00642281850500391));
#6032=CARTESIAN_POINT('',(-0.0246871647902035,0.0819940697353253,-0.006309728102541));
#6033=CARTESIAN_POINT('',(-0.0236878020360825,0.0819411602145189,-0.00619663770007808));
#6034=CARTESIAN_POINT('',(-0.0227722984328948,0.0818882506937127,-0.00578026226131657));
#6035=CARTESIAN_POINT('',(-0.0222991292284292,0.0818609049183587,-0.00556506263301161));
#6036=CARTESIAN_POINT('',(-0.0218672569373974,0.0818332188195764,-0.00527577678766788));
#6037=CARTESIAN_POINT('',(-0.0317423175841616,0.086810415234038,0.000335551030455052));
#6038=CARTESIAN_POINT('',(-0.0317701565076597,0.0867823557509616,-0.00019053938167591));
#6039=CARTESIAN_POINT('',(-0.0317109175925899,0.0867546407323467,-0.000714024699845402));
#6040=CARTESIAN_POINT('',(-0.031597827190127,0.0867017312115404,-0.00171338745396636));
#6041=CARTESIAN_POINT('',(-0.0311814517513655,0.0866488216907342,-0.00262889105715403));
#6042=CARTESIAN_POINT('',(-0.0307650763126039,0.0865959121699279,-0.0035443946603417));
#6043=CARTESIAN_POINT('',(-0.0300861735665481,0.0865430026491217,-0.00428642324122738));
#6044=CARTESIAN_POINT('',(-0.0294072708204922,0.0864900931283153,-0.00502845182211307));
#6045=CARTESIAN_POINT('',(-0.0285322964981194,0.0864371836075091,-0.00552437045318256));
#6046=CARTESIAN_POINT('',(-0.0276573221757468,0.0863842740867029,-0.00602028908425205));
#6047=CARTESIAN_POINT('',(-0.0266719248600356,0.0863313645658966,-0.00622155379462799));
#6048=CARTESIAN_POINT('',(-0.0256865275443244,0.0862784550450903,-0.00642281850500391));
#6049=CARTESIAN_POINT('',(-0.0246871647902035,0.0862255455242841,-0.006309728102541));
#6050=CARTESIAN_POINT('',(-0.0236878020360825,0.0861726360034777,-0.00619663770007808));
#6051=CARTESIAN_POINT('',(-0.0227722984328948,0.0861197264826715,-0.00578026226131656));
#6052=CARTESIAN_POINT('',(-0.0218567948297072,0.0860668169618652,-0.00536388682255504));
#6053=CARTESIAN_POINT('',(-0.0211147662488215,0.086013907441059,-0.00468498407649915));
#6054=CARTESIAN_POINT('',(-0.0203727376679358,0.0859609979202527,-0.00400608133044326));
#6055=CARTESIAN_POINT('',(-0.0198768190368663,0.0859080883994465,-0.00313110700807053));
#6056=CARTESIAN_POINT('',(-0.0193809004057968,0.0858551788786402,-0.0022561326856978));
#6057=CARTESIAN_POINT('',(-0.0191796356954209,0.0858022693578339,-0.00127073536998665));
#6058=CARTESIAN_POINT('',(-0.0189783709850449,0.0857493598370276,-0.000285338054275496));
#6059=CARTESIAN_POINT('',(-0.0190914613875079,0.0856964503162214,0.000714024699845464));
#6060=CARTESIAN_POINT('',(-0.0192045517899708,0.085643540795415,0.00171338745396642));
#6061=CARTESIAN_POINT('',(-0.0196209272287323,0.0855906312746088,0.00262889105715409));
#6062=CARTESIAN_POINT('',(-0.0200373026674938,0.0855377217538026,0.00354439466034176));
#6063=CARTESIAN_POINT('',(-0.0207162054135497,0.0854848122329963,0.00428642324122745));
#6064=CARTESIAN_POINT('',(-0.0213951081596056,0.08543190271219,0.00502845182211313));
#6065=CARTESIAN_POINT('',(-0.0222700824819783,0.0853789931913838,0.00552437045318262));
#6066=CARTESIAN_POINT('',(-0.0231450568043511,0.0853260836705775,0.00602028908425211));
#6067=CARTESIAN_POINT('',(-0.0241304541200622,0.0852731741497713,0.00622155379462805));
#6068=CARTESIAN_POINT('',(-0.0251158514357733,0.085220264628965,0.00642281850500397));
#6069=CARTESIAN_POINT('',(-0.0261152141898943,0.0851673551081587,0.00630972810254106));
#6070=CARTESIAN_POINT('',(-0.0271145769440153,0.0851144455873524,0.00619663770007814));
#6071=CARTESIAN_POINT('',(-0.0280300805472029,0.0850615360665462,0.00578026226131662));
#6072=CARTESIAN_POINT('',(-0.0289455841503906,0.0850086265457399,0.0053638868225551));
#6073=CARTESIAN_POINT('',(-0.0296876127312763,0.0849557170249336,0.00468498407649921));
#6074=CARTESIAN_POINT('',(-0.030429641312162,0.0849028075041273,0.00400608133044332));
#6075=CARTESIAN_POINT('',(-0.0309255599432315,0.0848498979833211,0.00313110700807059));
#6076=CARTESIAN_POINT('',(-0.031421478574301,0.0847969884625148,0.00225613268569786));
#6077=CARTESIAN_POINT('',(-0.0316227432846769,0.0847440789417086,0.00127073536998671));
#6078=CARTESIAN_POINT('',(-0.0318240079950529,0.0846911694209023,0.000285338054275556));
#6079=CARTESIAN_POINT('',(-0.0317109175925899,0.084638259900096,-0.000714024699845403));
#6080=CARTESIAN_POINT('',(-0.031597827190127,0.0845853503792897,-0.00171338745396636));
#6081=CARTESIAN_POINT('',(-0.0311814517513655,0.0845324408584835,-0.00262889105715403));
#6082=CARTESIAN_POINT('',(-0.0307650763126039,0.0844795313376773,-0.0035443946603417));
#6083=CARTESIAN_POINT('',(-0.0300861735665481,0.084426621816871,-0.00428642324122738));
#6084=CARTESIAN_POINT('',(-0.0294072708204922,0.0843737122960647,-0.00502845182211307));
#6085=CARTESIAN_POINT('',(-0.0285322964981194,0.0843208027752583,-0.00552437045318256));
#6086=CARTESIAN_POINT('',(-0.0276573221757468,0.0842678932544521,-0.00602028908425205));
#6087=CARTESIAN_POINT('',(-0.0266719248600356,0.0842149837336458,-0.00622155379462799));
#6088=CARTESIAN_POINT('',(-0.0256865275443244,0.0841620742128396,-0.00642281850500391));
#6089=CARTESIAN_POINT('',(-0.0246871647902035,0.0841091646920334,-0.006309728102541));
#6090=CARTESIAN_POINT('',(-0.0236878020360825,0.084056255171227,-0.00619663770007808));
#6091=CARTESIAN_POINT('',(-0.0227722984328948,0.0840033456504208,-0.00578026226131656));
#6092=CARTESIAN_POINT('',(-0.0218567948297072,0.0839504361296146,-0.00536388682255504));
#6093=CARTESIAN_POINT('',(-0.0211147662488215,0.0838975266088083,-0.00468498407649915));
#6094=CARTESIAN_POINT('',(-0.0203727376679358,0.083844617088002,-0.00400608133044326));
#6095=CARTESIAN_POINT('',(-0.0198768190368663,0.0837917075671958,-0.00313110700807053));
#6096=CARTESIAN_POINT('',(-0.0193809004057968,0.0837387980463894,-0.0022561326856978));
#6097=CARTESIAN_POINT('',(-0.0191796356954209,0.0836858885255831,-0.00127073536998665));
#6098=CARTESIAN_POINT('',(-0.0189783709850449,0.0836329790047769,-0.000285338054275497));
#6099=CARTESIAN_POINT('',(-0.0190914613875079,0.0835800694839706,0.000714024699845464));
#6100=CARTESIAN_POINT('',(-0.0192045517899708,0.0835271599631644,0.00171338745396642));
#6101=CARTESIAN_POINT('',(-0.0196209272287323,0.0834742504423581,0.00262889105715409));
#6102=CARTESIAN_POINT('',(-0.0200373026674938,0.0834213409215518,0.00354439466034176));
#6103=CARTESIAN_POINT('',(-0.0207162054135497,0.0833684314007456,0.00428642324122745));
#6104=CARTESIAN_POINT('',(-0.0213951081596056,0.0833155218799393,0.00502845182211313));
#6105=CARTESIAN_POINT('',(-0.0222700824819783,0.0832626123591331,0.00552437045318262));
#6106=CARTESIAN_POINT('',(-0.0231450568043511,0.0832097028383268,0.00602028908425211));
#6107=CARTESIAN_POINT('',(-0.0241304541200622,0.0831567933175206,0.00622155379462805));
#6108=CARTESIAN_POINT('',(-0.0251158514357733,0.0831038837967143,0.00642281850500397));
#6109=CARTESIAN_POINT('',(-0.0261152141898943,0.0830509742759079,0.00630972810254106));
#6110=CARTESIAN_POINT('',(-0.0271145769440153,0.0829980647551017,0.00619663770007814));
#6111=CARTESIAN_POINT('',(-0.0280300805472029,0.0829451552342955,0.00578026226131662));
#6112=CARTESIAN_POINT('',(-0.0289455841503906,0.0828922457134891,0.0053638868225551));
#6113=CARTESIAN_POINT('',(-0.0296876127312763,0.0828393361926829,0.00468498407649921));
#6114=CARTESIAN_POINT('',(-0.030429641312162,0.0827864266718767,0.00400608133044332));
#6115=CARTESIAN_POINT('',(-0.0309255599432315,0.0827335171510704,0.00313110700807059));
#6116=CARTESIAN_POINT('',(-0.031421478574301,0.0826806076302641,0.00225613268569786));
#6117=CARTESIAN_POINT('',(-0.0316227432846769,0.0826276981094579,0.00127073536998671));
#6118=CARTESIAN_POINT('',(-0.0318240079950529,0.0825747885886515,0.000285338054275555));
#6119=CARTESIAN_POINT('',(-0.0317109175925899,0.0825218790678452,-0.000714024699845404));
#6120=CARTESIAN_POINT('',(-0.031597827190127,0.082468969547039,-0.00171338745396636));
#6121=CARTESIAN_POINT('',(-0.0311814517513655,0.0824160600262328,-0.00262889105715403));
#6122=CARTESIAN_POINT('',(-0.0307650763126039,0.0823631505054265,-0.0035443946603417));
#6123=CARTESIAN_POINT('',(-0.0300861735665481,0.0823102409846203,-0.00428642324122738));
#6124=CARTESIAN_POINT('',(-0.0294072708204922,0.082257331463814,-0.00502845182211308));
#6125=CARTESIAN_POINT('',(-0.0285322964981194,0.0822044219430077,-0.00552437045318256));
#6126=CARTESIAN_POINT('',(-0.0276573221757468,0.0821515124222014,-0.00602028908425205));
#6127=CARTESIAN_POINT('',(-0.0266719248600356,0.0820986029013951,-0.00622155379462799));
#6128=CARTESIAN_POINT('',(-0.0256865275443244,0.0820456933805888,-0.00642281850500391));
#6129=CARTESIAN_POINT('',(-0.0246871647902035,0.0819927838597826,-0.006309728102541));
#6130=CARTESIAN_POINT('',(-0.0236878020360825,0.0819398743389764,-0.00619663770007808));
#6131=CARTESIAN_POINT('',(-0.0227722984328948,0.0818869648181701,-0.00578026226131657));
#6132=CARTESIAN_POINT('',(-0.0222991292284292,0.0818596190428161,-0.00556506263301161));
#6133=CARTESIAN_POINT('',(-0.0218672569373974,0.0818319329440338,-0.00527577678766788));
#6134=CARTESIAN_POINT('',(-0.0317423175841616,0.0868091293584954,0.000335551030455052));
#6135=CARTESIAN_POINT('',(-0.0317701565076597,0.0867810698754189,-0.00019053938167591));
#6136=CARTESIAN_POINT('',(-0.0317109175925899,0.086753354856804,-0.000714024699845402));
#6137=CARTESIAN_POINT('',(-0.031597827190127,0.0867004453359978,-0.00171338745396636));
#6138=CARTESIAN_POINT('',(-0.0311814517513655,0.0866475358151916,-0.00262889105715403));
#6139=CARTESIAN_POINT('',(-0.0307650763126039,0.0865946262943853,-0.0035443946603417));
#6140=CARTESIAN_POINT('',(-0.0300861735665481,0.0865417167735791,-0.00428642324122738));
#6141=CARTESIAN_POINT('',(-0.0294072708204922,0.0864888072527728,-0.00502845182211307));
#6142=CARTESIAN_POINT('',(-0.0285322964981194,0.0864358977319664,-0.00552437045318256));
#6143=CARTESIAN_POINT('',(-0.0276573221757468,0.0863829882111602,-0.00602028908425205));
#6144=CARTESIAN_POINT('',(-0.0266719248600356,0.0863300786903539,-0.00622155379462799));
#6145=CARTESIAN_POINT('',(-0.0256865275443244,0.0862771691695477,-0.00642281850500391));
#6146=CARTESIAN_POINT('',(-0.0246871647902035,0.0862242596487414,-0.006309728102541));
#6147=CARTESIAN_POINT('',(-0.0236878020360825,0.0861713501279352,-0.00619663770007808));
#6148=CARTESIAN_POINT('',(-0.0227722984328948,0.0861184406071289,-0.00578026226131656));
#6149=CARTESIAN_POINT('',(-0.0218567948297072,0.0860655310863226,-0.00536388682255504));
#6150=CARTESIAN_POINT('',(-0.0211147662488215,0.0860126215655164,-0.00468498407649915));
#6151=CARTESIAN_POINT('',(-0.0203727376679358,0.0859597120447101,-0.00400608133044326));
#6152=CARTESIAN_POINT('',(-0.0198768190368663,0.0859068025239038,-0.00313110700807053));
#6153=CARTESIAN_POINT('',(-0.0193809004057968,0.0858538930030975,-0.0022561326856978));
#6154=CARTESIAN_POINT('',(-0.0191796356954209,0.0858009834822913,-0.00127073536998665));
#6155=CARTESIAN_POINT('',(-0.0189783709850449,0.0857480739614851,-0.000285338054275496));
#6156=CARTESIAN_POINT('',(-0.0190914613875079,0.0856951644406787,0.000714024699845464));
#6157=CARTESIAN_POINT('',(-0.0192045517899708,0.0856422549198725,0.00171338745396642));
#6158=CARTESIAN_POINT('',(-0.0196209272287323,0.0855893453990662,0.00262889105715409));
#6159=CARTESIAN_POINT('',(-0.0200373026674938,0.0855364358782599,0.00354439466034176));
#6160=CARTESIAN_POINT('',(-0.0207162054135497,0.0854835263574536,0.00428642324122745));
#6161=CARTESIAN_POINT('',(-0.0213951081596056,0.0854306168366474,0.00502845182211313));
#6162=CARTESIAN_POINT('',(-0.0222700824819783,0.0853777073158411,0.00552437045318262));
#6163=CARTESIAN_POINT('',(-0.0231450568043511,0.0853247977950349,0.00602028908425211));
#6164=CARTESIAN_POINT('',(-0.0241304541200622,0.0852718882742287,0.00622155379462805));
#6165=CARTESIAN_POINT('',(-0.0251158514357733,0.0852189787534223,0.00642281850500397));
#6166=CARTESIAN_POINT('',(-0.0261152141898943,0.0851660692326161,0.00630972810254106));
#6167=CARTESIAN_POINT('',(-0.0271145769440153,0.0851131597118098,0.00619663770007814));
#6168=CARTESIAN_POINT('',(-0.0280300805472029,0.0850602501910035,0.00578026226131662));
#6169=CARTESIAN_POINT('',(-0.0289455841503906,0.0850073406701973,0.0053638868225551));
#6170=CARTESIAN_POINT('',(-0.0296876127312763,0.084954431149391,0.00468498407649921));
#6171=CARTESIAN_POINT('',(-0.030429641312162,0.0849015216285848,0.00400608133044332));
#6172=CARTESIAN_POINT('',(-0.0309255599432315,0.0848486121077784,0.00313110700807059));
#6173=CARTESIAN_POINT('',(-0.031421478574301,0.0847957025869722,0.00225613268569786));
#6174=CARTESIAN_POINT('',(-0.0316227432846769,0.0847427930661659,0.00127073536998671));
#6175=CARTESIAN_POINT('',(-0.0318240079950529,0.0846898835453596,0.000285338054275557));
#6176=CARTESIAN_POINT('',(-0.0317109175925899,0.0846369740245533,-0.000714024699845403));
#6177=CARTESIAN_POINT('',(-0.031597827190127,0.0845840645037472,-0.00171338745396636));
#6178=CARTESIAN_POINT('',(-0.0311814517513655,0.0845311549829409,-0.00262889105715403));
#6179=CARTESIAN_POINT('',(-0.0307650763126039,0.0844782454621346,-0.0035443946603417));
#6180=CARTESIAN_POINT('',(-0.0300861735665481,0.0844253359413284,-0.00428642324122738));
#6181=CARTESIAN_POINT('',(-0.0294072708204922,0.084372426420522,-0.00502845182211307));
#6182=CARTESIAN_POINT('',(-0.0285322964981194,0.0843195168997157,-0.00552437045318256));
#6183=CARTESIAN_POINT('',(-0.0276573221757468,0.0842666073789095,-0.00602028908425205));
#6184=CARTESIAN_POINT('',(-0.0266719248600356,0.0842136978581032,-0.00622155379462799));
#6185=CARTESIAN_POINT('',(-0.0256865275443244,0.084160788337297,-0.00642281850500391));
#6186=CARTESIAN_POINT('',(-0.0246871647902035,0.0841078788164907,-0.006309728102541));
#6187=CARTESIAN_POINT('',(-0.0236878020360825,0.0840549692956845,-0.00619663770007808));
#6188=CARTESIAN_POINT('',(-0.0227722984328948,0.0840020597748782,-0.00578026226131656));
#6189=CARTESIAN_POINT('',(-0.0218567948297072,0.0839491502540719,-0.00536388682255504));
#6190=CARTESIAN_POINT('',(-0.0211147662488215,0.0838962407332657,-0.00468498407649915));
#6191=CARTESIAN_POINT('',(-0.0203727376679358,0.0838433312124594,-0.00400608133044326));
#6192=CARTESIAN_POINT('',(-0.0198768190368663,0.0837904216916531,-0.00313110700807053));
#6193=CARTESIAN_POINT('',(-0.0193809004057968,0.0837375121708469,-0.0022561326856978));
#6194=CARTESIAN_POINT('',(-0.0191796356954209,0.0836846026500405,-0.00127073536998665));
#6195=CARTESIAN_POINT('',(-0.0189783709850449,0.0836316931292343,-0.000285338054275497));
#6196=CARTESIAN_POINT('',(-0.0190914613875079,0.083578783608428,0.000714024699845462));
#6197=CARTESIAN_POINT('',(-0.0192045517899708,0.0835258740876218,0.00171338745396642));
#6198=CARTESIAN_POINT('',(-0.0196209272287323,0.0834729645668155,0.00262889105715409));
#6199=CARTESIAN_POINT('',(-0.0200373026674938,0.0834200550460093,0.00354439466034176));
#6200=CARTESIAN_POINT('',(-0.0207162054135497,0.083367145525203,0.00428642324122745));
#6201=CARTESIAN_POINT('',(-0.0213951081596056,0.0833142360043967,0.00502845182211313));
#6202=CARTESIAN_POINT('',(-0.0222700824819783,0.0832613264835904,0.00552437045318262));
#6203=CARTESIAN_POINT('',(-0.0231450568043511,0.0832084169627842,0.00602028908425211));
#6204=CARTESIAN_POINT('',(-0.0241304541200622,0.0831555074419779,0.00622155379462805));
#6205=CARTESIAN_POINT('',(-0.0251158514357733,0.0831025979211716,0.00642281850500397));
#6206=CARTESIAN_POINT('',(-0.0261152141898943,0.0830496884003653,0.00630972810254106));
#6207=CARTESIAN_POINT('',(-0.0271145769440153,0.0829967788795591,0.00619663770007814));
#6208=CARTESIAN_POINT('',(-0.0280300805472029,0.0829438693587529,0.00578026226131662));
#6209=CARTESIAN_POINT('',(-0.0289455841503906,0.0828909598379466,0.0053638868225551));
#6210=CARTESIAN_POINT('',(-0.0296876127312763,0.0828380503171404,0.00468498407649921));
#6211=CARTESIAN_POINT('',(-0.030429641312162,0.082785140796334,0.00400608133044332));
#6212=CARTESIAN_POINT('',(-0.0309255599432315,0.0827322312755277,0.00313110700807059));
#6213=CARTESIAN_POINT('',(-0.031421478574301,0.0826793217547215,0.00225613268569786));
#6214=CARTESIAN_POINT('',(-0.0316227432846769,0.0826264122339152,0.00127073536998671));
#6215=CARTESIAN_POINT('',(-0.0318240079950529,0.082573502713109,0.000285338054275556));
#6216=CARTESIAN_POINT('',(-0.0317109175925899,0.0825205931923027,-0.000714024699845404));
#6217=CARTESIAN_POINT('',(-0.031597827190127,0.0824676836714965,-0.00171338745396636));
#6218=CARTESIAN_POINT('',(-0.0311814517513655,0.0824147741506901,-0.00262889105715403));
#6219=CARTESIAN_POINT('',(-0.0307650763126039,0.0823618646298839,-0.0035443946603417));
#6220=CARTESIAN_POINT('',(-0.0300861735665481,0.0823089551090777,-0.00428642324122738));
#6221=CARTESIAN_POINT('',(-0.0294072708204922,0.0822560455882713,-0.00502845182211308));
#6222=CARTESIAN_POINT('',(-0.0285322964981194,0.082203136067465,-0.00552437045318256));
#6223=CARTESIAN_POINT('',(-0.0276573221757468,0.0821502265466588,-0.00602028908425205));
#6224=CARTESIAN_POINT('',(-0.0266719248600356,0.0820973170258525,-0.00622155379462799));
#6225=CARTESIAN_POINT('',(-0.0256865275443244,0.0820444075050463,-0.00642281850500391));
#6226=CARTESIAN_POINT('',(-0.0246871647902035,0.08199149798424,-0.006309728102541));
#6227=CARTESIAN_POINT('',(-0.0236878020360825,0.0819385884634337,-0.00619663770007808));
#6228=CARTESIAN_POINT('',(-0.0227722984328948,0.0818856789426274,-0.00578026226131657));
#6229=CARTESIAN_POINT('',(-0.0222991292284292,0.0818583331672735,-0.00556506263301161));
#6230=CARTESIAN_POINT('',(-0.0218672569373974,0.0818306470684912,-0.00527577678766788));
#6231=CARTESIAN_POINT('',(-0.0317423175841616,0.0867626441322148,0.000335551030455058));
#6232=CARTESIAN_POINT('',(-0.0317701565076596,0.0867345846491384,-0.000190539381675904));
#6233=CARTESIAN_POINT('',(-0.0317109175925899,0.0867068696305235,-0.000714024699845397));
#6234=CARTESIAN_POINT('',(-0.031597827190127,0.0866539601097172,-0.00171338745396636));
#6235=CARTESIAN_POINT('',(-0.0311814517513655,0.0866010505889109,-0.00262889105715403));
#6236=CARTESIAN_POINT('',(-0.030765076312604,0.0865481410681047,-0.00354439466034169));
#6237=CARTESIAN_POINT('',(-0.0300861735665481,0.0864952315472984,-0.00428642324122738));
#6238=CARTESIAN_POINT('',(-0.0294072708204922,0.0864423220264921,-0.00502845182211307));
#6239=CARTESIAN_POINT('',(-0.0285322964981195,0.0863894125056859,-0.00552437045318256));
#6240=CARTESIAN_POINT('',(-0.0276573221757467,0.0863365029848796,-0.00602028908425205));
#6241=CARTESIAN_POINT('',(-0.0266719248600356,0.0862835934640733,-0.00622155379462799));
#6242=CARTESIAN_POINT('',(-0.0256865275443244,0.086230683943267,-0.00642281850500392));
#6243=CARTESIAN_POINT('',(-0.0246871647902035,0.0861777744224608,-0.00630972810254101));
#6244=CARTESIAN_POINT('',(-0.0236878020360825,0.0861248649016545,-0.00619663770007809));
#6245=CARTESIAN_POINT('',(-0.0227722984328948,0.0860719553808482,-0.00578026226131657));
#6246=CARTESIAN_POINT('',(-0.0218567948297071,0.0860190458600419,-0.00536388682255505));
#6247=CARTESIAN_POINT('',(-0.0211147662488215,0.0859661363392358,-0.00468498407649916));
#6248=CARTESIAN_POINT('',(-0.0203727376679358,0.0859132268184295,-0.00400608133044327));
#6249=CARTESIAN_POINT('',(-0.0198768190368663,0.0858603172976232,-0.00313110700807054));
#6250=CARTESIAN_POINT('',(-0.0193809004057968,0.0858074077768169,-0.00225613268569781));
#6251=CARTESIAN_POINT('',(-0.0191796356954209,0.0857544982560107,-0.00127073536998666));
#6252=CARTESIAN_POINT('',(-0.0189783709850449,0.0857015887352044,-0.000285338054275503));
#6253=CARTESIAN_POINT('',(-0.0190914613875079,0.0856486792143981,0.000714024699845458));
#6254=CARTESIAN_POINT('',(-0.0192045517899707,0.0855957696935918,0.00171338745396642));
#6255=CARTESIAN_POINT('',(-0.0196209272287323,0.0855428601727856,0.00262889105715409));
#6256=CARTESIAN_POINT('',(-0.0200373026674938,0.0854899506519793,0.00354439466034175));
#6257=CARTESIAN_POINT('',(-0.0207162054135497,0.085437041131173,0.00428642324122744));
#6258=CARTESIAN_POINT('',(-0.0213951081596056,0.0853841316103668,0.00502845182211313));
#6259=CARTESIAN_POINT('',(-0.0222700824819783,0.0853312220895606,0.00552437045318262));
#6260=CARTESIAN_POINT('',(-0.0231450568043511,0.0852783125687542,0.00602028908425211));
#6261=CARTESIAN_POINT('',(-0.0241304541200622,0.085225403047948,0.00622155379462805));
#6262=CARTESIAN_POINT('',(-0.0251158514357734,0.0851724935271417,0.00642281850500397));
#6263=CARTESIAN_POINT('',(-0.0261152141898943,0.0851195840063354,0.00630972810254107));
#6264=CARTESIAN_POINT('',(-0.0271145769440153,0.0850666744855292,0.00619663770007816));
#6265=CARTESIAN_POINT('',(-0.028030080547203,0.0850137649647229,0.00578026226131664));
#6266=CARTESIAN_POINT('',(-0.0289455841503906,0.0849608554439167,0.00536388682255511));
#6267=CARTESIAN_POINT('',(-0.0296876127312763,0.0849079459231104,0.00468498407649922));
#6268=CARTESIAN_POINT('',(-0.030429641312162,0.0848550364023041,0.00400608133044332));
#6269=CARTESIAN_POINT('',(-0.0309255599432315,0.0848021268814979,0.0031311070080706));
#6270=CARTESIAN_POINT('',(-0.031421478574301,0.0847492173606916,0.00225613268569787));
#6271=CARTESIAN_POINT('',(-0.0316227432846769,0.0846963078398853,0.00127073536998672));
#6272=CARTESIAN_POINT('',(-0.0318240079950528,0.084643398319079,0.000285338054275563));
#6273=CARTESIAN_POINT('',(-0.0317109175925899,0.0845904887982728,-0.000714024699845398));
#6274=CARTESIAN_POINT('',(-0.031597827190127,0.0845375792774665,-0.00171338745396636));
#6275=CARTESIAN_POINT('',(-0.0311814517513655,0.0844846697566602,-0.00262889105715403));
#6276=CARTESIAN_POINT('',(-0.030765076312604,0.0844317602358539,-0.00354439466034169));
#6277=CARTESIAN_POINT('',(-0.0300861735665481,0.0843788507150478,-0.00428642324122738));
#6278=CARTESIAN_POINT('',(-0.0294072708204922,0.0843259411942414,-0.00502845182211307));
#6279=CARTESIAN_POINT('',(-0.0285322964981195,0.0842730316734352,-0.00552437045318256));
#6280=CARTESIAN_POINT('',(-0.0276573221757467,0.0842201221526289,-0.00602028908425205));
#6281=CARTESIAN_POINT('',(-0.0266719248600356,0.0841672126318227,-0.00622155379462799));
#6282=CARTESIAN_POINT('',(-0.0256865275443244,0.0841143031110163,-0.00642281850500392));
#6283=CARTESIAN_POINT('',(-0.0246871647902035,0.0840613935902101,-0.00630972810254101));
#6284=CARTESIAN_POINT('',(-0.0236878020360825,0.0840084840694039,-0.00619663770007809));
#6285=CARTESIAN_POINT('',(-0.0227722984328948,0.0839555745485975,-0.00578026226131657));
#6286=CARTESIAN_POINT('',(-0.0218567948297071,0.0839026650277913,-0.00536388682255505));
#6287=CARTESIAN_POINT('',(-0.0211147662488215,0.083849755506985,-0.00468498407649916));
#6288=CARTESIAN_POINT('',(-0.0203727376679358,0.0837968459861788,-0.00400608133044327));
#6289=CARTESIAN_POINT('',(-0.0198768190368663,0.0837439364653725,-0.00313110700807054));
#6290=CARTESIAN_POINT('',(-0.0193809004057968,0.0836910269445662,-0.00225613268569781));
#6291=CARTESIAN_POINT('',(-0.0191796356954209,0.08363811742376,-0.00127073536998666));
#6292=CARTESIAN_POINT('',(-0.0189783709850449,0.0835852079029537,-0.000285338054275504));
#6293=CARTESIAN_POINT('',(-0.0190914613875079,0.0835322983821474,0.000714024699845458));
#6294=CARTESIAN_POINT('',(-0.0192045517899707,0.0834793888613411,0.00171338745396642));
#6295=CARTESIAN_POINT('',(-0.0196209272287323,0.0834264793405349,0.00262889105715409));
#6296=CARTESIAN_POINT('',(-0.0200373026674938,0.0833735698197286,0.00354439466034175));
#6297=CARTESIAN_POINT('',(-0.0207162054135497,0.0833206602989223,0.00428642324122744));
#6298=CARTESIAN_POINT('',(-0.0213951081596056,0.083267750778116,0.00502845182211313));
#6299=CARTESIAN_POINT('',(-0.0222700824819783,0.0832148412573099,0.00552437045318262));
#6300=CARTESIAN_POINT('',(-0.0231450568043511,0.0831619317365035,0.00602028908425211));
#6301=CARTESIAN_POINT('',(-0.0241304541200622,0.0831090222156973,0.00622155379462805));
#6302=CARTESIAN_POINT('',(-0.0251158514357734,0.083056112694891,0.00642281850500397));
#6303=CARTESIAN_POINT('',(-0.0261152141898943,0.0830032031740848,0.00630972810254107));
#6304=CARTESIAN_POINT('',(-0.0271145769440153,0.0829502936532785,0.00619663770007816));
#6305=CARTESIAN_POINT('',(-0.028030080547203,0.0828973841324722,0.00578026226131663));
#6306=CARTESIAN_POINT('',(-0.0289455841503906,0.082844474611666,0.00536388682255511));
#6307=CARTESIAN_POINT('',(-0.0296876127312763,0.0827915650908597,0.00468498407649922));
#6308=CARTESIAN_POINT('',(-0.030429641312162,0.0827386555700534,0.00400608133044332));
#6309=CARTESIAN_POINT('',(-0.0309255599432315,0.0826857460492471,0.0031311070080706));
#6310=CARTESIAN_POINT('',(-0.031421478574301,0.0826328365284409,0.00225613268569787));
#6311=CARTESIAN_POINT('',(-0.0316227432846769,0.0825799270076346,0.00127073536998672));
#6312=CARTESIAN_POINT('',(-0.0318240079950528,0.0825270174868283,0.000285338054275562));
#6313=CARTESIAN_POINT('',(-0.0317109175925899,0.0824741079660221,-0.000714024699845398));
#6314=CARTESIAN_POINT('',(-0.031597827190127,0.0824211984452158,-0.00171338745396636));
#6315=CARTESIAN_POINT('',(-0.0311814517513655,0.0823682889244095,-0.00262889105715403));
#6316=CARTESIAN_POINT('',(-0.030765076312604,0.0823153794036032,-0.00354439466034169));
#6317=CARTESIAN_POINT('',(-0.0300861735665481,0.082262469882797,-0.00428642324122738));
#6318=CARTESIAN_POINT('',(-0.0294072708204922,0.0822095603619907,-0.00502845182211307));
#6319=CARTESIAN_POINT('',(-0.0285322964981195,0.0821566508411845,-0.00552437045318256));
#6320=CARTESIAN_POINT('',(-0.0276573221757467,0.0821037413203782,-0.00602028908425205));
#6321=CARTESIAN_POINT('',(-0.0266719248600356,0.082050831799572,-0.00622155379462799));
#6322=CARTESIAN_POINT('',(-0.0256865275443244,0.0819979222787657,-0.00642281850500392));
#6323=CARTESIAN_POINT('',(-0.0246871647902035,0.0819450127579594,-0.00630972810254101));
#6324=CARTESIAN_POINT('',(-0.0236878020360825,0.0818921032371532,-0.00619663770007809));
#6325=CARTESIAN_POINT('',(-0.0227722984328948,0.0818391937163469,-0.00578026226131657));
#6326=CARTESIAN_POINT('',(-0.0222991292284292,0.0818118479409929,-0.00556506263301162));
#6327=CARTESIAN_POINT('',(-0.0218672569373974,0.0817841618422106,-0.00527577678766789));
#6328=CARTESIAN_POINT('',(-0.0317191074444507,0.0867223867453551,0.000334322828440918));
#6329=CARTESIAN_POINT('',(-0.0317468444704165,0.0866943272622786,-0.000189841959134769));
#6330=CARTESIAN_POINT('',(-0.0316878223848249,0.0866666122436638,-0.000711411188054679));
#6331=CARTESIAN_POINT('',(-0.0315751459219642,0.0866137027228575,-0.0017071160206196));
#6332=CARTESIAN_POINT('',(-0.0311602945230837,0.0865607932020512,-0.00261926864804703));
#6333=CARTESIAN_POINT('',(-0.0307454431242031,0.0865078836812449,-0.00353142127547447));
#6334=CARTESIAN_POINT('',(-0.0300690253346648,0.0864549741604388,-0.00427073384325078));
#6335=CARTESIAN_POINT('',(-0.0293926075451265,0.0864020646396324,-0.00501004641102707));
#6336=CARTESIAN_POINT('',(-0.0285208358510503,0.0863491551188262,-0.00550414985392475));
#6337=CARTESIAN_POINT('',(-0.027649064156974,0.0862962455980198,-0.00599825329682243));
#6338=CARTESIAN_POINT('',(-0.0266672736457666,0.0862433360772136,-0.00619878132722953));
#6339=CARTESIAN_POINT('',(-0.0256854831345591,0.0861904265564074,-0.00639930935763662));
#6340=CARTESIAN_POINT('',(-0.0246897783019942,0.0861375170356011,-0.00628663289477597));
#6341=CARTESIAN_POINT('',(-0.0236940734694293,0.0860846075147948,-0.00617395643191531));
#6342=CARTESIAN_POINT('',(-0.0227819208420018,0.0860316979939885,-0.00575910503303477));
#6343=CARTESIAN_POINT('',(-0.0218697682145744,0.0859787884731823,-0.00534425363415423));
#6344=CARTESIAN_POINT('',(-0.0211304556467981,0.0859258789523761,-0.0046678358446159));
#6345=CARTESIAN_POINT('',(-0.0203911430790218,0.0858729694315698,-0.00399141805507756));
#6346=CARTESIAN_POINT('',(-0.0198970396361241,0.0858200599107635,-0.00311964636100131));
#6347=CARTESIAN_POINT('',(-0.0194029361932265,0.0857671503899572,-0.00224787466692505));
#6348=CARTESIAN_POINT('',(-0.0192024081628194,0.085714240869151,-0.00126608415571762));
#6349=CARTESIAN_POINT('',(-0.0190018801324123,0.0856613313483447,-0.000284293644510176));
#6350=CARTESIAN_POINT('',(-0.0191145565952729,0.0856084218275384,0.00071141118805474));
#6351=CARTESIAN_POINT('',(-0.0192272330581335,0.0855555123067321,0.00170711602061965));
#6352=CARTESIAN_POINT('',(-0.0196420844570141,0.0855026027859259,0.00261926864804709));
#6353=CARTESIAN_POINT('',(-0.0200569358558946,0.0854496932651196,0.00353142127547453));
#6354=CARTESIAN_POINT('',(-0.020733353645433,0.0853967837443134,0.00427073384325083));
#6355=CARTESIAN_POINT('',(-0.0214097714349713,0.085343874223507,0.00501004641102713));
#6356=CARTESIAN_POINT('',(-0.0222815431290475,0.0852909647027009,0.00550414985392481));
#6357=CARTESIAN_POINT('',(-0.0231533148231238,0.0852380551818946,0.00599825329682248));
#6358=CARTESIAN_POINT('',(-0.0241351053343312,0.0851851456610883,0.00619878132722958));
#6359=CARTESIAN_POINT('',(-0.0251168958455387,0.085132236140282,0.00639930935763669));
#6360=CARTESIAN_POINT('',(-0.0261126006781036,0.0850793266194758,0.00628663289477603));
#6361=CARTESIAN_POINT('',(-0.0271083055106685,0.0850264170986695,0.00617395643191537));
#6362=CARTESIAN_POINT('',(-0.028020458138096,0.0849735075778632,0.00575910503303484));
#6363=CARTESIAN_POINT('',(-0.0289326107655234,0.0849205980570569,0.00534425363415429));
#6364=CARTESIAN_POINT('',(-0.0296719233332997,0.0848676885362508,0.00466783584461596));
#6365=CARTESIAN_POINT('',(-0.030411235901076,0.0848147790154444,0.00399141805507762));
#6366=CARTESIAN_POINT('',(-0.0309053393439737,0.0847618694946382,0.00311964636100137));
#6367=CARTESIAN_POINT('',(-0.0313994427868714,0.0847089599738318,0.00224787466692512));
#6368=CARTESIAN_POINT('',(-0.0315999708172785,0.0846560504530256,0.00126608415571768));
#6369=CARTESIAN_POINT('',(-0.0318004988476856,0.0846031409322193,0.000284293644510237));
#6370=CARTESIAN_POINT('',(-0.0316878223848249,0.0845502314114131,-0.00071141118805468));
#6371=CARTESIAN_POINT('',(-0.0315751459219642,0.0844973218906069,-0.0017071160206196));
#6372=CARTESIAN_POINT('',(-0.0311602945230837,0.0844444123698005,-0.00261926864804703));
#6373=CARTESIAN_POINT('',(-0.0307454431242031,0.0843915028489942,-0.00353142127547447));
#6374=CARTESIAN_POINT('',(-0.0300690253346648,0.084338593328188,-0.00427073384325078));
#6375=CARTESIAN_POINT('',(-0.0293926075451265,0.0842856838073818,-0.00501004641102708));
#6376=CARTESIAN_POINT('',(-0.0285208358510503,0.0842327742865755,-0.00550414985392475));
#6377=CARTESIAN_POINT('',(-0.027649064156974,0.0841798647657692,-0.00599825329682243));
#6378=CARTESIAN_POINT('',(-0.0266672736457666,0.084126955244963,-0.00619878132722953));
#6379=CARTESIAN_POINT('',(-0.0256854831345591,0.0840740457241567,-0.00639930935763662));
#6380=CARTESIAN_POINT('',(-0.0246897783019942,0.0840211362033504,-0.00628663289477597));
#6381=CARTESIAN_POINT('',(-0.0236940734694293,0.0839682266825441,-0.00617395643191531));
#6382=CARTESIAN_POINT('',(-0.0227819208420018,0.0839153171617379,-0.00575910503303477));
#6383=CARTESIAN_POINT('',(-0.0218697682145744,0.0838624076409316,-0.00534425363415423));
#6384=CARTESIAN_POINT('',(-0.0211304556467981,0.0838094981201254,-0.0046678358446159));
#6385=CARTESIAN_POINT('',(-0.0203911430790218,0.083756588599319,-0.00399141805507756));
#6386=CARTESIAN_POINT('',(-0.0198970396361241,0.0837036790785129,-0.00311964636100131));
#6387=CARTESIAN_POINT('',(-0.0194029361932265,0.0836507695577065,-0.00224787466692505));
#6388=CARTESIAN_POINT('',(-0.0192024081628194,0.0835978600369003,-0.00126608415571762));
#6389=CARTESIAN_POINT('',(-0.0190018801324123,0.083544950516094,-0.000284293644510176));
#6390=CARTESIAN_POINT('',(-0.0191145565952729,0.0834920409952877,0.00071141118805474));
#6391=CARTESIAN_POINT('',(-0.0192272330581335,0.0834391314744815,0.00170711602061965));
#6392=CARTESIAN_POINT('',(-0.0196420844570141,0.0833862219536752,0.00261926864804709));
#6393=CARTESIAN_POINT('',(-0.0200569358558946,0.083333312432869,0.00353142127547453));
#6394=CARTESIAN_POINT('',(-0.020733353645433,0.0832804029120626,0.00427073384325083));
#6395=CARTESIAN_POINT('',(-0.0214097714349713,0.0832274933912564,0.00501004641102713));
#6396=CARTESIAN_POINT('',(-0.0222815431290475,0.0831745838704502,0.00550414985392481));
#6397=CARTESIAN_POINT('',(-0.0231533148231238,0.0831216743496439,0.00599825329682248));
#6398=CARTESIAN_POINT('',(-0.0241351053343312,0.0830687648288376,0.00619878132722958));
#6399=CARTESIAN_POINT('',(-0.0251168958455387,0.0830158553080313,0.00639930935763669));
#6400=CARTESIAN_POINT('',(-0.0261126006781036,0.0829629457872251,0.00628663289477603));
#6401=CARTESIAN_POINT('',(-0.0271083055106685,0.0829100362664188,0.00617395643191537));
#6402=CARTESIAN_POINT('',(-0.028020458138096,0.0828571267456125,0.00575910503303483));
#6403=CARTESIAN_POINT('',(-0.0289326107655234,0.0828042172248062,0.00534425363415429));
#6404=CARTESIAN_POINT('',(-0.0296719233332997,0.082751307704,0.00466783584461596));
#6405=CARTESIAN_POINT('',(-0.030411235901076,0.0826983981831937,0.00399141805507762));
#6406=CARTESIAN_POINT('',(-0.0309053393439737,0.0826454886623875,0.00311964636100137));
#6407=CARTESIAN_POINT('',(-0.0313994427868714,0.0825925791415811,0.00224787466692511));
#6408=CARTESIAN_POINT('',(-0.0315999708172785,0.082539669620775,0.00126608415571768));
#6409=CARTESIAN_POINT('',(-0.0318004988476856,0.0824867600999687,0.000284293644510236));
#6410=CARTESIAN_POINT('',(-0.0316878223848249,0.0824338505791624,-0.000711411188054681));
#6411=CARTESIAN_POINT('',(-0.0315751459219642,0.0823809410583562,-0.0017071160206196));
#6412=CARTESIAN_POINT('',(-0.0311602945230837,0.0823280315375498,-0.00261926864804703));
#6413=CARTESIAN_POINT('',(-0.0307454431242031,0.0822751220167436,-0.00353142127547447));
#6414=CARTESIAN_POINT('',(-0.0300690253346648,0.0822222124959373,-0.00427073384325078));
#6415=CARTESIAN_POINT('',(-0.0293926075451265,0.0821693029751311,-0.00501004641102708));
#6416=CARTESIAN_POINT('',(-0.0285208358510503,0.0821163934543248,-0.00550414985392475));
#6417=CARTESIAN_POINT('',(-0.027649064156974,0.0820634839335185,-0.00599825329682243));
#6418=CARTESIAN_POINT('',(-0.0266672736457666,0.0820105744127123,-0.00619878132722953));
#6419=CARTESIAN_POINT('',(-0.0256854831345591,0.081957664891906,-0.00639930935763662));
#6420=CARTESIAN_POINT('',(-0.0246897783019942,0.0819047553710997,-0.00628663289477597));
#6421=CARTESIAN_POINT('',(-0.0236940734694293,0.0818518458502934,-0.00617395643191531));
#6422=CARTESIAN_POINT('',(-0.0227819208420018,0.0817989363294872,-0.00575910503303477));
#6423=CARTESIAN_POINT('',(-0.0223104835570274,0.0817715905541332,-0.00554469309003826));
#6424=CARTESIAN_POINT('',(-0.0218801920282927,0.0817439044553509,-0.00525646610437804));
#6425=CARTESIAN_POINT('',(-0.0316789063032205,0.0866991441322148,0.000332195520150476));
#6426=CARTESIAN_POINT('',(-0.0317064668374835,0.0866710846491383,-0.000188633987859174));
#6427=CARTESIAN_POINT('',(-0.0316478203115645,0.0866433696305235,-0.000706884452846971));
#6428=CARTESIAN_POINT('',(-0.0315358608131262,0.0865904601097172,-0.00169625357942672));
#6429=CARTESIAN_POINT('',(-0.0311236491287523,0.0865375505889109,-0.0026026021465825));
#6430=CARTESIAN_POINT('',(-0.0307114374443784,0.0864846410681047,-0.00350895071373829));
#6431=CARTESIAN_POINT('',(-0.0300393237257831,0.0864317315472984,-0.00424355900881512));
#6432=CARTESIAN_POINT('',(-0.0293672100071877,0.0863788220264921,-0.00497816730389195));
#6433=CARTESIAN_POINT('',(-0.0285009854280387,0.0863259125056859,-0.00546912674865073));
#6434=CARTESIAN_POINT('',(-0.0276347608488897,0.0862730029848796,-0.00596008619340952));
#6435=CARTESIAN_POINT('',(-0.0266592175063357,0.0862200934640733,-0.00615933825668169));
#6436=CARTESIAN_POINT('',(-0.0256836741637816,0.086167183943267,-0.00635859031995386));
#6437=CARTESIAN_POINT('',(-0.0246943050372019,0.0861142744224608,-0.00624663082151557));
#6438=CARTESIAN_POINT('',(-0.0237049359106221,0.0860613649016546,-0.00613467132307729));
#6439=CARTESIAN_POINT('',(-0.0227985873434664,0.0860084553808482,-0.00572245963870336));
#6440=CARTESIAN_POINT('',(-0.0218922387763106,0.085955545860042,-0.00531024795432946));
#6441=CARTESIAN_POINT('',(-0.0211576304812337,0.0859026363392357,-0.00463813423573413));
#6442=CARTESIAN_POINT('',(-0.0204230221861569,0.0858497268184294,-0.00396602051713879));
#6443=CARTESIAN_POINT('',(-0.0199320627413981,0.0857968172976232,-0.0030997959379898));
#6444=CARTESIAN_POINT('',(-0.0194411032966393,0.0857439077768169,-0.00223357135884079));
#6445=CARTESIAN_POINT('',(-0.0192418512333672,0.0856909982560106,-0.00125802801628675));
#6446=CARTESIAN_POINT('',(-0.019042599170095,0.0856380887352044,-0.000282484673732716));
#6447=CARTESIAN_POINT('',(-0.0191545586685333,0.0855851792143981,0.000706884452847031));
#6448=CARTESIAN_POINT('',(-0.0192665181669716,0.0855322696935919,0.00169625357942678));
#6449=CARTESIAN_POINT('',(-0.0196787298513455,0.0854793601727856,0.00260260214658256));
#6450=CARTESIAN_POINT('',(-0.0200909415357194,0.0854264506519793,0.00350895071373835));
#6451=CARTESIAN_POINT('',(-0.0207630552543147,0.085373541131173,0.00424355900881518));
#6452=CARTESIAN_POINT('',(-0.0214351689729101,0.0853206316103668,0.004978167303892));
#6453=CARTESIAN_POINT('',(-0.0223013935520591,0.0852677220895605,0.00546912674865079));
#6454=CARTESIAN_POINT('',(-0.0231676181312081,0.0852148125687543,0.00596008619340958));
#6455=CARTESIAN_POINT('',(-0.0241431614737621,0.085161903047948,0.00615933825668176));
#6456=CARTESIAN_POINT('',(-0.0251187048163162,0.0851089935271417,0.00635859031995391));
#6457=CARTESIAN_POINT('',(-0.0261080739428959,0.0850560840063354,0.00624663082151564));
#6458=CARTESIAN_POINT('',(-0.0270974430694757,0.0850031744855292,0.00613467132307735));
#6459=CARTESIAN_POINT('',(-0.0280037916366314,0.0849502649647229,0.00572245963870344));
#6460=CARTESIAN_POINT('',(-0.0289101402037872,0.0848973554439167,0.00531024795432952));
#6461=CARTESIAN_POINT('',(-0.029644748498864,0.0848444459231104,0.00463813423573419));
#6462=CARTESIAN_POINT('',(-0.0303793567939409,0.0847915364023041,0.00396602051713886));
#6463=CARTESIAN_POINT('',(-0.0308703162386996,0.0847386268814978,0.00309979593798986));
#6464=CARTESIAN_POINT('',(-0.0313612756834585,0.0846857173606916,0.00223357135884085));
#6465=CARTESIAN_POINT('',(-0.0315605277467306,0.0846328078398853,0.00125802801628681));
#6466=CARTESIAN_POINT('',(-0.0317597798100028,0.084579898319079,0.000282484673732776));
#6467=CARTESIAN_POINT('',(-0.0316478203115645,0.0845269887982728,-0.000706884452846971));
#6468=CARTESIAN_POINT('',(-0.0315358608131262,0.0844740792774665,-0.00169625357942672));
#6469=CARTESIAN_POINT('',(-0.0311236491287523,0.0844211697566602,-0.0026026021465825));
#6470=CARTESIAN_POINT('',(-0.0307114374443784,0.084368260235854,-0.00350895071373829));
#6471=CARTESIAN_POINT('',(-0.0300393237257831,0.0843153507150477,-0.00424355900881512));
#6472=CARTESIAN_POINT('',(-0.0293672100071877,0.0842624411942414,-0.00497816730389195));
#6473=CARTESIAN_POINT('',(-0.0285009854280387,0.0842095316734352,-0.00546912674865073));
#6474=CARTESIAN_POINT('',(-0.0276347608488897,0.084156622152629,-0.00596008619340952));
#6475=CARTESIAN_POINT('',(-0.0266592175063357,0.0841037126318226,-0.00615933825668169));
#6476=CARTESIAN_POINT('',(-0.0256836741637816,0.0840508031110164,-0.00635859031995386));
#6477=CARTESIAN_POINT('',(-0.0246943050372019,0.0839978935902101,-0.00624663082151557));
#6478=CARTESIAN_POINT('',(-0.0237049359106221,0.0839449840694038,-0.00613467132307729));
#6479=CARTESIAN_POINT('',(-0.0227985873434664,0.0838920745485976,-0.00572245963870337));
#6480=CARTESIAN_POINT('',(-0.0218922387763106,0.0838391650277913,-0.00531024795432946));
#6481=CARTESIAN_POINT('',(-0.0211576304812337,0.083786255506985,-0.00463813423573413));
#6482=CARTESIAN_POINT('',(-0.0204230221861569,0.0837333459861788,-0.0039660205171388));
#6483=CARTESIAN_POINT('',(-0.0199320627413981,0.0836804364653725,-0.0030997959379898));
#6484=CARTESIAN_POINT('',(-0.0194411032966393,0.0836275269445662,-0.0022335713588408));
#6485=CARTESIAN_POINT('',(-0.0192418512333672,0.0835746174237599,-0.00125802801628675));
#6486=CARTESIAN_POINT('',(-0.019042599170095,0.0835217079029537,-0.000282484673732716));
#6487=CARTESIAN_POINT('',(-0.0191545586685333,0.0834687983821474,0.000706884452847031));
#6488=CARTESIAN_POINT('',(-0.0192665181669716,0.0834158888613411,0.00169625357942678));
#6489=CARTESIAN_POINT('',(-0.0196787298513455,0.0833629793405349,0.00260260214658256));
#6490=CARTESIAN_POINT('',(-0.0200909415357194,0.0833100698197287,0.00350895071373835));
#6491=CARTESIAN_POINT('',(-0.0207630552543147,0.0832571602989223,0.00424355900881518));
#6492=CARTESIAN_POINT('',(-0.0214351689729101,0.0832042507781161,0.004978167303892));
#6493=CARTESIAN_POINT('',(-0.0223013935520591,0.0831513412573098,0.00546912674865079));
#6494=CARTESIAN_POINT('',(-0.0231676181312081,0.0830984317365035,0.00596008619340958));
#6495=CARTESIAN_POINT('',(-0.0241431614737621,0.0830455222156973,0.00615933825668176));
#6496=CARTESIAN_POINT('',(-0.0251187048163162,0.082992612694891,0.00635859031995391));
#6497=CARTESIAN_POINT('',(-0.0261080739428959,0.0829397031740847,0.00624663082151564));
#6498=CARTESIAN_POINT('',(-0.0270974430694757,0.0828867936532785,0.00613467132307735));
#6499=CARTESIAN_POINT('',(-0.0280037916366314,0.0828338841324722,0.00572245963870343));
#6500=CARTESIAN_POINT('',(-0.0289101402037872,0.082780974611666,0.00531024795432952));
#6501=CARTESIAN_POINT('',(-0.029644748498864,0.0827280650908597,0.00463813423573419));
#6502=CARTESIAN_POINT('',(-0.0303793567939409,0.0826751555700534,0.00396602051713885));
#6503=CARTESIAN_POINT('',(-0.0308703162386996,0.0826222460492471,0.00309979593798986));
#6504=CARTESIAN_POINT('',(-0.0313612756834585,0.0825693365284408,0.00223357135884085));
#6505=CARTESIAN_POINT('',(-0.0315605277467306,0.0825164270076346,0.00125802801628681));
#6506=CARTESIAN_POINT('',(-0.0317597798100028,0.0824635174868284,0.000282484673732776));
#6507=CARTESIAN_POINT('',(-0.0316478203115645,0.0824106079660221,-0.000706884452846972));
#6508=CARTESIAN_POINT('',(-0.0315358608131262,0.0823576984452158,-0.00169625357942672));
#6509=CARTESIAN_POINT('',(-0.0311236491287523,0.0823047889244095,-0.0026026021465825));
#6510=CARTESIAN_POINT('',(-0.0307114374443784,0.0822518794036032,-0.00350895071373829));
#6511=CARTESIAN_POINT('',(-0.0300393237257831,0.082198969882797,-0.00424355900881512));
#6512=CARTESIAN_POINT('',(-0.0293672100071877,0.0821460603619908,-0.00497816730389195));
#6513=CARTESIAN_POINT('',(-0.0285009854280387,0.0820931508411845,-0.00546912674865073));
#6514=CARTESIAN_POINT('',(-0.0276347608488897,0.0820402413203782,-0.00596008619340953));
#6515=CARTESIAN_POINT('',(-0.0266592175063357,0.0819873317995719,-0.00615933825668169));
#6516=CARTESIAN_POINT('',(-0.0256836741637816,0.0819344222787657,-0.00635859031995386));
#6517=CARTESIAN_POINT('',(-0.0246943050372019,0.0818815127579594,-0.00624663082151557));
#6518=CARTESIAN_POINT('',(-0.0237049359106221,0.0818286032371531,-0.00613467132307729));
#6519=CARTESIAN_POINT('',(-0.0227985873434664,0.0817756937163469,-0.00572245963870337));
#6520=CARTESIAN_POINT('',(-0.0223301498310454,0.0817483479409929,-0.00550941200668147));
#6521=CARTESIAN_POINT('',(-0.0219025962629239,0.0817206618422106,-0.00522301901979117));
#6522=CARTESIAN_POINT('',(-0.0316787232506199,0.0866990382988814,0.000332185833626591));
#6523=CARTESIAN_POINT('',(-0.0317062829812424,0.086670978815805,-0.000188628487461006));
#6524=CARTESIAN_POINT('',(-0.0316476381654036,0.0866432637971901,-0.000706863840729334));
#6525=CARTESIAN_POINT('',(-0.031535681931604,0.0865903542763838,-0.00169620411819133));
#6526=CARTESIAN_POINT('',(-0.0311234822669537,0.0865374447555776,-0.00260252625703452));
#6527=CARTESIAN_POINT('',(-0.0307112826023034,0.0864845352347714,-0.00350884839587772));
#6528=CARTESIAN_POINT('',(-0.0300391884819422,0.0864316257139651,-0.0042434352704345));
#6529=CARTESIAN_POINT('',(-0.029367094361581,0.0863787161931588,-0.00497802214499129));
#6530=CARTESIAN_POINT('',(-0.028500895040765,0.0863258066723525,-0.00546896727381232));
#6531=CARTESIAN_POINT('',(-0.0276346957199491,0.0862728971515462,-0.00595991240263335));
#6532=CARTESIAN_POINT('',(-0.0266591808233653,0.08621998763074,-0.00615915865589379));
#6533=CARTESIAN_POINT('',(-0.0256836659267815,0.0861670781099337,-0.00635840490915422));
#6534=CARTESIAN_POINT('',(-0.0246943256493195,0.0861141685891274,-0.00624644867535465));
#6535=CARTESIAN_POINT('',(-0.0237049853718575,0.0860612590683212,-0.00613449244155508));
#6536=CARTESIAN_POINT('',(-0.0227986632330143,0.0860083495475149,-0.00572229277690474));
#6537=CARTESIAN_POINT('',(-0.0218923410941711,0.0859554400267087,-0.00531009311225441));
#6538=CARTESIAN_POINT('',(-0.0211577542196143,0.0859025305059024,-0.00463799899189324));
#6539=CARTESIAN_POINT('',(-0.0204231673450576,0.0858496209850961,-0.00396590487153207));
#6540=CARTESIAN_POINT('',(-0.0199322222162365,0.0857967114642899,-0.0030997055507161));
#6541=CARTESIAN_POINT('',(-0.0194412770874155,0.0857438019434836,-0.00223350622990013));
#6542=CARTESIAN_POINT('',(-0.0192420308341551,0.0856908924226773,-0.00125799133331636));
#6543=CARTESIAN_POINT('',(-0.0190427845808947,0.0856379829018711,-0.000282476436732596));
#6544=CARTESIAN_POINT('',(-0.0191547408146942,0.0855850733810648,0.000706863840729395));
#6545=CARTESIAN_POINT('',(-0.0192666970484938,0.0855321638602585,0.00169620411819139));
#6546=CARTESIAN_POINT('',(-0.0196788967131441,0.0854792543394522,0.00260252625703459));
#6547=CARTESIAN_POINT('',(-0.0200910963777945,0.0854263448186459,0.00350884839587778));
#6548=CARTESIAN_POINT('',(-0.0207631904981556,0.0853734352978397,0.00424343527043457));
#6549=CARTESIAN_POINT('',(-0.0214352846185168,0.0853205257770335,0.00497802214499134));
#6550=CARTESIAN_POINT('',(-0.0223014839393328,0.0852676162562272,0.00546896727381238));
#6551=CARTESIAN_POINT('',(-0.0231676832601487,0.0852147067354209,0.00595991240263341));
#6552=CARTESIAN_POINT('',(-0.0241431981567325,0.0851617972146146,0.00615915865589385));
#6553=CARTESIAN_POINT('',(-0.0251187130533163,0.0851088876938084,0.00635840490915428));
#6554=CARTESIAN_POINT('',(-0.0261080533307782,0.0850559781730021,0.00624644867535471));
#6555=CARTESIAN_POINT('',(-0.0270973936082403,0.0850030686521959,0.00613449244155514));
#6556=CARTESIAN_POINT('',(-0.0280037157470834,0.0849501591313896,0.00572229277690481));
#6557=CARTESIAN_POINT('',(-0.0289100378859267,0.0848972496105833,0.00531009311225448));
#6558=CARTESIAN_POINT('',(-0.0296446247604834,0.084844340089777,0.00463799899189331));
#6559=CARTESIAN_POINT('',(-0.0303792116350402,0.0847914305689708,0.00396590487153213));
#6560=CARTESIAN_POINT('',(-0.0308701567638612,0.0847385210481645,0.00309970555071616));
#6561=CARTESIAN_POINT('',(-0.0313611018926823,0.0846856115273582,0.00223350622990019));
#6562=CARTESIAN_POINT('',(-0.0315603481459427,0.084632702006552,0.00125799133331642));
#6563=CARTESIAN_POINT('',(-0.0317595943992032,0.0845797924857457,0.000282476436732657));
#6564=CARTESIAN_POINT('',(-0.0316476381654036,0.0845268829649394,-0.000706863840729334));
#6565=CARTESIAN_POINT('',(-0.031535681931604,0.0844739734441332,-0.00169620411819133));
#6566=CARTESIAN_POINT('',(-0.0311234822669537,0.0844210639233269,-0.00260252625703452));
#6567=CARTESIAN_POINT('',(-0.0307112826023034,0.0843681544025206,-0.00350884839587773));
#6568=CARTESIAN_POINT('',(-0.0300391884819422,0.0843152448817144,-0.0042434352704345));
#6569=CARTESIAN_POINT('',(-0.029367094361581,0.0842623353609081,-0.00497802214499129));
#6570=CARTESIAN_POINT('',(-0.028500895040765,0.0842094258401018,-0.00546896727381232));
#6571=CARTESIAN_POINT('',(-0.0276346957199491,0.0841565163192956,-0.00595991240263335));
#6572=CARTESIAN_POINT('',(-0.0266591808233653,0.0841036067984893,-0.00615915865589379));
#6573=CARTESIAN_POINT('',(-0.0256836659267815,0.0840506972776831,-0.00635840490915422));
#6574=CARTESIAN_POINT('',(-0.0246943256493195,0.0839977877568767,-0.00624644867535465));
#6575=CARTESIAN_POINT('',(-0.0237049853718575,0.0839448782360705,-0.00613449244155508));
#6576=CARTESIAN_POINT('',(-0.0227986632330143,0.0838919687152642,-0.00572229277690475));
#6577=CARTESIAN_POINT('',(-0.0218923410941711,0.083839059194458,-0.00531009311225441));
#6578=CARTESIAN_POINT('',(-0.0211577542196143,0.0837861496736517,-0.00463799899189324));
#6579=CARTESIAN_POINT('',(-0.0204231673450576,0.0837332401528455,-0.00396590487153208));
#6580=CARTESIAN_POINT('',(-0.0199322222162365,0.0836803306320391,-0.0030997055507161));
#6581=CARTESIAN_POINT('',(-0.0194412770874155,0.0836274211112329,-0.00223350622990013));
#6582=CARTESIAN_POINT('',(-0.0192420308341551,0.0835745115904266,-0.00125799133331636));
#6583=CARTESIAN_POINT('',(-0.0190427845808947,0.0835216020696203,-0.000282476436732597));
#6584=CARTESIAN_POINT('',(-0.0191547408146942,0.0834686925488141,0.000706863840729395));
#6585=CARTESIAN_POINT('',(-0.0192666970484938,0.0834157830280078,0.00169620411819139));
#6586=CARTESIAN_POINT('',(-0.0196788967131441,0.0833628735072015,0.00260252625703459));
#6587=CARTESIAN_POINT('',(-0.0200910963777945,0.0833099639863953,0.00350884839587778));
#6588=CARTESIAN_POINT('',(-0.0207631904981556,0.083257054465589,0.00424343527043457));
#6589=CARTESIAN_POINT('',(-0.0214352846185168,0.0832041449447828,0.00497802214499134));
#6590=CARTESIAN_POINT('',(-0.0223014839393328,0.0831512354239765,0.00546896727381238));
#6591=CARTESIAN_POINT('',(-0.0231676832601487,0.0830983259031702,0.00595991240263341));
#6592=CARTESIAN_POINT('',(-0.0241431981567325,0.0830454163823639,0.00615915865589385));
#6593=CARTESIAN_POINT('',(-0.0251187130533163,0.0829925068615577,0.00635840490915428));
#6594=CARTESIAN_POINT('',(-0.0261080533307782,0.0829395973407514,0.00624644867535471));
#6595=CARTESIAN_POINT('',(-0.0270973936082403,0.0828866878199452,0.00613449244155514));
#6596=CARTESIAN_POINT('',(-0.0280037157470834,0.0828337782991389,0.0057222927769048));
#6597=CARTESIAN_POINT('',(-0.0289100378859267,0.0827808687783326,0.00531009311225448));
#6598=CARTESIAN_POINT('',(-0.0296446247604834,0.0827279592575263,0.00463799899189331));
#6599=CARTESIAN_POINT('',(-0.0303792116350402,0.0826750497367201,0.00396590487153213));
#6600=CARTESIAN_POINT('',(-0.0308701567638612,0.0826221402159138,0.00309970555071616));
#6601=CARTESIAN_POINT('',(-0.0313611018926823,0.0825692306951075,0.00223350622990019));
#6602=CARTESIAN_POINT('',(-0.0315603481459427,0.0825163211743013,0.00125799133331642));
#6603=CARTESIAN_POINT('',(-0.0317595943992032,0.082463411653495,0.000282476436732656));
#6604=CARTESIAN_POINT('',(-0.0316476381654036,0.0824105021326887,-0.000706863840729336));
#6605=CARTESIAN_POINT('',(-0.031535681931604,0.0823575926118825,-0.00169620411819133));
#6606=CARTESIAN_POINT('',(-0.0311234822669537,0.0823046830910762,-0.00260252625703452));
#6607=CARTESIAN_POINT('',(-0.0307112826023034,0.08225177357027,-0.00350884839587773));
#6608=CARTESIAN_POINT('',(-0.0300391884819422,0.0821988640494637,-0.00424343527043451));
#6609=CARTESIAN_POINT('',(-0.029367094361581,0.0821459545286574,-0.00497802214499129));
#6610=CARTESIAN_POINT('',(-0.028500895040765,0.0820930450078511,-0.00546896727381232));
#6611=CARTESIAN_POINT('',(-0.0276346957199491,0.0820401354870449,-0.00595991240263336));
#6612=CARTESIAN_POINT('',(-0.0266591808233653,0.0819872259662386,-0.00615915865589379));
#6613=CARTESIAN_POINT('',(-0.0256836659267815,0.0819343164454323,-0.00635840490915422));
#6614=CARTESIAN_POINT('',(-0.0246943256493195,0.0818814069246261,-0.00624644867535465));
#6615=CARTESIAN_POINT('',(-0.0237049853718575,0.0818284974038198,-0.00613449244155508));
#6616=CARTESIAN_POINT('',(-0.0227986632330143,0.0817755878830135,-0.00572229277690475));
#6617=CARTESIAN_POINT('',(-0.0223302393798117,0.0817482421076595,-0.00550925135716101));
#6618=CARTESIAN_POINT('',(-0.0219026982787694,0.0817205560088772,-0.00522286672123375));
#6619=CARTESIAN_POINT('',(-0.0316785401980193,0.0866989324655481,0.000332176147102704));
#6620=CARTESIAN_POINT('',(-0.0317060991250013,0.0866708729824717,-0.00018862298706284));
#6621=CARTESIAN_POINT('',(-0.0316474560192427,0.0866431579638568,-0.0007068432286117));
#6622=CARTESIAN_POINT('',(-0.0315355030500818,0.0865902484430505,-0.00169615465695594));
#6623=CARTESIAN_POINT('',(-0.031123315405155,0.0865373389222443,-0.00260245036748655));
#6624=CARTESIAN_POINT('',(-0.0307111277602283,0.086484429401438,-0.00350874607801716));
#6625=CARTESIAN_POINT('',(-0.0300390532381013,0.0864315198806317,-0.00424331153205389));
#6626=CARTESIAN_POINT('',(-0.0293669787159743,0.0863786103598255,-0.00497787698609063));
#6627=CARTESIAN_POINT('',(-0.0285008046534913,0.0863257008390192,-0.00546880779897391));
#6628=CARTESIAN_POINT('',(-0.0276346305910084,0.0862727913182129,-0.00595973861185718));
#6629=CARTESIAN_POINT('',(-0.0266591441403949,0.0862198817974066,-0.00615897905510588));
#6630=CARTESIAN_POINT('',(-0.0256836576897814,0.0861669722766004,-0.00635821949835458));
#6631=CARTESIAN_POINT('',(-0.0246943462614372,0.0861140627557941,-0.00624626652919372));
#6632=CARTESIAN_POINT('',(-0.0237050348330929,0.0860611532349879,-0.00613431356003287));
#6633=CARTESIAN_POINT('',(-0.0227987391225623,0.0860082437141816,-0.00572212591510612));
#6634=CARTESIAN_POINT('',(-0.0218924434120317,0.0859553341933753,-0.00530993827017937));
#6635=CARTESIAN_POINT('',(-0.021157877957995,0.085902424672569,-0.00463786374805236));
#6636=CARTESIAN_POINT('',(-0.0204233125039583,0.0858495151517628,-0.00396578922592535));
#6637=CARTESIAN_POINT('',(-0.019932381691075,0.0857966056309565,-0.0030996151634424));
#6638=CARTESIAN_POINT('',(-0.0194414508781917,0.0857436961101502,-0.00223344110095946));
#6639=CARTESIAN_POINT('',(-0.019242210434943,0.085690786589344,-0.00125795465034597));
#6640=CARTESIAN_POINT('',(-0.0190429699916943,0.0856378770685377,-0.000282468199732476));
#6641=CARTESIAN_POINT('',(-0.0191549229608552,0.0855849675477314,0.000706843228611761));
#6642=CARTESIAN_POINT('',(-0.019266875930016,0.0855320580269252,0.001696154656956));
#6643=CARTESIAN_POINT('',(-0.0196790635749427,0.0854791485061189,0.00260245036748661));
#6644=CARTESIAN_POINT('',(-0.0200912512198695,0.0854262389853126,0.00350874607801722));
#6645=CARTESIAN_POINT('',(-0.0207633257419965,0.0853733294645064,0.00424331153205396));
#6646=CARTESIAN_POINT('',(-0.0214354002641235,0.0853204199437001,0.00497787698609069));
#6647=CARTESIAN_POINT('',(-0.0223015743266065,0.0852675104228939,0.00546880779897396));
#6648=CARTESIAN_POINT('',(-0.0231677483890894,0.0852146009020876,0.00595973861185724));
#6649=CARTESIAN_POINT('',(-0.0241432348397029,0.0851616913812813,0.00615897905510594));
#6650=CARTESIAN_POINT('',(-0.0251187212903164,0.085108781860475,0.00635821949835464));
#6651=CARTESIAN_POINT('',(-0.0261080327186606,0.0850558723396688,0.00624626652919378));
#6652=CARTESIAN_POINT('',(-0.0270973441470049,0.0850029628188625,0.00613431356003293));
#6653=CARTESIAN_POINT('',(-0.0280036398575355,0.0849500532980562,0.00572212591510618));
#6654=CARTESIAN_POINT('',(-0.0289099355680661,0.08489714377725,0.00530993827017943));
#6655=CARTESIAN_POINT('',(-0.0296445010221028,0.0848442342564437,0.00463786374805242));
#6656=CARTESIAN_POINT('',(-0.0303790664761396,0.0847913247356375,0.00396578922592541));
#6657=CARTESIAN_POINT('',(-0.0308699972890228,0.0847384152148312,0.00309961516344246));
#6658=CARTESIAN_POINT('',(-0.0313609281019061,0.0846855056940249,0.00223344110095952));
#6659=CARTESIAN_POINT('',(-0.0315601685451548,0.0846325961732187,0.00125795465034603));
#6660=CARTESIAN_POINT('',(-0.0317594089884035,0.0845796866524124,0.000282468199732536));
#6661=CARTESIAN_POINT('',(-0.0316474560192427,0.0845267771316061,-0.0007068432286117));
#6662=CARTESIAN_POINT('',(-0.0315355030500818,0.0844738676107998,-0.00169615465695594));
#6663=CARTESIAN_POINT('',(-0.031123315405155,0.0844209580899936,-0.00260245036748655));
#6664=CARTESIAN_POINT('',(-0.0307111277602283,0.0843680485691873,-0.00350874607801716));
#6665=CARTESIAN_POINT('',(-0.0300390532381013,0.084315139048381,-0.00424331153205389));
#6666=CARTESIAN_POINT('',(-0.0293669787159743,0.0842622295275747,-0.00497787698609063));
#6667=CARTESIAN_POINT('',(-0.0285008046534913,0.0842093200067685,-0.00546880779897391));
#6668=CARTESIAN_POINT('',(-0.0276346305910084,0.0841564104859623,-0.00595973861185718));
#6669=CARTESIAN_POINT('',(-0.0266591441403949,0.084103500965156,-0.00615897905510588));
#6670=CARTESIAN_POINT('',(-0.0256836576897814,0.0840505914443497,-0.00635821949835458));
#6671=CARTESIAN_POINT('',(-0.0246943462614372,0.0839976819235434,-0.00624626652919372));
#6672=CARTESIAN_POINT('',(-0.0237050348330929,0.0839447724027372,-0.00613431356003287));
#6673=CARTESIAN_POINT('',(-0.0227987391225623,0.0838918628819309,-0.00572212591510612));
#6674=CARTESIAN_POINT('',(-0.0218924434120317,0.0838389533611247,-0.00530993827017937));
#6675=CARTESIAN_POINT('',(-0.021157877957995,0.0837860438403183,-0.00463786374805236));
#6676=CARTESIAN_POINT('',(-0.0204233125039583,0.0837331343195121,-0.00396578922592535));
#6677=CARTESIAN_POINT('',(-0.019932381691075,0.0836802247987058,-0.0030996151634424));
#6678=CARTESIAN_POINT('',(-0.0194414508781917,0.0836273152778996,-0.00223344110095946));
#6679=CARTESIAN_POINT('',(-0.019242210434943,0.0835744057570933,-0.00125795465034597));
#6680=CARTESIAN_POINT('',(-0.0190429699916943,0.083521496236287,-0.000282468199732476));
#6681=CARTESIAN_POINT('',(-0.0191549229608552,0.0834685867154808,0.00070684322861176));
#6682=CARTESIAN_POINT('',(-0.019266875930016,0.0834156771946745,0.001696154656956));
#6683=CARTESIAN_POINT('',(-0.0196790635749427,0.0833627676738682,0.00260245036748661));
#6684=CARTESIAN_POINT('',(-0.0200912512198695,0.083309858153062,0.00350874607801722));
#6685=CARTESIAN_POINT('',(-0.0207633257419965,0.0832569486322557,0.00424331153205396));
#6686=CARTESIAN_POINT('',(-0.0214354002641235,0.0832040391114494,0.00497787698609069));
#6687=CARTESIAN_POINT('',(-0.0223015743266065,0.0831511295906431,0.00546880779897396));
#6688=CARTESIAN_POINT('',(-0.0231677483890894,0.0830982200698369,0.00595973861185724));
#6689=CARTESIAN_POINT('',(-0.0241432348397029,0.0830453105490306,0.00615897905510594));
#6690=CARTESIAN_POINT('',(-0.0251187212903164,0.0829924010282244,0.00635821949835464));
#6691=CARTESIAN_POINT('',(-0.0261080327186606,0.0829394915074181,0.00624626652919378));
#6692=CARTESIAN_POINT('',(-0.0270973441470049,0.0828865819866118,0.00613431356003293));
#6693=CARTESIAN_POINT('',(-0.0280036398575355,0.0828336724658056,0.00572212591510618));
#6694=CARTESIAN_POINT('',(-0.0289099355680661,0.0827807629449993,0.00530993827017943));
#6695=CARTESIAN_POINT('',(-0.0296445010221028,0.082727853424193,0.00463786374805242));
#6696=CARTESIAN_POINT('',(-0.0303790664761396,0.0826749439033868,0.0039657892259254));
#6697=CARTESIAN_POINT('',(-0.0308699972890228,0.0826220343825805,0.00309961516344246));
#6698=CARTESIAN_POINT('',(-0.0313609281019061,0.0825691248617742,0.00223344110095952));
#6699=CARTESIAN_POINT('',(-0.0315601685451548,0.0825162153409679,0.00125795465034603));
#6700=CARTESIAN_POINT('',(-0.0317594089884035,0.0824633058201617,0.000282468199732535));
#6701=CARTESIAN_POINT('',(-0.0316474560192427,0.0824103962993554,-0.000706843228611701));
#6702=CARTESIAN_POINT('',(-0.0315355030500818,0.0823574867785491,-0.00169615465695594));
#6703=CARTESIAN_POINT('',(-0.031123315405155,0.0823045772577429,-0.00260245036748655));
#6704=CARTESIAN_POINT('',(-0.0307111277602283,0.0822516677369366,-0.00350874607801716));
#6705=CARTESIAN_POINT('',(-0.0300390532381013,0.0821987582161303,-0.0042433115320539));
#6706=CARTESIAN_POINT('',(-0.0293669787159743,0.0821458486953241,-0.00497787698609063));
#6707=CARTESIAN_POINT('',(-0.0285008046534913,0.0820929391745178,-0.00546880779897391));
#6708=CARTESIAN_POINT('',(-0.0276346305910084,0.0820400296537115,-0.00595973861185719));
#6709=CARTESIAN_POINT('',(-0.0266591441403949,0.0819871201329053,-0.00615897905510588));
#6710=CARTESIAN_POINT('',(-0.0256836576897814,0.081934210612099,-0.00635821949835458));
#6711=CARTESIAN_POINT('',(-0.0246943462614372,0.0818813010912927,-0.00624626652919372));
#6712=CARTESIAN_POINT('',(-0.0237050348330929,0.0818283915704865,-0.00613431356003287));
#6713=CARTESIAN_POINT('',(-0.0227987391225623,0.0817754820496802,-0.00572212591510612));
#6714=CARTESIAN_POINT('',(-0.0223303289285781,0.0817481362743262,-0.00550909070764055));
#6715=CARTESIAN_POINT('',(-0.021902800294615,0.0817204501755439,-0.00522271442267632));
#6716=CARTESIAN_POINT('',(-0.0316783571454187,0.0866988266322148,0.000332166460578817));
#6717=CARTESIAN_POINT('',(-0.0317059152687602,0.0866707671491383,-0.000188617486664675));
#6718=CARTESIAN_POINT('',(-0.0316472738730817,0.0866430521305235,-0.000706822616494066));
#6719=CARTESIAN_POINT('',(-0.0315353241685596,0.0865901426097172,-0.00169610519572055));
#6720=CARTESIAN_POINT('',(-0.0311231485433564,0.0865372330889109,-0.00260237447793857));
#6721=CARTESIAN_POINT('',(-0.0307109729181533,0.0864843235681047,-0.0035086437601566));
#6722=CARTESIAN_POINT('',(-0.0300389179942604,0.0864314140472984,-0.00424318779367328));
#6723=CARTESIAN_POINT('',(-0.0293668630703676,0.0863785045264922,-0.00497773182718997));
#6724=CARTESIAN_POINT('',(-0.0285007142662176,0.0863255950056859,-0.00546864832413549));
#6725=CARTESIAN_POINT('',(-0.0276345654620677,0.0862726854848796,-0.00595956482108101));
#6726=CARTESIAN_POINT('',(-0.0266591074574245,0.0862197759640733,-0.00615879945431797));
#6727=CARTESIAN_POINT('',(-0.0256836494527813,0.0861668664432671,-0.00635803408755494));
#6728=CARTESIAN_POINT('',(-0.0246943668735548,0.0861139569224608,-0.0062460843830328));
#6729=CARTESIAN_POINT('',(-0.0237050842943283,0.0860610474016545,-0.00613413467851066));
#6730=CARTESIAN_POINT('',(-0.0227988150121103,0.0860081378808483,-0.00572195905330749));
#6731=CARTESIAN_POINT('',(-0.0218925457298923,0.085955228360042,-0.00530978342810433));
#6732=CARTESIAN_POINT('',(-0.0211580016963756,0.0859023188392357,-0.00463772850421147));
#6733=CARTESIAN_POINT('',(-0.0204234576628589,0.0858494093184294,-0.00396567358031862));
#6734=CARTESIAN_POINT('',(-0.0199325411659134,0.0857964997976232,-0.0030995247761687));
#6735=CARTESIAN_POINT('',(-0.0194416246689679,0.0857435902768169,-0.00223337597201879));
#6736=CARTESIAN_POINT('',(-0.0192423900357309,0.0856906807560106,-0.00125791796737557));
#6737=CARTESIAN_POINT('',(-0.0190431554024939,0.0856377712352044,-0.000282459962732354));
#6738=CARTESIAN_POINT('',(-0.0191551051070161,0.0855848617143981,0.000706822616494128));
#6739=CARTESIAN_POINT('',(-0.0192670548115382,0.0855319521935919,0.00169610519572061));
#6740=CARTESIAN_POINT('',(-0.0196792304367414,0.0854790426727856,0.00260237447793863));
#6741=CARTESIAN_POINT('',(-0.0200914060619445,0.0854261331519793,0.00350864376015666));
#6742=CARTESIAN_POINT('',(-0.0207634609858374,0.0853732236311731,0.00424318779367335));
#6743=CARTESIAN_POINT('',(-0.0214355159097302,0.0853203141103668,0.00497773182719004));
#6744=CARTESIAN_POINT('',(-0.0223016647138802,0.0852674045895605,0.00546864832413555));
#6745=CARTESIAN_POINT('',(-0.0231678135180301,0.0852144950687542,0.00595956482108107));
#6746=CARTESIAN_POINT('',(-0.0241432715226733,0.085161585547948,0.00615879945431803));
#6747=CARTESIAN_POINT('',(-0.0251187295273165,0.0851086760271417,0.006358034087555));
#6748=CARTESIAN_POINT('',(-0.026108012106543,0.0850557665063355,0.00624608438303286));
#6749=CARTESIAN_POINT('',(-0.0270972946857695,0.0850028569855292,0.00613413467851072));
#6750=CARTESIAN_POINT('',(-0.0280035639679875,0.0849499474647229,0.00572195905330755));
#6751=CARTESIAN_POINT('',(-0.0289098332502055,0.0848970379439166,0.00530978342810439));
#6752=CARTESIAN_POINT('',(-0.0296443772837222,0.0848441284231104,0.00463772850421153));
#6753=CARTESIAN_POINT('',(-0.0303789213172389,0.0847912189023041,0.00396567358031868));
#6754=CARTESIAN_POINT('',(-0.0308698378141844,0.0847383093814978,0.00309952477616877));
#6755=CARTESIAN_POINT('',(-0.0313607543111299,0.0846853998606916,0.00223337597201885));
#6756=CARTESIAN_POINT('',(-0.0315599889443669,0.0846324903398853,0.00125791796737563));
#6757=CARTESIAN_POINT('',(-0.0317592235776039,0.0845795808190791,0.000282459962732414));
#6758=CARTESIAN_POINT('',(-0.0316472738730817,0.0845266712982728,-0.000706822616494067));
#6759=CARTESIAN_POINT('',(-0.0315353241685596,0.0844737617774665,-0.00169610519572055));
#6760=CARTESIAN_POINT('',(-0.0311231485433564,0.0844208522566603,-0.00260237447793857));
#6761=CARTESIAN_POINT('',(-0.0307109729181533,0.084367942735854,-0.0035086437601566));
#6762=CARTESIAN_POINT('',(-0.0300389179942604,0.0843150332150477,-0.00424318779367328));
#6763=CARTESIAN_POINT('',(-0.0293668630703676,0.0842621236942414,-0.00497773182718997));
#6764=CARTESIAN_POINT('',(-0.0285007142662176,0.0842092141734352,-0.00546864832413549));
#6765=CARTESIAN_POINT('',(-0.0276345654620677,0.0841563046526289,-0.00595956482108102));
#6766=CARTESIAN_POINT('',(-0.0266591074574245,0.0841033951318226,-0.00615879945431797));
#6767=CARTESIAN_POINT('',(-0.0256836494527813,0.0840504856110164,-0.00635803408755494));
#6768=CARTESIAN_POINT('',(-0.0246943668735548,0.0839975760902101,-0.0062460843830328));
#6769=CARTESIAN_POINT('',(-0.0237050842943283,0.0839446665694038,-0.00613413467851066));
#6770=CARTESIAN_POINT('',(-0.0227988150121103,0.0838917570485976,-0.00572195905330749));
#6771=CARTESIAN_POINT('',(-0.0218925457298923,0.0838388475277913,-0.00530978342810433));
#6772=CARTESIAN_POINT('',(-0.0211580016963756,0.083785938006985,-0.00463772850421147));
#6773=CARTESIAN_POINT('',(-0.0204234576628589,0.0837330284861788,-0.00396567358031863));
#6774=CARTESIAN_POINT('',(-0.0199325411659134,0.0836801189653725,-0.00309952477616871));
#6775=CARTESIAN_POINT('',(-0.0194416246689679,0.0836272094445662,-0.00223337597201879));
#6776=CARTESIAN_POINT('',(-0.0192423900357309,0.0835742999237599,-0.00125791796737557));
#6777=CARTESIAN_POINT('',(-0.0190431554024939,0.0835213904029537,-0.000282459962732354));
#6778=CARTESIAN_POINT('',(-0.0191551051070161,0.0834684808821474,0.000706822616494127));
#6779=CARTESIAN_POINT('',(-0.0192670548115382,0.0834155713613412,0.00169610519572061));
#6780=CARTESIAN_POINT('',(-0.0196792304367414,0.0833626618405349,0.00260237447793863));
#6781=CARTESIAN_POINT('',(-0.0200914060619445,0.0833097523197286,0.00350864376015666));
#6782=CARTESIAN_POINT('',(-0.0207634609858374,0.0832568427989224,0.00424318779367335));
#6783=CARTESIAN_POINT('',(-0.0214355159097302,0.0832039332781161,0.00497773182719004));
#6784=CARTESIAN_POINT('',(-0.0223016647138802,0.0831510237573098,0.00546864832413555));
#6785=CARTESIAN_POINT('',(-0.0231678135180301,0.0830981142365035,0.00595956482108107));
#6786=CARTESIAN_POINT('',(-0.0241432715226733,0.0830452047156973,0.00615879945431803));
#6787=CARTESIAN_POINT('',(-0.0251187295273165,0.082992295194891,0.006358034087555));
#6788=CARTESIAN_POINT('',(-0.026108012106543,0.0829393856740847,0.00624608438303286));
#6789=CARTESIAN_POINT('',(-0.0270972946857695,0.0828864761532785,0.00613413467851072));
#6790=CARTESIAN_POINT('',(-0.0280035639679875,0.0828335666324723,0.00572195905330755));
#6791=CARTESIAN_POINT('',(-0.0289098332502055,0.0827806571116659,0.00530978342810439));
#6792=CARTESIAN_POINT('',(-0.0296443772837222,0.0827277475908597,0.00463772850421153));
#6793=CARTESIAN_POINT('',(-0.0303789213172389,0.0826748380700534,0.00396567358031868));
#6794=CARTESIAN_POINT('',(-0.0308698378141844,0.0826219285492471,0.00309952477616877));
#6795=CARTESIAN_POINT('',(-0.0313607543111299,0.0825690190284409,0.00223337597201885));
#6796=CARTESIAN_POINT('',(-0.0315599889443669,0.0825161095076346,0.00125791796737563));
#6797=CARTESIAN_POINT('',(-0.0317592235776039,0.0824631999868283,0.000282459962732413));
#6798=CARTESIAN_POINT('',(-0.0316472738730817,0.0824102904660221,-0.000706822616494068));
#6799=CARTESIAN_POINT('',(-0.0315353241685596,0.0823573809452158,-0.00169610519572055));
#6800=CARTESIAN_POINT('',(-0.0311231485433564,0.0823044714244095,-0.00260237447793857));
#6801=CARTESIAN_POINT('',(-0.0307109729181533,0.0822515619036033,-0.0035086437601566));
#6802=CARTESIAN_POINT('',(-0.0300389179942604,0.082198652382797,-0.00424318779367329));
#6803=CARTESIAN_POINT('',(-0.0293668630703676,0.0821457428619907,-0.00497773182718997));
#6804=CARTESIAN_POINT('',(-0.0285007142662176,0.0820928333411845,-0.0054686483241355));
#6805=CARTESIAN_POINT('',(-0.0276345654620677,0.0820399238203782,-0.00595956482108102));
#6806=CARTESIAN_POINT('',(-0.0266591074574245,0.0819870142995719,-0.00615879945431798));
#6807=CARTESIAN_POINT('',(-0.0256836494527813,0.0819341047787657,-0.00635803408755494));
#6808=CARTESIAN_POINT('',(-0.0246943668735548,0.0818811952579594,-0.0062460843830328));
#6809=CARTESIAN_POINT('',(-0.0237050842943283,0.0818282857371532,-0.00613413467851066));
#6810=CARTESIAN_POINT('',(-0.0227988150121103,0.0817753762163469,-0.00572195905330749));
#6811=CARTESIAN_POINT('',(-0.0223304184773444,0.0817480304409929,-0.00550893005812009));
#6812=CARTESIAN_POINT('',(-0.0219029023104605,0.0817203443422106,-0.0052225621241189));
#6813=CARTESIAN_POINT('',(-0.0317473212416178,0.0867802939367483,-0.000221611804060849));
#6814=CARTESIAN_POINT('',(-0.0316753152015607,0.086674460603415,-0.00228359500503538));
#6815=CARTESIAN_POINT('',(-0.0304050577754493,0.0865686272700817,-0.0039094503683179));
#6816=CARTESIAN_POINT('',(-0.0291348003493378,0.0864627939367484,-0.00553530573160041));
#6817=CARTESIAN_POINT('',(-0.0271514866994845,0.086356960603415,-0.00610401176920829));
#6818=CARTESIAN_POINT('',(-0.0251681730496313,0.0862511272700817,-0.00667271780681617));
#6819=CARTESIAN_POINT('',(-0.0232293615799286,0.0861452939367483,-0.00596704814199048));
#6820=CARTESIAN_POINT('',(-0.0212905501102259,0.0860394606034151,-0.0052613784771648));
#6821=CARTESIAN_POINT('',(-0.0201368009043221,0.0859336272700817,-0.00355087493703921));
#6822=CARTESIAN_POINT('',(-0.0189830516984183,0.0858277939367484,-0.00184037139691362));
#6823=CARTESIAN_POINT('',(-0.0190550577384753,0.085721960603415,0.000221611804060911));
#6824=CARTESIAN_POINT('',(-0.0191270637785324,0.0856161272700817,0.00228359500503545));
#6825=CARTESIAN_POINT('',(-0.0203973212046439,0.0855102939367484,0.00390945036831796));
#6826=CARTESIAN_POINT('',(-0.0216675786307554,0.0854044606034151,0.00553530573160047));
#6827=CARTESIAN_POINT('',(-0.0236508922806087,0.0852986272700817,0.00610401176920835));
#6828=CARTESIAN_POINT('',(-0.0256342059304619,0.0851927939367483,0.00667271780681623));
#6829=CARTESIAN_POINT('',(-0.0275730174001645,0.085086960603415,0.00596704814199055));
#6830=CARTESIAN_POINT('',(-0.0295118288698673,0.0849811272700817,0.00526137847716486));
#6831=CARTESIAN_POINT('',(-0.0306655780757711,0.0848752939367483,0.00355087493703928));
#6832=CARTESIAN_POINT('',(-0.031819327281675,0.084769460603415,0.00184037139691369));
#6833=CARTESIAN_POINT('',(-0.0317473212416178,0.0846636272700817,-0.00022161180406085));
#6834=CARTESIAN_POINT('',(-0.0316753152015607,0.0845577939367484,-0.00228359500503538));
#6835=CARTESIAN_POINT('',(-0.0304050577754493,0.084451960603415,-0.0039094503683179));
#6836=CARTESIAN_POINT('',(-0.0291348003493378,0.0843461272700817,-0.00553530573160041));
#6837=CARTESIAN_POINT('',(-0.0271514866994845,0.0842402939367483,-0.00610401176920829));
#6838=CARTESIAN_POINT('',(-0.0251681730496313,0.084134460603415,-0.00667271780681618));
#6839=CARTESIAN_POINT('',(-0.0232293615799286,0.0840286272700817,-0.00596704814199048));
#6840=CARTESIAN_POINT('',(-0.0212905501102259,0.0839227939367484,-0.0052613784771648));
#6841=CARTESIAN_POINT('',(-0.0201368009043221,0.083816960603415,-0.00355087493703921));
#6842=CARTESIAN_POINT('',(-0.0189830516984183,0.0837111272700817,-0.00184037139691362));
#6843=CARTESIAN_POINT('',(-0.0190550577384753,0.0836052939367483,0.00022161180406091));
#6844=CARTESIAN_POINT('',(-0.0191270637785324,0.0834994606034151,0.00228359500503545));
#6845=CARTESIAN_POINT('',(-0.0203973212046439,0.0833936272700817,0.00390945036831796));
#6846=CARTESIAN_POINT('',(-0.0216675786307554,0.0832877939367484,0.00553530573160047));
#6847=CARTESIAN_POINT('',(-0.0236508922806087,0.083181960603415,0.00610401176920835));
#6848=CARTESIAN_POINT('',(-0.0256342059304619,0.0830761272700817,0.00667271780681623));
#6849=CARTESIAN_POINT('',(-0.0275730174001645,0.0829702939367484,0.00596704814199055));
#6850=CARTESIAN_POINT('',(-0.0295118288698673,0.0828644606034151,0.00526137847716486));
#6851=CARTESIAN_POINT('',(-0.0306655780757711,0.0827586272700817,0.00355087493703927));
#6852=CARTESIAN_POINT('',(-0.031819327281675,0.0826527939367484,0.00184037139691369));
#6853=CARTESIAN_POINT('',(-0.0317473212416178,0.082546960603415,-0.000221611804060851));
#6854=CARTESIAN_POINT('',(-0.0316753152015607,0.0824411272700818,-0.00228359500503538));
#6855=CARTESIAN_POINT('',(-0.0304050577754493,0.0823352939367483,-0.0039094503683179));
#6856=CARTESIAN_POINT('',(-0.0291348003493378,0.0822294606034151,-0.00553530573160041));
#6857=CARTESIAN_POINT('',(-0.0271514866994845,0.0821236272700817,-0.00610401176920829));
#6858=CARTESIAN_POINT('',(-0.0251681730496313,0.0820177939367483,-0.00667271780681618));
#6859=CARTESIAN_POINT('',(-0.0232293615799286,0.081911960603415,-0.00596704814199049));
#6860=CARTESIAN_POINT('',(-0.0227708815680953,0.0818869336894127,-0.00580017506467714));
#6861=CARTESIAN_POINT('',(-0.0223432761980705,0.0818609582669745,-0.00556521933968063));
#6862=CARTESIAN_POINT('',(-0.0317473212416178,0.0868967651581292,-0.000221611804060849));
#6863=CARTESIAN_POINT('',(-0.0316753152015607,0.0867909318247959,-0.00228359500503538));
#6864=CARTESIAN_POINT('',(-0.0304050577754493,0.0866850984914625,-0.0039094503683179));
#6865=CARTESIAN_POINT('',(-0.0291348003493378,0.0865792651581292,-0.00553530573160041));
#6866=CARTESIAN_POINT('',(-0.0271514866994845,0.0864734318247959,-0.00610401176920829));
#6867=CARTESIAN_POINT('',(-0.0251681730496313,0.0863675984914626,-0.00667271780681617));
#6868=CARTESIAN_POINT('',(-0.0232293615799286,0.0862617651581292,-0.00596704814199048));
#6869=CARTESIAN_POINT('',(-0.0212905501102259,0.0861559318247959,-0.0052613784771648));
#6870=CARTESIAN_POINT('',(-0.0201368009043221,0.0860500984914625,-0.00355087493703921));
#6871=CARTESIAN_POINT('',(-0.0189830516984183,0.0859442651581293,-0.00184037139691362));
#6872=CARTESIAN_POINT('',(-0.0190550577384753,0.0858384318247959,0.000221611804060911));
#6873=CARTESIAN_POINT('',(-0.0191270637785324,0.0857325984914626,0.00228359500503545));
#6874=CARTESIAN_POINT('',(-0.0203973212046439,0.0856267651581292,0.00390945036831796));
#6875=CARTESIAN_POINT('',(-0.0216675786307554,0.0855209318247959,0.00553530573160047));
#6876=CARTESIAN_POINT('',(-0.0236508922806087,0.0854150984914625,0.00610401176920835));
#6877=CARTESIAN_POINT('',(-0.0256342059304619,0.0853092651581293,0.00667271780681623));
#6878=CARTESIAN_POINT('',(-0.0275730174001645,0.0852034318247959,0.00596704814199055));
#6879=CARTESIAN_POINT('',(-0.0295118288698673,0.0850975984914625,0.00526137847716486));
#6880=CARTESIAN_POINT('',(-0.0306655780757711,0.0849917651581292,0.00355087493703928));
#6881=CARTESIAN_POINT('',(-0.031819327281675,0.084885931824796,0.00184037139691369));
#6882=CARTESIAN_POINT('',(-0.0317473212416178,0.0847800984914625,-0.00022161180406085));
#6883=CARTESIAN_POINT('',(-0.0316753152015607,0.0846742651581292,-0.00228359500503538));
#6884=CARTESIAN_POINT('',(-0.0304050577754493,0.0845684318247959,-0.0039094503683179));
#6885=CARTESIAN_POINT('',(-0.0291348003493378,0.0844625984914625,-0.00553530573160041));
#6886=CARTESIAN_POINT('',(-0.0271514866994845,0.0843567651581292,-0.00610401176920829));
#6887=CARTESIAN_POINT('',(-0.0251681730496313,0.0842509318247959,-0.00667271780681618));
#6888=CARTESIAN_POINT('',(-0.0232293615799286,0.0841450984914625,-0.00596704814199048));
#6889=CARTESIAN_POINT('',(-0.0212905501102259,0.0840392651581292,-0.0052613784771648));
#6890=CARTESIAN_POINT('',(-0.0201368009043221,0.0839334318247959,-0.00355087493703921));
#6891=CARTESIAN_POINT('',(-0.0189830516984183,0.0838275984914626,-0.00184037139691362));
#6892=CARTESIAN_POINT('',(-0.0190550577384753,0.0837217651581292,0.00022161180406091));
#6893=CARTESIAN_POINT('',(-0.0191270637785324,0.0836159318247959,0.00228359500503545));
#6894=CARTESIAN_POINT('',(-0.0203973212046439,0.0835100984914625,0.00390945036831796));
#6895=CARTESIAN_POINT('',(-0.0216675786307554,0.0834042651581292,0.00553530573160047));
#6896=CARTESIAN_POINT('',(-0.0236508922806087,0.0832984318247959,0.00610401176920835));
#6897=CARTESIAN_POINT('',(-0.0256342059304619,0.0831925984914626,0.00667271780681623));
#6898=CARTESIAN_POINT('',(-0.0275730174001645,0.0830867651581292,0.00596704814199055));
#6899=CARTESIAN_POINT('',(-0.0295118288698673,0.0829809318247959,0.00526137847716486));
#6900=CARTESIAN_POINT('',(-0.0306655780757711,0.0828750984914625,0.00355087493703927));
#6901=CARTESIAN_POINT('',(-0.031819327281675,0.0827692651581293,0.00184037139691369));
#6902=CARTESIAN_POINT('',(-0.0317473212416178,0.0826634318247959,-0.000221611804060851));
#6903=CARTESIAN_POINT('',(-0.0316753152015607,0.0825575984914626,-0.00228359500503538));
#6904=CARTESIAN_POINT('',(-0.0304050577754493,0.0824517651581292,-0.0039094503683179));
#6905=CARTESIAN_POINT('',(-0.0291348003493378,0.0823459318247959,-0.00553530573160041));
#6906=CARTESIAN_POINT('',(-0.0271514866994845,0.0822400984914625,-0.00610401176920829));
#6907=CARTESIAN_POINT('',(-0.0251681730496313,0.0821342651581293,-0.00667271780681618));
#6908=CARTESIAN_POINT('',(-0.0232293615799286,0.0820284318247959,-0.00596704814199049));
#6909=CARTESIAN_POINT('',(-0.0227708907373258,0.0820034054113116,-0.00580017840200413));
#6910=CARTESIAN_POINT('',(-0.022343293201231,0.0819774305212325,-0.00556522868234969));
#6911=CARTESIAN_POINT('',(-0.0317473212416178,0.0867802939367483,-0.000221611804060849));
#6912=CARTESIAN_POINT('',(-0.0316753152015607,0.086674460603415,-0.00228359500503538));
#6913=CARTESIAN_POINT('',(-0.0304050577754493,0.0865686272700817,-0.0039094503683179));
#6914=CARTESIAN_POINT('',(-0.0291348003493378,0.0864627939367484,-0.00553530573160041));
#6915=CARTESIAN_POINT('',(-0.0271514866994845,0.086356960603415,-0.00610401176920829));
#6916=CARTESIAN_POINT('',(-0.0251681730496313,0.0862511272700817,-0.00667271780681617));
#6917=CARTESIAN_POINT('',(-0.0232293615799286,0.0861452939367483,-0.00596704814199048));
#6918=CARTESIAN_POINT('',(-0.0212905501102259,0.0860394606034151,-0.0052613784771648));
#6919=CARTESIAN_POINT('',(-0.0201368009043221,0.0859336272700817,-0.00355087493703921));
#6920=CARTESIAN_POINT('',(-0.0189830516984183,0.0858277939367484,-0.00184037139691362));
#6921=CARTESIAN_POINT('',(-0.0190550577384753,0.085721960603415,0.000221611804060911));
#6922=CARTESIAN_POINT('',(-0.0191270637785324,0.0856161272700817,0.00228359500503545));
#6923=CARTESIAN_POINT('',(-0.0203973212046439,0.0855102939367484,0.00390945036831796));
#6924=CARTESIAN_POINT('',(-0.0216675786307554,0.0854044606034151,0.00553530573160047));
#6925=CARTESIAN_POINT('',(-0.0236508922806087,0.0852986272700817,0.00610401176920835));
#6926=CARTESIAN_POINT('',(-0.0256342059304619,0.0851927939367483,0.00667271780681623));
#6927=CARTESIAN_POINT('',(-0.0275730174001645,0.085086960603415,0.00596704814199055));
#6928=CARTESIAN_POINT('',(-0.0295118288698673,0.0849811272700817,0.00526137847716486));
#6929=CARTESIAN_POINT('',(-0.0306655780757711,0.0848752939367483,0.00355087493703928));
#6930=CARTESIAN_POINT('',(-0.031819327281675,0.084769460603415,0.00184037139691369));
#6931=CARTESIAN_POINT('',(-0.0317473212416178,0.0846636272700817,-0.00022161180406085));
#6932=CARTESIAN_POINT('',(-0.0316753152015607,0.0845577939367484,-0.00228359500503538));
#6933=CARTESIAN_POINT('',(-0.0304050577754493,0.084451960603415,-0.0039094503683179));
#6934=CARTESIAN_POINT('',(-0.0291348003493378,0.0843461272700817,-0.00553530573160041));
#6935=CARTESIAN_POINT('',(-0.0271514866994845,0.0842402939367483,-0.00610401176920829));
#6936=CARTESIAN_POINT('',(-0.0251681730496313,0.084134460603415,-0.00667271780681618));
#6937=CARTESIAN_POINT('',(-0.0232293615799286,0.0840286272700817,-0.00596704814199048));
#6938=CARTESIAN_POINT('',(-0.0212905501102259,0.0839227939367484,-0.0052613784771648));
#6939=CARTESIAN_POINT('',(-0.0201368009043221,0.083816960603415,-0.00355087493703921));
#6940=CARTESIAN_POINT('',(-0.0189830516984183,0.0837111272700817,-0.00184037139691362));
#6941=CARTESIAN_POINT('',(-0.0190550577384753,0.0836052939367483,0.00022161180406091));
#6942=CARTESIAN_POINT('',(-0.0191270637785324,0.0834994606034151,0.00228359500503545));
#6943=CARTESIAN_POINT('',(-0.0203973212046439,0.0833936272700817,0.00390945036831796));
#6944=CARTESIAN_POINT('',(-0.0216675786307554,0.0832877939367484,0.00553530573160047));
#6945=CARTESIAN_POINT('',(-0.0236508922806087,0.083181960603415,0.00610401176920835));
#6946=CARTESIAN_POINT('',(-0.0256342059304619,0.0830761272700817,0.00667271780681623));
#6947=CARTESIAN_POINT('',(-0.0275730174001645,0.0829702939367484,0.00596704814199055));
#6948=CARTESIAN_POINT('',(-0.0295118288698673,0.0828644606034151,0.00526137847716486));
#6949=CARTESIAN_POINT('',(-0.0306655780757711,0.0827586272700817,0.00355087493703927));
#6950=CARTESIAN_POINT('',(-0.031819327281675,0.0826527939367484,0.00184037139691369));
#6951=CARTESIAN_POINT('',(-0.0317473212416178,0.082546960603415,-0.000221611804060851));
#6952=CARTESIAN_POINT('',(-0.0316753152015607,0.0824411272700818,-0.00228359500503538));
#6953=CARTESIAN_POINT('',(-0.0304050577754493,0.0823352939367483,-0.0039094503683179));
#6954=CARTESIAN_POINT('',(-0.0291348003493378,0.0822294606034151,-0.00553530573160041));
#6955=CARTESIAN_POINT('',(-0.0271514866994845,0.0821236272700817,-0.00610401176920829));
#6956=CARTESIAN_POINT('',(-0.0251681730496313,0.0820177939367483,-0.00667271780681618));
#6957=CARTESIAN_POINT('',(-0.0232293615799286,0.081911960603415,-0.00596704814199049));
#6958=CARTESIAN_POINT('',(-0.0227708907373258,0.0818869341899308,-0.00580017840200413));
#6959=CARTESIAN_POINT('',(-0.022343293201231,0.0818609592998516,-0.00556522868234969));
#6960=CARTESIAN_POINT('',(-0.02234329201967,0.0819774304494573,-0.00556522803312352));
#6961=CARTESIAN_POINT('',(-0.022767409148954,0.0820031939222287,-0.00579826550958666));
#6962=CARTESIAN_POINT('',(-0.0236495574859745,0.0820514579619636,-0.006160070446102));
#6963=CARTESIAN_POINT('',(-0.0250992401218445,0.0821300193914025,-0.00640018406219766));
#6964=CARTESIAN_POINT('',(-0.0265673288172021,0.0822090297969583,-0.00629696662986833));
#6965=CARTESIAN_POINT('',(-0.0283986701844395,0.0823063545785565,-0.00574304099094129));
#6966=CARTESIAN_POINT('',(-0.030019456803107,0.0824147218162997,-0.00454265837226342));
#6967=CARTESIAN_POINT('',(-0.0310862982473886,0.0825124787306816,-0.00295052187308431));
#6968=CARTESIAN_POINT('',(-0.0317878655746835,0.0826200053748257,-0.00110422115626852));
#6969=CARTESIAN_POINT('',(-0.0318273587193659,0.0827169014617687,0.000845541760137278));
#6970=CARTESIAN_POINT('',(-0.0312006083248995,0.0828244201686426,0.00271843072389411));
#6971=CARTESIAN_POINT('',(-0.0302021084434481,0.0829214290667205,0.00434894616642203));
#6972=CARTESIAN_POINT('',(-0.0286281326414562,0.0830305517282557,0.00561672219703593));
#6973=CARTESIAN_POINT('',(-0.0268238677171206,0.0831273332645261,0.00624475343522624));
#6974=CARTESIAN_POINT('',(-0.0248629254986558,0.0832344612578869,0.00645913144951299));
#6975=CARTESIAN_POINT('',(-0.0229639567526367,0.0833317721902897,0.00600533004153614));
#6976=CARTESIAN_POINT('',(-0.021310509436566,0.0834388920958267,0.00492920452401487));
#6977=CARTESIAN_POINT('',(-0.0199765042166583,0.0835380932708168,0.00354093655026168));
#6978=CARTESIAN_POINT('',(-0.0189484448060862,0.0836705433483972,0.00125911677203173));
#6979=CARTESIAN_POINT('',(-0.0190305240865789,0.0837941854025609,-0.0011932024955571));
#6980=CARTESIAN_POINT('',(-0.019754986194798,0.0839005826547238,-0.00302311628563363));
#6981=CARTESIAN_POINT('',(-0.0208384580318635,0.0839975942909339,-0.00459817787153197));
#6982=CARTESIAN_POINT('',(-0.0224749056527407,0.0841062338158797,-0.00577938024721526));
#6983=CARTESIAN_POINT('',(-0.0243146432764143,0.0842037897005932,-0.00631226420088301));
#6984=CARTESIAN_POINT('',(-0.026286911209152,0.0843113463392694,-0.00642067181747416));
#6985=CARTESIAN_POINT('',(-0.0281565618081395,0.0844082116889815,-0.00586670925561545));
#6986=CARTESIAN_POINT('',(-0.0297512022037224,0.0845157587861077,-0.00470118878878684));
#6987=CARTESIAN_POINT('',(-0.0310021498535413,0.0846128865171351,-0.00325437631002603));
#6988=CARTESIAN_POINT('',(-0.0317326330979029,0.0847218519253926,-0.00137064447641798));
#6989=CARTESIAN_POINT('',(-0.0317825724564379,0.0848188354252552,0.000540016267029815));
#6990=CARTESIAN_POINT('',(-0.031492496152705,0.0848985305147784,0.00198716845582928));
#6991=CARTESIAN_POINT('',(-0.0308797451658155,0.0849761058490803,0.00331585985913276));
#6992=CARTESIAN_POINT('',(-0.0300040581000283,0.0850494976777417,0.00445478176268914));
#6993=CARTESIAN_POINT('',(-0.0288573358368906,0.0851301670441813,0.00539417879277912));
#6994=CARTESIAN_POINT('',(-0.0275572797056638,0.0852052129450406,0.00602981476163996));
#6995=CARTESIAN_POINT('',(-0.0261453896466247,0.0852808299199053,0.00636325209966283));
#6996=CARTESIAN_POINT('',(-0.0246638203050165,0.0853613688577068,0.00636277617917932));
#6997=CARTESIAN_POINT('',(-0.0232662856279876,0.0854344765683194,0.00603762904565404));
#6998=CARTESIAN_POINT('',(-0.0219477534625248,0.0855124949654694,0.00539696229894725));
#6999=CARTESIAN_POINT('',(-0.0208078041706108,0.0855918803781247,0.0044624457837655));
#7000=CARTESIAN_POINT('',(-0.0196349320047736,0.0856889906721433,0.0029524098980432));
#7001=CARTESIAN_POINT('',(-0.0190063418413797,0.0857977094692327,0.00103379199361431));
#7002=CARTESIAN_POINT('',(-0.0190568464045625,0.0858951115387526,-0.000879871085707672));
#7003=CARTESIAN_POINT('',(-0.0195519309099411,0.0860026773883912,-0.00279213065955197));
#7004=CARTESIAN_POINT('',(-0.0206470334377434,0.0860995275332129,-0.00440547748402948));
#7005=CARTESIAN_POINT('',(-0.0222415066806915,0.0862070942016597,-0.00557140441981331));
#7006=CARTESIAN_POINT('',(-0.0240004332474741,0.0863043362139229,-0.00632463731563353));
#7007=CARTESIAN_POINT('',(-0.0260165460392955,0.0864132702997861,-0.00644842244157847));
#7008=CARTESIAN_POINT('',(-0.0278521151660407,0.0865101219084655,-0.00591721325509782));
#7009=CARTESIAN_POINT('',(-0.0295739907879717,0.0866169326347049,-0.00495922635202572));
#7010=CARTESIAN_POINT('',(-0.031188847958865,0.0867393862723868,-0.00312092925082766));
#7011=CARTESIAN_POINT('',(-0.0317141565689173,0.0868480202492573,-0.00117132377155842));
#7012=CARTESIAN_POINT('',(-0.0317473212416178,0.0868967651581292,-0.00022161180406085));
#7013=CARTESIAN_POINT('',(-0.0316789062963533,0.0870355858088918,0.000332195649923942));
#7014=CARTESIAN_POINT('',(-0.0317064672014424,0.0870075259597196,-0.00018864066179211));
#7015=CARTESIAN_POINT('',(-0.0316478188042862,0.0869798105789977,-0.000706897772309966));
#7016=CARTESIAN_POINT('',(-0.0315358571962522,0.0869269010581351,-0.00169626666016028));
#7017=CARTESIAN_POINT('',(-0.031123643579305,0.0868739915372725,-0.00260261434836996));
#7018=CARTESIAN_POINT('',(-0.0307114299623578,0.08682108201641,-0.00350896203657965));
#7019=CARTESIAN_POINT('',(-0.0300393146773854,0.0867681724955474,-0.00424356889853107));
#7020=CARTESIAN_POINT('',(-0.0293671993924129,0.0867152629746848,-0.00497817576048249));
#7021=CARTESIAN_POINT('',(-0.0285009737664108,0.0866623534538222,-0.00546913335822088));
#7022=CARTESIAN_POINT('',(-0.0276347481404088,0.0866094439329597,-0.00596009095595926));
#7023=CARTESIAN_POINT('',(-0.026659204372999,0.086556534412097,-0.00615934093911526));
#7024=CARTESIAN_POINT('',(-0.0256836606055892,0.0865036248912345,-0.00635859092227123));
#7025=CARTESIAN_POINT('',(-0.0246942917177389,0.0864507153703719,-0.00624662931423726));
#7026=CARTESIAN_POINT('',(-0.0237049228298886,0.0863978058495093,-0.00613466770620327));
#7027=CARTESIAN_POINT('',(-0.0227985751416789,0.0863448963286468,-0.00572245408925609));
#7028=CARTESIAN_POINT('',(-0.0218922274534692,0.0862919868077841,-0.0053102404723089));
#7029=CARTESIAN_POINT('',(-0.0211576205915178,0.0862390772869215,-0.00463812518733644));
#7030=CARTESIAN_POINT('',(-0.0204230137295664,0.086186167766059,-0.00396600990236398));
#7031=CARTESIAN_POINT('',(-0.019932056131828,0.0861332582451965,-0.00309978427636191));
#7032=CARTESIAN_POINT('',(-0.0194410985340896,0.0860803487243338,-0.00223355865035984));
#7033=CARTESIAN_POINT('',(-0.0192418485509336,0.0860274392034713,-0.00125801488295006));
#7034=CARTESIAN_POINT('',(-0.0190425985677776,0.0859745296826087,-0.000282471115540286));
#7035=CARTESIAN_POINT('',(-0.0191545601758116,0.0859216201617461,0.000706897772310029));
#7036=CARTESIAN_POINT('',(-0.0192665217838456,0.0858687106408835,0.00169626666016034));
#7037=CARTESIAN_POINT('',(-0.0196787354007928,0.085815801120021,0.00260261434837003));
#7038=CARTESIAN_POINT('',(-0.0200909490177399,0.0857628915991584,0.00350896203657971));
#7039=CARTESIAN_POINT('',(-0.0207630643027124,0.0857099820782958,0.00424356889853113));
#7040=CARTESIAN_POINT('',(-0.0214351795876848,0.0856570725574332,0.00497817576048255));
#7041=CARTESIAN_POINT('',(-0.022301405213687,0.0856041630365707,0.00546913335822094));
#7042=CARTESIAN_POINT('',(-0.023167630839689,0.0855512535157081,0.00596009095595932));
#7043=CARTESIAN_POINT('',(-0.0241431746070988,0.0854983439948455,0.00615934093911532));
#7044=CARTESIAN_POINT('',(-0.0251187183745086,0.0854454344739829,0.0063585909222713));
#7045=CARTESIAN_POINT('',(-0.0261080872623589,0.0853925249531203,0.00624662931423732));
#7046=CARTESIAN_POINT('',(-0.0270974561502092,0.0853396154322577,0.00613466770620334));
#7047=CARTESIAN_POINT('',(-0.0280038038384189,0.0852867059113952,0.00572245408925615));
#7048=CARTESIAN_POINT('',(-0.0289101515266286,0.0852337963905325,0.00531024047230896));
#7049=CARTESIAN_POINT('',(-0.02964475838858,0.08518088686967,0.0046381251873365));
#7050=CARTESIAN_POINT('',(-0.0303793652505314,0.0851279773488074,0.00396600990236404));
#7051=CARTESIAN_POINT('',(-0.0308703228482698,0.0850750678279448,0.00309978427636197));
#7052=CARTESIAN_POINT('',(-0.0313612804460082,0.0850221583070822,0.0022335586503599));
#7053=CARTESIAN_POINT('',(-0.0315605304291642,0.0849692487862197,0.00125801488295012));
#7054=CARTESIAN_POINT('',(-0.0317597804123201,0.0849163392653571,0.000282471115540348));
#7055=CARTESIAN_POINT('',(-0.0316478188042862,0.0848634297444945,-0.000706897772309967));
#7056=CARTESIAN_POINT('',(-0.0315358571962522,0.0848105202236319,-0.00169626666016028));
#7057=CARTESIAN_POINT('',(-0.031123643579305,0.0847576107027693,-0.00260261434836996));
#7058=CARTESIAN_POINT('',(-0.0307114299623578,0.0847047011819068,-0.00350896203657965));
#7059=CARTESIAN_POINT('',(-0.0300393146773854,0.0846517916610442,-0.00424356889853107));
#7060=CARTESIAN_POINT('',(-0.0293671993924129,0.0845988821401816,-0.00497817576048249));
#7061=CARTESIAN_POINT('',(-0.0285009737664108,0.084545972619319,-0.00546913335822088));
#7062=CARTESIAN_POINT('',(-0.0276347481404088,0.0844930630984565,-0.00596009095595926));
#7063=CARTESIAN_POINT('',(-0.026659204372999,0.0844401535775938,-0.00615934093911526));
#7064=CARTESIAN_POINT('',(-0.0256836606055892,0.0843872440567313,-0.00635859092227124));
#7065=CARTESIAN_POINT('',(-0.0246942917177389,0.0843343345358687,-0.00624662931423726));
#7066=CARTESIAN_POINT('',(-0.0237049228298886,0.0842814250150061,-0.00613466770620327));
#7067=CARTESIAN_POINT('',(-0.0227985751416789,0.0842285154941435,-0.00572245408925609));
#7068=CARTESIAN_POINT('',(-0.0218922274534692,0.0841756059732809,-0.0053102404723089));
#7069=CARTESIAN_POINT('',(-0.0211576205915178,0.0841226964524183,-0.00463812518733644));
#7070=CARTESIAN_POINT('',(-0.0204230137295664,0.0840697869315558,-0.00396600990236398));
#7071=CARTESIAN_POINT('',(-0.019932056131828,0.0840168774106932,-0.00309978427636191));
#7072=CARTESIAN_POINT('',(-0.0194410985340896,0.0839639678898306,-0.00223355865035984));
#7073=CARTESIAN_POINT('',(-0.0192418485509336,0.0839110583689681,-0.00125801488295007));
#7074=CARTESIAN_POINT('',(-0.0190425985677776,0.0838581488481055,-0.000282471115540287));
#7075=CARTESIAN_POINT('',(-0.0191545601758116,0.0838052393272429,0.000706897772310028));
#7076=CARTESIAN_POINT('',(-0.0192665217838456,0.0837523298063803,0.00169626666016034));
#7077=CARTESIAN_POINT('',(-0.0196787354007928,0.0836994202855178,0.00260261434837003));
#7078=CARTESIAN_POINT('',(-0.0200909490177399,0.0836465107646552,0.00350896203657971));
#7079=CARTESIAN_POINT('',(-0.0207630643027124,0.0835936012437926,0.00424356889853113));
#7080=CARTESIAN_POINT('',(-0.0214351795876848,0.08354069172293,0.00497817576048255));
#7081=CARTESIAN_POINT('',(-0.022301405213687,0.0834877822020674,0.00546913335822094));
#7082=CARTESIAN_POINT('',(-0.023167630839689,0.0834348726812048,0.00596009095595932));
#7083=CARTESIAN_POINT('',(-0.0241431746070988,0.0833819631603423,0.00615934093911532));
#7084=CARTESIAN_POINT('',(-0.0251187183745086,0.0833290536394796,0.0063585909222713));
#7085=CARTESIAN_POINT('',(-0.0261080872623589,0.0832761441186171,0.00624662931423732));
#7086=CARTESIAN_POINT('',(-0.0270974561502092,0.0832232345977545,0.00613466770620334));
#7087=CARTESIAN_POINT('',(-0.0280038038384189,0.0831703250768919,0.00572245408925615));
#7088=CARTESIAN_POINT('',(-0.0289101515266286,0.0831174155560293,0.00531024047230896));
#7089=CARTESIAN_POINT('',(-0.02964475838858,0.0830645060351668,0.0046381251873365));
#7090=CARTESIAN_POINT('',(-0.0303793652505314,0.0830115965143042,0.00396600990236404));
#7091=CARTESIAN_POINT('',(-0.0308703228482698,0.0829586869934416,0.00309978427636197));
#7092=CARTESIAN_POINT('',(-0.0313612804460082,0.082905777472579,0.0022335586503599));
#7093=CARTESIAN_POINT('',(-0.0315605304291642,0.0828528679517164,0.00125801488295012));
#7094=CARTESIAN_POINT('',(-0.0317597804123201,0.0827999584308539,0.000282471115540347));
#7095=CARTESIAN_POINT('',(-0.0316478188042862,0.0827470489099913,-0.000706897772309969));
#7096=CARTESIAN_POINT('',(-0.0315358571962522,0.0826941393891287,-0.00169626666016028));
#7097=CARTESIAN_POINT('',(-0.031123643579305,0.0826412298682661,-0.00260261434836997));
#7098=CARTESIAN_POINT('',(-0.0307114299623578,0.0825883203474036,-0.00350896203657965));
#7099=CARTESIAN_POINT('',(-0.0300393146773854,0.082535410826541,-0.00424356889853107));
#7100=CARTESIAN_POINT('',(-0.0293671993924129,0.0824825013056783,-0.00497817576048249));
#7101=CARTESIAN_POINT('',(-0.0285009737664108,0.0824295917848158,-0.00546913335822089));
#7102=CARTESIAN_POINT('',(-0.0276347481404088,0.0823766822639533,-0.00596009095595926));
#7103=CARTESIAN_POINT('',(-0.026659204372999,0.0823237727430906,-0.00615934093911526));
#7104=CARTESIAN_POINT('',(-0.0256836606055892,0.082270863222228,-0.00635859092227124));
#7105=CARTESIAN_POINT('',(-0.0246942917177389,0.0822179537013654,-0.00624662931423726));
#7106=CARTESIAN_POINT('',(-0.0237049228298886,0.0821650441805029,-0.00613466770620327));
#7107=CARTESIAN_POINT('',(-0.0227985751416789,0.0821121346596403,-0.00572245408925609));
#7108=CARTESIAN_POINT('',(-0.0223301433641924,0.0820847891925243,-0.00550940786008535));
#7109=CARTESIAN_POINT('',(-0.0219025947014718,0.0820571034054976,-0.00522301797386591));
#7110=CARTESIAN_POINT('',(-0.0317191074375395,0.0870123431957514,0.000334322959045419));
#7111=CARTESIAN_POINT('',(-0.0317468448367061,0.0869842833465792,-0.000189848675806135));
#7112=CARTESIAN_POINT('',(-0.0316878208678943,0.0869565679658574,-0.000711424592812643));
#7113=CARTESIAN_POINT('',(-0.0315751422819286,0.0869036584449949,-0.00170712918511936));
#7114=CARTESIAN_POINT('',(-0.031160288938099,0.0868507489241322,-0.00261928092797211));
#7115=CARTESIAN_POINT('',(-0.0307454355942694,0.0867978394032697,-0.00353143267082486));
#7116=CARTESIAN_POINT('',(-0.0300690162283232,0.086744929882407,-0.00427074379629833));
#7117=CARTESIAN_POINT('',(-0.0293925968623769,0.0866920203615445,-0.00501005492177181));
#7118=CARTESIAN_POINT('',(-0.0285208241147438,0.0866391108406818,-0.00550415650582115));
#7119=CARTESIAN_POINT('',(-0.0276490513671107,0.0865862013198194,-0.00599825808987051));
#7120=CARTESIAN_POINT('',(-0.0266672604283268,0.0865332917989568,-0.0061987840268408));
#7121=CARTESIAN_POINT('',(-0.0256854694895429,0.0864803822780942,-0.00639930996381111));
#7122=CARTESIAN_POINT('',(-0.0246897648972362,0.0864274727572316,-0.00628663137784537));
#7123=CARTESIAN_POINT('',(-0.0236940603049295,0.086374563236369,-0.00617395279187962));
#7124=CARTESIAN_POINT('',(-0.0227819085620768,0.0863216537155064,-0.00575909944805002));
#7125=CARTESIAN_POINT('',(-0.021869756819224,0.0862687441946439,-0.00534424610422043));
#7126=CARTESIAN_POINT('',(-0.0211304456937505,0.0862158346737813,-0.00466782673827422));
#7127=CARTESIAN_POINT('',(-0.0203911345682771,0.0861629251529187,-0.00399140737232802));
#7128=CARTESIAN_POINT('',(-0.0198970329842277,0.0861100156320561,-0.00311963462469488));
#7129=CARTESIAN_POINT('',(-0.0194029314001784,0.0860571061111936,-0.00224786187706173));
#7130=CARTESIAN_POINT('',(-0.0192024054632081,0.0860041965903309,-0.00126607093827787));
#7131=CARTESIAN_POINT('',(-0.0190018795262378,0.0859512870694684,-0.000284279999494006));
#7132=CARTESIAN_POINT('',(-0.0191145581122035,0.0858983775486057,0.000711424592812706));
#7133=CARTESIAN_POINT('',(-0.0192272366981693,0.0858454680277432,0.00170712918511942));
#7134=CARTESIAN_POINT('',(-0.0196420900419988,0.0857925585068806,0.00261928092797217));
#7135=CARTESIAN_POINT('',(-0.0200569433858284,0.0857396489860181,0.00353143267082492));
#7136=CARTESIAN_POINT('',(-0.0207333627517746,0.0856867394651555,0.0042707437962984));
#7137=CARTESIAN_POINT('',(-0.0214097821177209,0.0856338299442929,0.00501005492177187));
#7138=CARTESIAN_POINT('',(-0.022281554865354,0.0855809204234303,0.00550415650582122));
#7139=CARTESIAN_POINT('',(-0.0231533276129871,0.0855280109025677,0.00599825808987056));
#7140=CARTESIAN_POINT('',(-0.024135118551771,0.0854751013817051,0.00619878402684087));
#7141=CARTESIAN_POINT('',(-0.0251169094905549,0.0854221918608426,0.00639930996381118));
#7142=CARTESIAN_POINT('',(-0.0261126140828616,0.08536928233998,0.00628663137784543));
#7143=CARTESIAN_POINT('',(-0.0271083186751683,0.0853163728191174,0.00617395279187969));
#7144=CARTESIAN_POINT('',(-0.028020470418021,0.0852634632982548,0.00575909944805009));
#7145=CARTESIAN_POINT('',(-0.0289326221608738,0.0852105537773923,0.00534424610422048));
#7146=CARTESIAN_POINT('',(-0.0296719332863473,0.0851576442565296,0.00466782673827428));
#7147=CARTESIAN_POINT('',(-0.0304112444118207,0.0851047347356671,0.00399140737232808));
#7148=CARTESIAN_POINT('',(-0.03090534599587,0.0850518252148045,0.00311963462469494));
#7149=CARTESIAN_POINT('',(-0.0313994475799194,0.0849989156939419,0.00224786187706179));
#7150=CARTESIAN_POINT('',(-0.0315999735168897,0.0849460061730793,0.00126607093827793));
#7151=CARTESIAN_POINT('',(-0.03180049945386,0.0848930966522168,0.000284279999494068));
#7152=CARTESIAN_POINT('',(-0.0316878208678943,0.0848401871313542,-0.000711424592812644));
#7153=CARTESIAN_POINT('',(-0.0315751422819286,0.0847872776104916,-0.00170712918511936));
#7154=CARTESIAN_POINT('',(-0.031160288938099,0.084734368089629,-0.00261928092797211));
#7155=CARTESIAN_POINT('',(-0.0307454355942694,0.0846814585687664,-0.00353143267082487));
#7156=CARTESIAN_POINT('',(-0.0300690162283232,0.0846285490479039,-0.00427074379629834));
#7157=CARTESIAN_POINT('',(-0.0293925968623769,0.0845756395270413,-0.00501005492177181));
#7158=CARTESIAN_POINT('',(-0.0285208241147438,0.0845227300061787,-0.00550415650582115));
#7159=CARTESIAN_POINT('',(-0.0276490513671107,0.0844698204853161,-0.00599825808987051));
#7160=CARTESIAN_POINT('',(-0.0266672604283268,0.0844169109644535,-0.0061987840268408));
#7161=CARTESIAN_POINT('',(-0.0256854694895429,0.0843640014435909,-0.00639930996381111));
#7162=CARTESIAN_POINT('',(-0.0246897648972362,0.0843110919227283,-0.00628663137784537));
#7163=CARTESIAN_POINT('',(-0.0236940603049295,0.0842581824018658,-0.00617395279187963));
#7164=CARTESIAN_POINT('',(-0.0227819085620768,0.0842052728810032,-0.00575909944805002));
#7165=CARTESIAN_POINT('',(-0.021869756819224,0.0841523633601406,-0.00534424610422043));
#7166=CARTESIAN_POINT('',(-0.0211304456937505,0.084099453839278,-0.00466782673827422));
#7167=CARTESIAN_POINT('',(-0.0203911345682771,0.0840465443184155,-0.00399140737232802));
#7168=CARTESIAN_POINT('',(-0.0198970329842277,0.0839936347975529,-0.00311963462469488));
#7169=CARTESIAN_POINT('',(-0.0194029314001784,0.0839407252766903,-0.00224786187706173));
#7170=CARTESIAN_POINT('',(-0.0192024054632081,0.0838878157558278,-0.00126607093827787));
#7171=CARTESIAN_POINT('',(-0.0190018795262378,0.0838349062349651,-0.000284279999494007));
#7172=CARTESIAN_POINT('',(-0.0191145581122035,0.0837819967141026,0.000711424592812705));
#7173=CARTESIAN_POINT('',(-0.0192272366981693,0.0837290871932401,0.00170712918511941));
#7174=CARTESIAN_POINT('',(-0.0196420900419988,0.0836761776723774,0.00261928092797217));
#7175=CARTESIAN_POINT('',(-0.0200569433858284,0.0836232681515148,0.00353143267082492));
#7176=CARTESIAN_POINT('',(-0.0207333627517746,0.0835703586306522,0.00427074379629839));
#7177=CARTESIAN_POINT('',(-0.0214097821177209,0.0835174491097896,0.00501005492177187));
#7178=CARTESIAN_POINT('',(-0.022281554865354,0.0834645395889271,0.00550415650582122));
#7179=CARTESIAN_POINT('',(-0.0231533276129871,0.0834116300680645,0.00599825808987056));
#7180=CARTESIAN_POINT('',(-0.024135118551771,0.0833587205472019,0.00619878402684087));
#7181=CARTESIAN_POINT('',(-0.0251169094905549,0.0833058110263393,0.00639930996381118));
#7182=CARTESIAN_POINT('',(-0.0261126140828616,0.0832529015054767,0.00628663137784543));
#7183=CARTESIAN_POINT('',(-0.0271083186751683,0.0831999919846142,0.00617395279187969));
#7184=CARTESIAN_POINT('',(-0.028020470418021,0.0831470824637515,0.00575909944805009));
#7185=CARTESIAN_POINT('',(-0.0289326221608738,0.0830941729428891,0.00534424610422048));
#7186=CARTESIAN_POINT('',(-0.0296719332863473,0.0830412634220265,0.00466782673827428));
#7187=CARTESIAN_POINT('',(-0.0304112444118207,0.0829883539011639,0.00399140737232808));
#7188=CARTESIAN_POINT('',(-0.03090534599587,0.0829354443803013,0.00311963462469493));
#7189=CARTESIAN_POINT('',(-0.0313994475799194,0.0828825348594388,0.00224786187706179));
#7190=CARTESIAN_POINT('',(-0.0315999735168897,0.0828296253385761,0.00126607093827793));
#7191=CARTESIAN_POINT('',(-0.03180049945386,0.0827767158177136,0.000284279999494067));
#7192=CARTESIAN_POINT('',(-0.0316878208678943,0.0827238062968509,-0.000711424592812645));
#7193=CARTESIAN_POINT('',(-0.0315751422819286,0.0826708967759884,-0.00170712918511936));
#7194=CARTESIAN_POINT('',(-0.031160288938099,0.0826179872551258,-0.00261928092797211));
#7195=CARTESIAN_POINT('',(-0.0307454355942694,0.0825650777342633,-0.00353143267082487));
#7196=CARTESIAN_POINT('',(-0.0300690162283232,0.0825121682134006,-0.00427074379629834));
#7197=CARTESIAN_POINT('',(-0.0293925968623769,0.0824592586925381,-0.00501005492177182));
#7198=CARTESIAN_POINT('',(-0.0285208241147438,0.0824063491716754,-0.00550415650582116));
#7199=CARTESIAN_POINT('',(-0.0276490513671107,0.082353439650813,-0.00599825808987051));
#7200=CARTESIAN_POINT('',(-0.0266672604283268,0.0823005301299504,-0.00619878402684081));
#7201=CARTESIAN_POINT('',(-0.0256854694895429,0.0822476206090878,-0.00639930996381111));
#7202=CARTESIAN_POINT('',(-0.0246897648972362,0.0821947110882252,-0.00628663137784537));
#7203=CARTESIAN_POINT('',(-0.0236940603049295,0.0821418015673626,-0.00617395279187963));
#7204=CARTESIAN_POINT('',(-0.0227819085620768,0.0820888920465,-0.00575909944805002));
#7205=CARTESIAN_POINT('',(-0.0223104770487622,0.082061546579384,-0.00554468891688823));
#7206=CARTESIAN_POINT('',(-0.0218801904568414,0.0820338607923573,-0.0052564650517549));
#7207=CARTESIAN_POINT('',(-0.0317423175772251,0.0869720858088917,0.000335551161539359));
#7208=CARTESIAN_POINT('',(-0.0317701568752949,0.0869440259597196,-0.000190546123022311));
#7209=CARTESIAN_POINT('',(-0.0317109160700866,0.0869163105789976,-0.00071403815384843));
#7210=CARTESIAN_POINT('',(-0.0315978235367189,0.0868634010581351,-0.00171340066682855));
#7211=CARTESIAN_POINT('',(-0.0311814461458631,0.0868104915372725,-0.00262890338219187));
#7212=CARTESIAN_POINT('',(-0.0307650687550075,0.08675758201641,-0.00354440609755519));
#7213=CARTESIAN_POINT('',(-0.0300861644267524,0.0867046724955473,-0.00428643323083946));
#7214=CARTESIAN_POINT('',(-0.0294072600984975,0.0866517629746849,-0.00502846036412374));
#7215=CARTESIAN_POINT('',(-0.0285322847186974,0.0865988534538222,-0.00552437712951605));
#7216=CARTESIAN_POINT('',(-0.0276573093388973,0.0865459439329597,-0.00602029389490836));
#7217=CARTESIAN_POINT('',(-0.0266719115940389,0.086493034412097,-0.00622155650415684));
#7218=CARTESIAN_POINT('',(-0.0256865138491805,0.0864401248912345,-0.00642281911340531));
#7219=CARTESIAN_POINT('',(-0.0246871513362004,0.0863872153703719,-0.00630972658003765));
#7220=CARTESIAN_POINT('',(-0.0236877888232203,0.0863343058495094,-0.00619663404667));
#7221=CARTESIAN_POINT('',(-0.022772286107857,0.0862813963286467,-0.00578025665581426));
#7222=CARTESIAN_POINT('',(-0.0218567833924936,0.0862284868077842,-0.00536387926495851));
#7223=CARTESIAN_POINT('',(-0.0211147562592094,0.0861755772869215,-0.0046849749367035));
#7224=CARTESIAN_POINT('',(-0.0203727291259251,0.0861226677660591,-0.0040060706084485));
#7225=CARTESIAN_POINT('',(-0.0198768123605328,0.0860697582451963,-0.00313109522864843));
#7226=CARTESIAN_POINT('',(-0.0193808955951405,0.0860168487243339,-0.00225611984884835));
#7227=CARTESIAN_POINT('',(-0.019179632985892,0.0859639392034713,-0.00127072210398999));
#7228=CARTESIAN_POINT('',(-0.0189783703766436,0.0859110296826087,-0.000285324359131627));
#7229=CARTESIAN_POINT('',(-0.0190914629100112,0.085858120161746,0.000714038153848493));
#7230=CARTESIAN_POINT('',(-0.0192045554433788,0.0858052106408836,0.00171340066682861));
#7231=CARTESIAN_POINT('',(-0.0196209328342346,0.0857523011200209,0.00262890338219193));
#7232=CARTESIAN_POINT('',(-0.0200373102250904,0.0856993915991584,0.00354440609755525));
#7233=CARTESIAN_POINT('',(-0.0207162145533454,0.0856464820782958,0.00428643323083952));
#7234=CARTESIAN_POINT('',(-0.0213951188816004,0.0855935725574333,0.00502846036412379));
#7235=CARTESIAN_POINT('',(-0.0222700942614004,0.0855406630365706,0.0055243771295161));
#7236=CARTESIAN_POINT('',(-0.0231450696412005,0.0854877535157081,0.00602029389490842));
#7237=CARTESIAN_POINT('',(-0.0241304673860588,0.0854348439948454,0.00622155650415689));
#7238=CARTESIAN_POINT('',(-0.0251158651309172,0.0853819344739829,0.00642281911340537));
#7239=CARTESIAN_POINT('',(-0.0261152276438973,0.0853290249531202,0.00630972658003771));
#7240=CARTESIAN_POINT('',(-0.0271145901568775,0.0852761154322577,0.00619663404667007));
#7241=CARTESIAN_POINT('',(-0.0280300928722408,0.0852232059113951,0.00578025665581432));
#7242=CARTESIAN_POINT('',(-0.0289455955876041,0.0851702963905326,0.00536387926495857));
#7243=CARTESIAN_POINT('',(-0.0296876227208884,0.08511738686967,0.00468497493670356));
#7244=CARTESIAN_POINT('',(-0.0304296498541727,0.0850644773488074,0.00400607060844856));
#7245=CARTESIAN_POINT('',(-0.030925566619565,0.0850115678279448,0.00313109522864849));
#7246=CARTESIAN_POINT('',(-0.0314214833849573,0.0849586583070823,0.00225611984884842));
#7247=CARTESIAN_POINT('',(-0.0316227459942057,0.0849057487862197,0.00127072210399005));
#7248=CARTESIAN_POINT('',(-0.0318240086034543,0.0848528392653571,0.000285324359131689));
#7249=CARTESIAN_POINT('',(-0.0317109160700866,0.0847999297444945,-0.000714038153848431));
#7250=CARTESIAN_POINT('',(-0.0315978235367189,0.0847470202236319,-0.00171340066682855));
#7251=CARTESIAN_POINT('',(-0.0311814461458631,0.0846941107027693,-0.00262890338219187));
#7252=CARTESIAN_POINT('',(-0.0307650687550075,0.0846412011819068,-0.0035444060975552));
#7253=CARTESIAN_POINT('',(-0.0300861644267524,0.0845882916610441,-0.00428643323083946));
#7254=CARTESIAN_POINT('',(-0.0294072600984975,0.0845353821401816,-0.00502846036412374));
#7255=CARTESIAN_POINT('',(-0.0285322847186974,0.084482472619319,-0.00552437712951605));
#7256=CARTESIAN_POINT('',(-0.0276573093388973,0.0844295630984565,-0.00602029389490836));
#7257=CARTESIAN_POINT('',(-0.0266719115940389,0.0843766535775938,-0.00622155650415684));
#7258=CARTESIAN_POINT('',(-0.0256865138491805,0.0843237440567313,-0.00642281911340531));
#7259=CARTESIAN_POINT('',(-0.0246871513362004,0.0842708345358686,-0.00630972658003765));
#7260=CARTESIAN_POINT('',(-0.0236877888232203,0.0842179250150061,-0.00619663404667001));
#7261=CARTESIAN_POINT('',(-0.022772286107857,0.0841650154941436,-0.00578025665581426));
#7262=CARTESIAN_POINT('',(-0.0218567833924936,0.0841121059732809,-0.00536387926495851));
#7263=CARTESIAN_POINT('',(-0.0211147562592094,0.0840591964524184,-0.00468497493670351));
#7264=CARTESIAN_POINT('',(-0.0203727291259251,0.0840062869315558,-0.0040060706084485));
#7265=CARTESIAN_POINT('',(-0.0198768123605328,0.0839533774106932,-0.00313109522864843));
#7266=CARTESIAN_POINT('',(-0.0193808955951405,0.0839004678898306,-0.00225611984884835));
#7267=CARTESIAN_POINT('',(-0.019179632985892,0.083847558368968,-0.00127072210398999));
#7268=CARTESIAN_POINT('',(-0.0189783703766436,0.0837946488481055,-0.000285324359131628));
#7269=CARTESIAN_POINT('',(-0.0190914629100112,0.0837417393272429,0.000714038153848492));
#7270=CARTESIAN_POINT('',(-0.0192045554433788,0.0836888298063803,0.00171340066682861));
#7271=CARTESIAN_POINT('',(-0.0196209328342346,0.0836359202855177,0.00262890338219193));
#7272=CARTESIAN_POINT('',(-0.0200373102250904,0.0835830107646551,0.00354440609755525));
#7273=CARTESIAN_POINT('',(-0.0207162145533454,0.0835301012437926,0.00428643323083952));
#7274=CARTESIAN_POINT('',(-0.0213951188816004,0.08347719172293,0.00502846036412379));
#7275=CARTESIAN_POINT('',(-0.0222700942614004,0.0834242822020674,0.0055243771295161));
#7276=CARTESIAN_POINT('',(-0.0231450696412005,0.0833713726812049,0.00602029389490842));
#7277=CARTESIAN_POINT('',(-0.0241304673860588,0.0833184631603423,0.00622155650415689));
#7278=CARTESIAN_POINT('',(-0.0251158651309172,0.0832655536394797,0.00642281911340537));
#7279=CARTESIAN_POINT('',(-0.0261152276438973,0.0832126441186171,0.00630972658003771));
#7280=CARTESIAN_POINT('',(-0.0271145901568775,0.0831597345977546,0.00619663404667007));
#7281=CARTESIAN_POINT('',(-0.0280300928722408,0.0831068250768919,0.00578025665581432));
#7282=CARTESIAN_POINT('',(-0.0289455955876041,0.0830539155560293,0.00536387926495857));
#7283=CARTESIAN_POINT('',(-0.0296876227208884,0.0830010060351667,0.00468497493670356));
#7284=CARTESIAN_POINT('',(-0.0304296498541727,0.0829480965143043,0.00400607060844856));
#7285=CARTESIAN_POINT('',(-0.030925566619565,0.0828951869934416,0.00313109522864848));
#7286=CARTESIAN_POINT('',(-0.0314214833849573,0.0828422774725791,0.00225611984884842));
#7287=CARTESIAN_POINT('',(-0.0316227459942057,0.0827893679517164,0.00127072210399005));
#7288=CARTESIAN_POINT('',(-0.0318240086034543,0.0827364584308538,0.000285324359131687));
#7289=CARTESIAN_POINT('',(-0.0317109160700866,0.0826835489099912,-0.000714038153848432));
#7290=CARTESIAN_POINT('',(-0.0315978235367189,0.0826306393891288,-0.00171340066682855));
#7291=CARTESIAN_POINT('',(-0.0311814461458631,0.082577729868266,-0.00262890338219188));
#7292=CARTESIAN_POINT('',(-0.0307650687550075,0.0825248203474035,-0.0035444060975552));
#7293=CARTESIAN_POINT('',(-0.0300861644267524,0.082471910826541,-0.00428643323083946));
#7294=CARTESIAN_POINT('',(-0.0294072600984975,0.0824190013056785,-0.00502846036412374));
#7295=CARTESIAN_POINT('',(-0.0285322847186974,0.0823660917848158,-0.00552437712951605));
#7296=CARTESIAN_POINT('',(-0.0276573093388973,0.0823131822639533,-0.00602029389490836));
#7297=CARTESIAN_POINT('',(-0.0266719115940389,0.0822602727430906,-0.00622155650415684));
#7298=CARTESIAN_POINT('',(-0.0256865138491805,0.0822073632222281,-0.00642281911340531));
#7299=CARTESIAN_POINT('',(-0.0246871513362004,0.0821544537013655,-0.00630972658003765));
#7300=CARTESIAN_POINT('',(-0.0236877888232203,0.082101544180503,-0.00619663404667001));
#7301=CARTESIAN_POINT('',(-0.022772286107857,0.0820486346596403,-0.00578025665581426));
#7302=CARTESIAN_POINT('',(-0.0222991226962545,0.0820212891925243,-0.00556505844453068));
#7303=CARTESIAN_POINT('',(-0.021867255360173,0.0819936034054976,-0.00527577573117772));
#7304=CARTESIAN_POINT('',(-0.0317423175772251,0.0869256005826111,0.00033555116153936));
#7305=CARTESIAN_POINT('',(-0.0317701568752948,0.0868975407334389,-0.00019054612302231));
#7306=CARTESIAN_POINT('',(-0.0317109160700866,0.086869825352717,-0.00071403815384843));
#7307=CARTESIAN_POINT('',(-0.0315978235367189,0.0868169158318545,-0.00171340066682855));
#7308=CARTESIAN_POINT('',(-0.0311814461458631,0.086764006310992,-0.00262890338219187));
#7309=CARTESIAN_POINT('',(-0.0307650687550074,0.0867110967901293,-0.00354440609755519));
#7310=CARTESIAN_POINT('',(-0.0300861644267524,0.0866581872692668,-0.00428643323083946));
#7311=CARTESIAN_POINT('',(-0.0294072600984974,0.0866052777484042,-0.00502846036412373));
#7312=CARTESIAN_POINT('',(-0.0285322847186973,0.0865523682275416,-0.00552437712951604));
#7313=CARTESIAN_POINT('',(-0.0276573093388973,0.086499458706679,-0.00602029389490835));
#7314=CARTESIAN_POINT('',(-0.0266719115940389,0.0864465491858165,-0.00622155650415683));
#7315=CARTESIAN_POINT('',(-0.0256865138491805,0.0863936396649539,-0.00642281911340531));
#7316=CARTESIAN_POINT('',(-0.0246871513362004,0.0863407301440913,-0.00630972658003766));
#7317=CARTESIAN_POINT('',(-0.0236877888232203,0.0862878206232286,-0.00619663404667));
#7318=CARTESIAN_POINT('',(-0.022772286107857,0.0862349111023661,-0.00578025665581425));
#7319=CARTESIAN_POINT('',(-0.0218567833924937,0.0861820015815035,-0.00536387926495851));
#7320=CARTESIAN_POINT('',(-0.0211147562592094,0.086129092060641,-0.00468497493670351));
#7321=CARTESIAN_POINT('',(-0.0203727291259251,0.0860761825397783,-0.0040060706084485));
#7322=CARTESIAN_POINT('',(-0.0198768123605328,0.0860232730189158,-0.00313109522864843));
#7323=CARTESIAN_POINT('',(-0.0193808955951405,0.0859703634980532,-0.00225611984884835));
#7324=CARTESIAN_POINT('',(-0.019179632985892,0.0859174539771906,-0.00127072210398999));
#7325=CARTESIAN_POINT('',(-0.0189783703766435,0.085864544456328,-0.000285324359131627));
#7326=CARTESIAN_POINT('',(-0.0190914629100112,0.0858116349354655,0.000714038153848492));
#7327=CARTESIAN_POINT('',(-0.0192045554433789,0.0857587254146029,0.00171340066682861));
#7328=CARTESIAN_POINT('',(-0.0196209328342346,0.0857058158937403,0.00262890338219193));
#7329=CARTESIAN_POINT('',(-0.0200373102250904,0.0856529063728777,0.00354440609755526));
#7330=CARTESIAN_POINT('',(-0.0207162145533453,0.0855999968520151,0.00428643323083952));
#7331=CARTESIAN_POINT('',(-0.0213951188816004,0.0855470873311526,0.00502846036412379));
#7332=CARTESIAN_POINT('',(-0.0222700942614004,0.08549417781029,0.0055243771295161));
#7333=CARTESIAN_POINT('',(-0.0231450696412005,0.0854412682894274,0.00602029389490841));
#7334=CARTESIAN_POINT('',(-0.0241304673860589,0.0853883587685648,0.00622155650415689));
#7335=CARTESIAN_POINT('',(-0.0251158651309172,0.0853354492477023,0.00642281911340537));
#7336=CARTESIAN_POINT('',(-0.0261152276438973,0.0852825397268396,0.00630972658003772));
#7337=CARTESIAN_POINT('',(-0.0271145901568775,0.085229630205977,0.00619663404667006));
#7338=CARTESIAN_POINT('',(-0.0280300928722408,0.0851767206851145,0.00578025665581431));
#7339=CARTESIAN_POINT('',(-0.0289455955876041,0.0851238111642519,0.00536387926495858));
#7340=CARTESIAN_POINT('',(-0.0296876227208884,0.0850709016433893,0.00468497493670356));
#7341=CARTESIAN_POINT('',(-0.0304296498541726,0.0850179921225267,0.00400607060844855));
#7342=CARTESIAN_POINT('',(-0.0309255666195649,0.0849650826016641,0.00313109522864849));
#7343=CARTESIAN_POINT('',(-0.0314214833849573,0.0849121730808016,0.00225611984884841));
#7344=CARTESIAN_POINT('',(-0.0316227459942058,0.0848592635599391,0.00127072210399005));
#7345=CARTESIAN_POINT('',(-0.0318240086034542,0.0848063540390764,0.000285324359131689));
#7346=CARTESIAN_POINT('',(-0.0317109160700866,0.0847534445182139,-0.000714038153848431));
#7347=CARTESIAN_POINT('',(-0.0315978235367189,0.0847005349973513,-0.00171340066682855));
#7348=CARTESIAN_POINT('',(-0.0311814461458631,0.0846476254764887,-0.00262890338219187));
#7349=CARTESIAN_POINT('',(-0.0307650687550074,0.0845947159556261,-0.00354440609755519));
#7350=CARTESIAN_POINT('',(-0.0300861644267524,0.0845418064347636,-0.00428643323083946));
#7351=CARTESIAN_POINT('',(-0.0294072600984974,0.084488896913901,-0.00502846036412373));
#7352=CARTESIAN_POINT('',(-0.0285322847186973,0.0844359873930384,-0.00552437712951605));
#7353=CARTESIAN_POINT('',(-0.0276573093388973,0.0843830778721757,-0.00602029389490835));
#7354=CARTESIAN_POINT('',(-0.0266719115940389,0.0843301683513132,-0.00622155650415683));
#7355=CARTESIAN_POINT('',(-0.0256865138491805,0.0842772588304506,-0.00642281911340531));
#7356=CARTESIAN_POINT('',(-0.0246871513362004,0.0842243493095881,-0.00630972658003766));
#7357=CARTESIAN_POINT('',(-0.0236877888232203,0.0841714397887254,-0.00619663404667));
#7358=CARTESIAN_POINT('',(-0.022772286107857,0.0841185302678629,-0.00578025665581425));
#7359=CARTESIAN_POINT('',(-0.0218567833924937,0.0840656207470003,-0.00536387926495851));
#7360=CARTESIAN_POINT('',(-0.0211147562592094,0.0840127112261377,-0.00468497493670351));
#7361=CARTESIAN_POINT('',(-0.0203727291259251,0.0839598017052751,-0.0040060706084485));
#7362=CARTESIAN_POINT('',(-0.0198768123605328,0.0839068921844126,-0.00313109522864843));
#7363=CARTESIAN_POINT('',(-0.0193808955951405,0.08385398266355,-0.00225611984884835));
#7364=CARTESIAN_POINT('',(-0.019179632985892,0.0838010731426874,-0.00127072210398999));
#7365=CARTESIAN_POINT('',(-0.0189783703766435,0.0837481636218248,-0.000285324359131628));
#7366=CARTESIAN_POINT('',(-0.0190914629100112,0.0836952541009622,0.000714038153848491));
#7367=CARTESIAN_POINT('',(-0.0192045554433789,0.0836423445800997,0.00171340066682861));
#7368=CARTESIAN_POINT('',(-0.0196209328342346,0.0835894350592371,0.00262890338219193));
#7369=CARTESIAN_POINT('',(-0.0200373102250904,0.0835365255383745,0.00354440609755525));
#7370=CARTESIAN_POINT('',(-0.0207162145533453,0.0834836160175119,0.00428643323083952));
#7371=CARTESIAN_POINT('',(-0.0213951188816004,0.0834307064966494,0.00502846036412379));
#7372=CARTESIAN_POINT('',(-0.0222700942614004,0.0833777969757868,0.0055243771295161));
#7373=CARTESIAN_POINT('',(-0.0231450696412005,0.0833248874549242,0.00602029389490841));
#7374=CARTESIAN_POINT('',(-0.0241304673860589,0.0832719779340616,0.00622155650415689));
#7375=CARTESIAN_POINT('',(-0.0251158651309172,0.083219068413199,0.00642281911340537));
#7376=CARTESIAN_POINT('',(-0.0261152276438973,0.0831661588923364,0.00630972658003772));
#7377=CARTESIAN_POINT('',(-0.0271145901568775,0.0831132493714738,0.00619663404667006));
#7378=CARTESIAN_POINT('',(-0.0280300928722408,0.0830603398506113,0.00578025665581431));
#7379=CARTESIAN_POINT('',(-0.0289455955876041,0.0830074303297487,0.00536387926495858));
#7380=CARTESIAN_POINT('',(-0.0296876227208884,0.0829545208088861,0.00468497493670356));
#7381=CARTESIAN_POINT('',(-0.0304296498541726,0.0829016112880235,0.00400607060844855));
#7382=CARTESIAN_POINT('',(-0.0309255666195649,0.0828487017671609,0.00313109522864849));
#7383=CARTESIAN_POINT('',(-0.0314214833849573,0.0827957922462984,0.00225611984884841));
#7384=CARTESIAN_POINT('',(-0.0316227459942058,0.0827428827254359,0.00127072210399005));
#7385=CARTESIAN_POINT('',(-0.0318240086034542,0.0826899732045732,0.000285324359131687));
#7386=CARTESIAN_POINT('',(-0.0317109160700866,0.0826370636837107,-0.000714038153848432));
#7387=CARTESIAN_POINT('',(-0.0315978235367189,0.0825841541628481,-0.00171340066682855));
#7388=CARTESIAN_POINT('',(-0.0311814461458631,0.0825312446419855,-0.00262890338219187));
#7389=CARTESIAN_POINT('',(-0.0307650687550074,0.0824783351211229,-0.00354440609755519));
#7390=CARTESIAN_POINT('',(-0.0300861644267524,0.0824254256002604,-0.00428643323083946));
#7391=CARTESIAN_POINT('',(-0.0294072600984974,0.0823725160793978,-0.00502846036412373));
#7392=CARTESIAN_POINT('',(-0.0285322847186973,0.0823196065585352,-0.00552437712951605));
#7393=CARTESIAN_POINT('',(-0.0276573093388973,0.0822666970376726,-0.00602029389490835));
#7394=CARTESIAN_POINT('',(-0.0266719115940389,0.08221378751681,-0.00622155650415683));
#7395=CARTESIAN_POINT('',(-0.0256865138491805,0.0821608779959474,-0.00642281911340531));
#7396=CARTESIAN_POINT('',(-0.0246871513362004,0.0821079684750849,-0.00630972658003766));
#7397=CARTESIAN_POINT('',(-0.0236877888232203,0.0820550589542222,-0.00619663404667));
#7398=CARTESIAN_POINT('',(-0.022772286107857,0.0820021494333597,-0.00578025665581426));
#7399=CARTESIAN_POINT('',(-0.0222991226962545,0.0819748039662437,-0.00556505844453068));
#7400=CARTESIAN_POINT('',(-0.0218672553601731,0.081947118179217,-0.00527577573117772));
#7401=CARTESIAN_POINT('',(-0.0317423175772251,0.0869251772492777,0.00033555116153936));
#7402=CARTESIAN_POINT('',(-0.0317701568752948,0.0868971174001055,-0.00019054612302231));
#7403=CARTESIAN_POINT('',(-0.0317109160700866,0.0868694020193837,-0.00071403815384843));
#7404=CARTESIAN_POINT('',(-0.0315978235367189,0.0868164924985212,-0.00171340066682855));
#7405=CARTESIAN_POINT('',(-0.0311814461458631,0.0867635829776586,-0.00262890338219187));
#7406=CARTESIAN_POINT('',(-0.0307650687550074,0.086710673456796,-0.00354440609755519));
#7407=CARTESIAN_POINT('',(-0.0300861644267524,0.0866577639359334,-0.00428643323083946));
#7408=CARTESIAN_POINT('',(-0.0294072600984974,0.0866048544150708,-0.00502846036412373));
#7409=CARTESIAN_POINT('',(-0.0285322847186973,0.0865519448942082,-0.00552437712951604));
#7410=CARTESIAN_POINT('',(-0.0276573093388973,0.0864990353733456,-0.00602029389490835));
#7411=CARTESIAN_POINT('',(-0.0266719115940389,0.0864461258524831,-0.00622155650415683));
#7412=CARTESIAN_POINT('',(-0.0256865138491805,0.0863932163316205,-0.00642281911340531));
#7413=CARTESIAN_POINT('',(-0.0246871513362004,0.0863403068107579,-0.00630972658003766));
#7414=CARTESIAN_POINT('',(-0.0236877888232203,0.0862873972898953,-0.00619663404667));
#7415=CARTESIAN_POINT('',(-0.022772286107857,0.0862344877690327,-0.00578025665581425));
#7416=CARTESIAN_POINT('',(-0.0218567833924937,0.0861815782481702,-0.00536387926495851));
#7417=CARTESIAN_POINT('',(-0.0211147562592094,0.0861286687273076,-0.00468497493670351));
#7418=CARTESIAN_POINT('',(-0.0203727291259251,0.086075759206445,-0.0040060706084485));
#7419=CARTESIAN_POINT('',(-0.0198768123605328,0.0860228496855825,-0.00313109522864843));
#7420=CARTESIAN_POINT('',(-0.0193808955951405,0.0859699401647199,-0.00225611984884835));
#7421=CARTESIAN_POINT('',(-0.019179632985892,0.0859170306438573,-0.00127072210398999));
#7422=CARTESIAN_POINT('',(-0.0189783703766435,0.0858641211229947,-0.000285324359131627));
#7423=CARTESIAN_POINT('',(-0.0190914629100112,0.0858112116021321,0.000714038153848492));
#7424=CARTESIAN_POINT('',(-0.0192045554433789,0.0857583020812695,0.00171340066682861));
#7425=CARTESIAN_POINT('',(-0.0196209328342346,0.085705392560407,0.00262890338219193));
#7426=CARTESIAN_POINT('',(-0.0200373102250904,0.0856524830395444,0.00354440609755526));
#7427=CARTESIAN_POINT('',(-0.0207162145533453,0.0855995735186818,0.00428643323083952));
#7428=CARTESIAN_POINT('',(-0.0213951188816004,0.0855466639978193,0.00502846036412379));
#7429=CARTESIAN_POINT('',(-0.0222700942614004,0.0854937544769567,0.0055243771295161));
#7430=CARTESIAN_POINT('',(-0.0231450696412005,0.0854408449560941,0.00602029389490841));
#7431=CARTESIAN_POINT('',(-0.0241304673860589,0.0853879354352315,0.00622155650415689));
#7432=CARTESIAN_POINT('',(-0.0251158651309172,0.0853350259143689,0.00642281911340537));
#7433=CARTESIAN_POINT('',(-0.0261152276438973,0.0852821163935064,0.00630972658003772));
#7434=CARTESIAN_POINT('',(-0.0271145901568775,0.0852292068726437,0.00619663404667006));
#7435=CARTESIAN_POINT('',(-0.0280300928722408,0.0851762973517812,0.00578025665581431));
#7436=CARTESIAN_POINT('',(-0.0289455955876041,0.0851233878309186,0.00536387926495858));
#7437=CARTESIAN_POINT('',(-0.0296876227208884,0.085070478310056,0.00468497493670356));
#7438=CARTESIAN_POINT('',(-0.0304296498541726,0.0850175687891934,0.00400607060844855));
#7439=CARTESIAN_POINT('',(-0.0309255666195649,0.0849646592683309,0.00313109522864849));
#7440=CARTESIAN_POINT('',(-0.0314214833849573,0.0849117497474683,0.00225611984884841));
#7441=CARTESIAN_POINT('',(-0.0316227459942058,0.0848588402266057,0.00127072210399005));
#7442=CARTESIAN_POINT('',(-0.0318240086034542,0.0848059307057431,0.000285324359131689));
#7443=CARTESIAN_POINT('',(-0.0317109160700866,0.0847530211848805,-0.000714038153848431));
#7444=CARTESIAN_POINT('',(-0.0315978235367189,0.084700111664018,-0.00171340066682855));
#7445=CARTESIAN_POINT('',(-0.0311814461458631,0.0846472021431554,-0.00262890338219187));
#7446=CARTESIAN_POINT('',(-0.0307650687550074,0.0845942926222927,-0.00354440609755519));
#7447=CARTESIAN_POINT('',(-0.0300861644267524,0.0845413831014302,-0.00428643323083946));
#7448=CARTESIAN_POINT('',(-0.0294072600984974,0.0844884735805677,-0.00502846036412373));
#7449=CARTESIAN_POINT('',(-0.0285322847186973,0.084435564059705,-0.00552437712951605));
#7450=CARTESIAN_POINT('',(-0.0276573093388973,0.0843826545388424,-0.00602029389490835));
#7451=CARTESIAN_POINT('',(-0.0266719115940389,0.0843297450179799,-0.00622155650415683));
#7452=CARTESIAN_POINT('',(-0.0256865138491805,0.0842768354971173,-0.00642281911340531));
#7453=CARTESIAN_POINT('',(-0.0246871513362004,0.0842239259762547,-0.00630972658003766));
#7454=CARTESIAN_POINT('',(-0.0236877888232203,0.0841710164553921,-0.00619663404667));
#7455=CARTESIAN_POINT('',(-0.022772286107857,0.0841181069345295,-0.00578025665581425));
#7456=CARTESIAN_POINT('',(-0.0218567833924937,0.0840651974136669,-0.00536387926495851));
#7457=CARTESIAN_POINT('',(-0.0211147562592094,0.0840122878928044,-0.00468497493670351));
#7458=CARTESIAN_POINT('',(-0.0203727291259251,0.0839593783719418,-0.0040060706084485));
#7459=CARTESIAN_POINT('',(-0.0198768123605328,0.0839064688510792,-0.00313109522864843));
#7460=CARTESIAN_POINT('',(-0.0193808955951405,0.0838535593302167,-0.00225611984884835));
#7461=CARTESIAN_POINT('',(-0.019179632985892,0.0838006498093541,-0.00127072210398999));
#7462=CARTESIAN_POINT('',(-0.0189783703766435,0.0837477402884915,-0.000285324359131628));
#7463=CARTESIAN_POINT('',(-0.0190914629100112,0.0836948307676289,0.000714038153848491));
#7464=CARTESIAN_POINT('',(-0.0192045554433789,0.0836419212467664,0.00171340066682861));
#7465=CARTESIAN_POINT('',(-0.0196209328342346,0.0835890117259038,0.00262890338219193));
#7466=CARTESIAN_POINT('',(-0.0200373102250904,0.0835361022050412,0.00354440609755525));
#7467=CARTESIAN_POINT('',(-0.0207162145533453,0.0834831926841786,0.00428643323083952));
#7468=CARTESIAN_POINT('',(-0.0213951188816004,0.0834302831633161,0.00502846036412379));
#7469=CARTESIAN_POINT('',(-0.0222700942614004,0.0833773736424535,0.0055243771295161));
#7470=CARTESIAN_POINT('',(-0.0231450696412005,0.0833244641215908,0.00602029389490841));
#7471=CARTESIAN_POINT('',(-0.0241304673860589,0.0832715546007283,0.00622155650415689));
#7472=CARTESIAN_POINT('',(-0.0251158651309172,0.0832186450798657,0.00642281911340537));
#7473=CARTESIAN_POINT('',(-0.0261152276438973,0.0831657355590031,0.00630972658003772));
#7474=CARTESIAN_POINT('',(-0.0271145901568775,0.0831128260381405,0.00619663404667006));
#7475=CARTESIAN_POINT('',(-0.0280300928722408,0.083059916517278,0.00578025665581431));
#7476=CARTESIAN_POINT('',(-0.0289455955876041,0.0830070069964154,0.00536387926495858));
#7477=CARTESIAN_POINT('',(-0.0296876227208884,0.0829540974755528,0.00468497493670356));
#7478=CARTESIAN_POINT('',(-0.0304296498541726,0.0829011879546902,0.00400607060844855));
#7479=CARTESIAN_POINT('',(-0.0309255666195649,0.0828482784338276,0.00313109522864849));
#7480=CARTESIAN_POINT('',(-0.0314214833849573,0.082795368912965,0.00225611984884841));
#7481=CARTESIAN_POINT('',(-0.0316227459942058,0.0827424593921025,0.00127072210399005));
#7482=CARTESIAN_POINT('',(-0.0318240086034542,0.0826895498712399,0.000285324359131687));
#7483=CARTESIAN_POINT('',(-0.0317109160700866,0.0826366403503773,-0.000714038153848432));
#7484=CARTESIAN_POINT('',(-0.0315978235367189,0.0825837308295148,-0.00171340066682855));
#7485=CARTESIAN_POINT('',(-0.0311814461458631,0.0825308213086522,-0.00262890338219187));
#7486=CARTESIAN_POINT('',(-0.0307650687550074,0.0824779117877895,-0.00354440609755519));
#7487=CARTESIAN_POINT('',(-0.0300861644267524,0.082425002266927,-0.00428643323083946));
#7488=CARTESIAN_POINT('',(-0.0294072600984974,0.0823720927460644,-0.00502846036412373));
#7489=CARTESIAN_POINT('',(-0.0285322847186973,0.0823191832252018,-0.00552437712951605));
#7490=CARTESIAN_POINT('',(-0.0276573093388973,0.0822662737043392,-0.00602029389490835));
#7491=CARTESIAN_POINT('',(-0.0266719115940389,0.0822133641834767,-0.00622155650415683));
#7492=CARTESIAN_POINT('',(-0.0256865138491805,0.0821604546626141,-0.00642281911340531));
#7493=CARTESIAN_POINT('',(-0.0246871513362004,0.0821075451417515,-0.00630972658003766));
#7494=CARTESIAN_POINT('',(-0.0236877888232203,0.0820546356208889,-0.00619663404667));
#7495=CARTESIAN_POINT('',(-0.022772286107857,0.0820017261000263,-0.00578025665581426));
#7496=CARTESIAN_POINT('',(-0.0222991226962545,0.0819743806329103,-0.00556505844453068));
#7497=CARTESIAN_POINT('',(-0.0218672553601731,0.0819466948458837,-0.00527577573117772));
#7498=CARTESIAN_POINT('',(-0.0317423175772251,0.0869247539159445,0.00033555116153936));
#7499=CARTESIAN_POINT('',(-0.0317701568752948,0.0868966940667723,-0.00019054612302231));
#7500=CARTESIAN_POINT('',(-0.0317109160700866,0.0868689786860505,-0.00071403815384843));
#7501=CARTESIAN_POINT('',(-0.0315978235367189,0.0868160691651878,-0.00171340066682855));
#7502=CARTESIAN_POINT('',(-0.0311814461458631,0.0867631596443253,-0.00262890338219187));
#7503=CARTESIAN_POINT('',(-0.0307650687550074,0.0867102501234626,-0.00354440609755519));
#7504=CARTESIAN_POINT('',(-0.0300861644267524,0.0866573406026001,-0.00428643323083946));
#7505=CARTESIAN_POINT('',(-0.0294072600984974,0.0866044310817374,-0.00502846036412373));
#7506=CARTESIAN_POINT('',(-0.0285322847186973,0.086551521560875,-0.00552437712951604));
#7507=CARTESIAN_POINT('',(-0.0276573093388973,0.0864986120400123,-0.00602029389490835));
#7508=CARTESIAN_POINT('',(-0.0266719115940389,0.0864457025191498,-0.00622155650415683));
#7509=CARTESIAN_POINT('',(-0.0256865138491805,0.0863927929982871,-0.00642281911340531));
#7510=CARTESIAN_POINT('',(-0.0246871513362004,0.0863398834774246,-0.00630972658003766));
#7511=CARTESIAN_POINT('',(-0.0236877888232203,0.086286973956562,-0.00619663404667));
#7512=CARTESIAN_POINT('',(-0.022772286107857,0.0862340644356995,-0.00578025665581425));
#7513=CARTESIAN_POINT('',(-0.0218567833924937,0.0861811549148369,-0.00536387926495851));
#7514=CARTESIAN_POINT('',(-0.0211147562592094,0.0861282453939743,-0.00468497493670351));
#7515=CARTESIAN_POINT('',(-0.0203727291259251,0.0860753358731117,-0.0040060706084485));
#7516=CARTESIAN_POINT('',(-0.0198768123605328,0.0860224263522491,-0.00313109522864843));
#7517=CARTESIAN_POINT('',(-0.0193808955951405,0.0859695168313865,-0.00225611984884835));
#7518=CARTESIAN_POINT('',(-0.019179632985892,0.085916607310524,-0.00127072210398999));
#7519=CARTESIAN_POINT('',(-0.0189783703766435,0.0858636977896614,-0.000285324359131627));
#7520=CARTESIAN_POINT('',(-0.0190914629100112,0.0858107882687988,0.000714038153848492));
#7521=CARTESIAN_POINT('',(-0.0192045554433789,0.0857578787479362,0.00171340066682861));
#7522=CARTESIAN_POINT('',(-0.0196209328342346,0.0857049692270736,0.00262890338219193));
#7523=CARTESIAN_POINT('',(-0.0200373102250904,0.0856520597062111,0.00354440609755526));
#7524=CARTESIAN_POINT('',(-0.0207162145533453,0.0855991501853485,0.00428643323083952));
#7525=CARTESIAN_POINT('',(-0.0213951188816004,0.0855462406644858,0.00502846036412379));
#7526=CARTESIAN_POINT('',(-0.0222700942614004,0.0854933311436233,0.0055243771295161));
#7527=CARTESIAN_POINT('',(-0.0231450696412005,0.0854404216227607,0.00602029389490841));
#7528=CARTESIAN_POINT('',(-0.0241304673860589,0.0853875121018981,0.00622155650415689));
#7529=CARTESIAN_POINT('',(-0.0251158651309172,0.0853346025810355,0.00642281911340537));
#7530=CARTESIAN_POINT('',(-0.0261152276438973,0.085281693060173,0.00630972658003772));
#7531=CARTESIAN_POINT('',(-0.0271145901568775,0.0852287835393104,0.00619663404667006));
#7532=CARTESIAN_POINT('',(-0.0280300928722408,0.0851758740184478,0.00578025665581431));
#7533=CARTESIAN_POINT('',(-0.0289455955876041,0.0851229644975852,0.00536387926495858));
#7534=CARTESIAN_POINT('',(-0.0296876227208884,0.0850700549767226,0.00468497493670356));
#7535=CARTESIAN_POINT('',(-0.0304296498541726,0.0850171454558601,0.00400607060844855));
#7536=CARTESIAN_POINT('',(-0.0309255666195649,0.0849642359349976,0.00313109522864849));
#7537=CARTESIAN_POINT('',(-0.0314214833849573,0.0849113264141349,0.00225611984884841));
#7538=CARTESIAN_POINT('',(-0.0316227459942058,0.0848584168932724,0.00127072210399005));
#7539=CARTESIAN_POINT('',(-0.0318240086034542,0.0848055073724098,0.000285324359131689));
#7540=CARTESIAN_POINT('',(-0.0317109160700866,0.0847525978515472,-0.000714038153848431));
#7541=CARTESIAN_POINT('',(-0.0315978235367189,0.0846996883306846,-0.00171340066682855));
#7542=CARTESIAN_POINT('',(-0.0311814461458631,0.0846467788098221,-0.00262890338219187));
#7543=CARTESIAN_POINT('',(-0.0307650687550074,0.0845938692889594,-0.00354440609755519));
#7544=CARTESIAN_POINT('',(-0.0300861644267524,0.0845409597680969,-0.00428643323083946));
#7545=CARTESIAN_POINT('',(-0.0294072600984974,0.0844880502472342,-0.00502846036412373));
#7546=CARTESIAN_POINT('',(-0.0285322847186973,0.0844351407263718,-0.00552437712951605));
#7547=CARTESIAN_POINT('',(-0.0276573093388973,0.0843822312055091,-0.00602029389490835));
#7548=CARTESIAN_POINT('',(-0.0266719115940389,0.0843293216846466,-0.00622155650415683));
#7549=CARTESIAN_POINT('',(-0.0256865138491805,0.0842764121637839,-0.00642281911340531));
#7550=CARTESIAN_POINT('',(-0.0246871513362004,0.0842235026429214,-0.00630972658003766));
#7551=CARTESIAN_POINT('',(-0.0236877888232203,0.0841705931220588,-0.00619663404667));
#7552=CARTESIAN_POINT('',(-0.022772286107857,0.0841176836011963,-0.00578025665581425));
#7553=CARTESIAN_POINT('',(-0.0218567833924937,0.0840647740803336,-0.00536387926495851));
#7554=CARTESIAN_POINT('',(-0.0211147562592094,0.0840118645594711,-0.00468497493670351));
#7555=CARTESIAN_POINT('',(-0.0203727291259251,0.0839589550386085,-0.0040060706084485));
#7556=CARTESIAN_POINT('',(-0.0198768123605328,0.0839060455177459,-0.00313109522864843));
#7557=CARTESIAN_POINT('',(-0.0193808955951405,0.0838531359968833,-0.00225611984884835));
#7558=CARTESIAN_POINT('',(-0.019179632985892,0.0838002264760208,-0.00127072210398999));
#7559=CARTESIAN_POINT('',(-0.0189783703766435,0.0837473169551582,-0.000285324359131628));
#7560=CARTESIAN_POINT('',(-0.0190914629100112,0.0836944074342956,0.000714038153848491));
#7561=CARTESIAN_POINT('',(-0.0192045554433789,0.083641497913433,0.00171340066682861));
#7562=CARTESIAN_POINT('',(-0.0196209328342346,0.0835885883925704,0.00262890338219193));
#7563=CARTESIAN_POINT('',(-0.0200373102250904,0.0835356788717078,0.00354440609755525));
#7564=CARTESIAN_POINT('',(-0.0207162145533453,0.0834827693508453,0.00428643323083952));
#7565=CARTESIAN_POINT('',(-0.0213951188816004,0.0834298598299826,0.00502846036412379));
#7566=CARTESIAN_POINT('',(-0.0222700942614004,0.0833769503091201,0.0055243771295161));
#7567=CARTESIAN_POINT('',(-0.0231450696412005,0.0833240407882575,0.00602029389490841));
#7568=CARTESIAN_POINT('',(-0.0241304673860589,0.0832711312673949,0.00622155650415689));
#7569=CARTESIAN_POINT('',(-0.0251158651309172,0.0832182217465324,0.00642281911340537));
#7570=CARTESIAN_POINT('',(-0.0261152276438973,0.0831653122256698,0.00630972658003772));
#7571=CARTESIAN_POINT('',(-0.0271145901568775,0.0831124027048072,0.00619663404667006));
#7572=CARTESIAN_POINT('',(-0.0280300928722408,0.0830594931839446,0.00578025665581431));
#7573=CARTESIAN_POINT('',(-0.0289455955876041,0.083006583663082,0.00536387926495858));
#7574=CARTESIAN_POINT('',(-0.0296876227208884,0.0829536741422194,0.00468497493670356));
#7575=CARTESIAN_POINT('',(-0.0304296498541726,0.0829007646213569,0.00400607060844855));
#7576=CARTESIAN_POINT('',(-0.0309255666195649,0.0828478551004943,0.00313109522864849));
#7577=CARTESIAN_POINT('',(-0.0314214833849573,0.0827949455796317,0.00225611984884841));
#7578=CARTESIAN_POINT('',(-0.0316227459942058,0.0827420360587692,0.00127072210399005));
#7579=CARTESIAN_POINT('',(-0.0318240086034542,0.0826891265379066,0.000285324359131687));
#7580=CARTESIAN_POINT('',(-0.0317109160700866,0.082636217017044,-0.000714038153848432));
#7581=CARTESIAN_POINT('',(-0.0315978235367189,0.0825833074961814,-0.00171340066682855));
#7582=CARTESIAN_POINT('',(-0.0311814461458631,0.0825303979753189,-0.00262890338219187));
#7583=CARTESIAN_POINT('',(-0.0307650687550074,0.0824774884544563,-0.00354440609755519));
#7584=CARTESIAN_POINT('',(-0.0300861644267524,0.0824245789335937,-0.00428643323083946));
#7585=CARTESIAN_POINT('',(-0.0294072600984974,0.0823716694127311,-0.00502846036412373));
#7586=CARTESIAN_POINT('',(-0.0285322847186973,0.0823187598918685,-0.00552437712951605));
#7587=CARTESIAN_POINT('',(-0.0276573093388973,0.0822658503710059,-0.00602029389490835));
#7588=CARTESIAN_POINT('',(-0.0266719115940389,0.0822129408501434,-0.00622155650415683));
#7589=CARTESIAN_POINT('',(-0.0256865138491805,0.0821600313292807,-0.00642281911340531));
#7590=CARTESIAN_POINT('',(-0.0246871513362004,0.0821071218084182,-0.00630972658003766));
#7591=CARTESIAN_POINT('',(-0.0236877888232203,0.0820542122875556,-0.00619663404667));
#7592=CARTESIAN_POINT('',(-0.022772286107857,0.082001302766693,-0.00578025665581426));
#7593=CARTESIAN_POINT('',(-0.0222991226962545,0.081973957299577,-0.00556505844453068));
#7594=CARTESIAN_POINT('',(-0.0218672553601731,0.0819462715125503,-0.00527577573117772));
#7595=CARTESIAN_POINT('',(-0.0317423175772251,0.0869243305826111,0.00033555116153936));
#7596=CARTESIAN_POINT('',(-0.0317701568752948,0.0868962707334389,-0.00019054612302231));
#7597=CARTESIAN_POINT('',(-0.0317109160700866,0.0868685553527171,-0.00071403815384843));
#7598=CARTESIAN_POINT('',(-0.0315978235367189,0.0868156458318545,-0.00171340066682855));
#7599=CARTESIAN_POINT('',(-0.0311814461458631,0.0867627363109919,-0.00262890338219187));
#7600=CARTESIAN_POINT('',(-0.0307650687550074,0.0867098267901293,-0.00354440609755519));
#7601=CARTESIAN_POINT('',(-0.0300861644267524,0.0866569172692667,-0.00428643323083946));
#7602=CARTESIAN_POINT('',(-0.0294072600984974,0.0866040077484041,-0.00502846036412373));
#7603=CARTESIAN_POINT('',(-0.0285322847186973,0.0865510982275416,-0.00552437712951604));
#7604=CARTESIAN_POINT('',(-0.0276573093388973,0.086498188706679,-0.00602029389490835));
#7605=CARTESIAN_POINT('',(-0.0266719115940389,0.0864452791858164,-0.00622155650415683));
#7606=CARTESIAN_POINT('',(-0.0256865138491805,0.0863923696649538,-0.00642281911340531));
#7607=CARTESIAN_POINT('',(-0.0246871513362004,0.0863394601440913,-0.00630972658003766));
#7608=CARTESIAN_POINT('',(-0.0236877888232203,0.0862865506232287,-0.00619663404667));
#7609=CARTESIAN_POINT('',(-0.022772286107857,0.0862336411023661,-0.00578025665581425));
#7610=CARTESIAN_POINT('',(-0.0218567833924937,0.0861807315815035,-0.00536387926495851));
#7611=CARTESIAN_POINT('',(-0.0211147562592094,0.0861278220606409,-0.00468497493670351));
#7612=CARTESIAN_POINT('',(-0.0203727291259251,0.0860749125397784,-0.0040060706084485));
#7613=CARTESIAN_POINT('',(-0.0198768123605328,0.0860220030189158,-0.00313109522864843));
#7614=CARTESIAN_POINT('',(-0.0193808955951405,0.0859690934980532,-0.00225611984884835));
#7615=CARTESIAN_POINT('',(-0.019179632985892,0.0859161839771906,-0.00127072210398999));
#7616=CARTESIAN_POINT('',(-0.0189783703766435,0.0858632744563281,-0.000285324359131627));
#7617=CARTESIAN_POINT('',(-0.0190914629100112,0.0858103649354655,0.000714038153848492));
#7618=CARTESIAN_POINT('',(-0.0192045554433789,0.0857574554146028,0.00171340066682861));
#7619=CARTESIAN_POINT('',(-0.0196209328342346,0.0857045458937404,0.00262890338219193));
#7620=CARTESIAN_POINT('',(-0.0200373102250904,0.0856516363728777,0.00354440609755526));
#7621=CARTESIAN_POINT('',(-0.0207162145533453,0.0855987268520152,0.00428643323083952));
#7622=CARTESIAN_POINT('',(-0.0213951188816004,0.0855458173311525,0.00502846036412379));
#7623=CARTESIAN_POINT('',(-0.0222700942614004,0.08549290781029,0.0055243771295161));
#7624=CARTESIAN_POINT('',(-0.0231450696412005,0.0854399982894274,0.00602029389490841));
#7625=CARTESIAN_POINT('',(-0.0241304673860589,0.0853870887685649,0.00622155650415689));
#7626=CARTESIAN_POINT('',(-0.0251158651309172,0.0853341792477022,0.00642281911340537));
#7627=CARTESIAN_POINT('',(-0.0261152276438973,0.0852812697268397,0.00630972658003772));
#7628=CARTESIAN_POINT('',(-0.0271145901568775,0.0852283602059771,0.00619663404667006));
#7629=CARTESIAN_POINT('',(-0.0280300928722408,0.0851754506851145,0.00578025665581431));
#7630=CARTESIAN_POINT('',(-0.0289455955876041,0.0851225411642519,0.00536387926495858));
#7631=CARTESIAN_POINT('',(-0.0296876227208884,0.0850696316433894,0.00468497493670356));
#7632=CARTESIAN_POINT('',(-0.0304296498541726,0.0850167221225268,0.00400607060844855));
#7633=CARTESIAN_POINT('',(-0.0309255666195649,0.0849638126016642,0.00313109522864849));
#7634=CARTESIAN_POINT('',(-0.0314214833849573,0.0849109030808016,0.00225611984884841));
#7635=CARTESIAN_POINT('',(-0.0316227459942058,0.084857993559939,0.00127072210399005));
#7636=CARTESIAN_POINT('',(-0.0318240086034542,0.0848050840390765,0.000285324359131689));
#7637=CARTESIAN_POINT('',(-0.0317109160700866,0.0847521745182139,-0.000714038153848431));
#7638=CARTESIAN_POINT('',(-0.0315978235367189,0.0846992649973513,-0.00171340066682855));
#7639=CARTESIAN_POINT('',(-0.0311814461458631,0.0846463554764887,-0.00262890338219187));
#7640=CARTESIAN_POINT('',(-0.0307650687550074,0.0845934459556261,-0.00354440609755519));
#7641=CARTESIAN_POINT('',(-0.0300861644267524,0.0845405364347635,-0.00428643323083946));
#7642=CARTESIAN_POINT('',(-0.0294072600984974,0.0844876269139009,-0.00502846036412373));
#7643=CARTESIAN_POINT('',(-0.0285322847186973,0.0844347173930384,-0.00552437712951605));
#7644=CARTESIAN_POINT('',(-0.0276573093388973,0.0843818078721758,-0.00602029389490835));
#7645=CARTESIAN_POINT('',(-0.0266719115940389,0.0843288983513132,-0.00622155650415683));
#7646=CARTESIAN_POINT('',(-0.0256865138491805,0.0842759888304507,-0.00642281911340531));
#7647=CARTESIAN_POINT('',(-0.0246871513362004,0.084223079309588,-0.00630972658003766));
#7648=CARTESIAN_POINT('',(-0.0236877888232203,0.0841701697887255,-0.00619663404667));
#7649=CARTESIAN_POINT('',(-0.022772286107857,0.0841172602678629,-0.00578025665581425));
#7650=CARTESIAN_POINT('',(-0.0218567833924937,0.0840643507470003,-0.00536387926495851));
#7651=CARTESIAN_POINT('',(-0.0211147562592094,0.0840114412261377,-0.00468497493670351));
#7652=CARTESIAN_POINT('',(-0.0203727291259251,0.0839585317052752,-0.0040060706084485));
#7653=CARTESIAN_POINT('',(-0.0198768123605328,0.0839056221844127,-0.00313109522864843));
#7654=CARTESIAN_POINT('',(-0.0193808955951405,0.08385271266355,-0.00225611984884835));
#7655=CARTESIAN_POINT('',(-0.019179632985892,0.0837998031426875,-0.00127072210398999));
#7656=CARTESIAN_POINT('',(-0.0189783703766435,0.0837468936218249,-0.000285324359131628));
#7657=CARTESIAN_POINT('',(-0.0190914629100112,0.0836939841009623,0.000714038153848491));
#7658=CARTESIAN_POINT('',(-0.0192045554433789,0.0836410745800996,0.00171340066682861));
#7659=CARTESIAN_POINT('',(-0.0196209328342346,0.0835881650592372,0.00262890338219193));
#7660=CARTESIAN_POINT('',(-0.0200373102250904,0.0835352555383745,0.00354440609755525));
#7661=CARTESIAN_POINT('',(-0.0207162145533453,0.083482346017512,0.00428643323083952));
#7662=CARTESIAN_POINT('',(-0.0213951188816004,0.0834294364966493,0.00502846036412379));
#7663=CARTESIAN_POINT('',(-0.0222700942614004,0.0833765269757868,0.0055243771295161));
#7664=CARTESIAN_POINT('',(-0.0231450696412005,0.0833236174549242,0.00602029389490841));
#7665=CARTESIAN_POINT('',(-0.0241304673860589,0.0832707079340617,0.00622155650415689));
#7666=CARTESIAN_POINT('',(-0.0251158651309172,0.083217798413199,0.00642281911340537));
#7667=CARTESIAN_POINT('',(-0.0261152276438973,0.0831648888923365,0.00630972658003772));
#7668=CARTESIAN_POINT('',(-0.0271145901568775,0.0831119793714739,0.00619663404667006));
#7669=CARTESIAN_POINT('',(-0.0280300928722408,0.0830590698506113,0.00578025665581431));
#7670=CARTESIAN_POINT('',(-0.0289455955876041,0.0830061603297487,0.00536387926495858));
#7671=CARTESIAN_POINT('',(-0.0296876227208884,0.0829532508088862,0.00468497493670356));
#7672=CARTESIAN_POINT('',(-0.0304296498541726,0.0829003412880236,0.00400607060844855));
#7673=CARTESIAN_POINT('',(-0.0309255666195649,0.082847431767161,0.00313109522864849));
#7674=CARTESIAN_POINT('',(-0.0314214833849573,0.0827945222462984,0.00225611984884841));
#7675=CARTESIAN_POINT('',(-0.0316227459942058,0.0827416127254358,0.00127072210399005));
#7676=CARTESIAN_POINT('',(-0.0318240086034542,0.0826887032045732,0.000285324359131687));
#7677=CARTESIAN_POINT('',(-0.0317109160700866,0.0826357936837107,-0.000714038153848432));
#7678=CARTESIAN_POINT('',(-0.0315978235367189,0.082582884162848,-0.00171340066682855));
#7679=CARTESIAN_POINT('',(-0.0311814461458631,0.0825299746419855,-0.00262890338219187));
#7680=CARTESIAN_POINT('',(-0.0307650687550074,0.0824770651211229,-0.00354440609755519));
#7681=CARTESIAN_POINT('',(-0.0300861644267524,0.0824241556002603,-0.00428643323083946));
#7682=CARTESIAN_POINT('',(-0.0294072600984974,0.0823712460793977,-0.00502846036412373));
#7683=CARTESIAN_POINT('',(-0.0285322847186973,0.0823183365585352,-0.00552437712951605));
#7684=CARTESIAN_POINT('',(-0.0276573093388973,0.0822654270376726,-0.00602029389490835));
#7685=CARTESIAN_POINT('',(-0.0266719115940389,0.08221251751681,-0.00622155650415683));
#7686=CARTESIAN_POINT('',(-0.0256865138491805,0.0821596079959474,-0.00642281911340531));
#7687=CARTESIAN_POINT('',(-0.0246871513362004,0.0821066984750849,-0.00630972658003766));
#7688=CARTESIAN_POINT('',(-0.0236877888232203,0.0820537889542223,-0.00619663404667));
#7689=CARTESIAN_POINT('',(-0.022772286107857,0.0820008794333597,-0.00578025665581426));
#7690=CARTESIAN_POINT('',(-0.0222991226962545,0.0819735339662437,-0.00556505844453068));
#7691=CARTESIAN_POINT('',(-0.0218672553601731,0.081945848179217,-0.00527577573117772));
#7692=CARTESIAN_POINT('',(-0.0316838610775887,0.0870059286827505,-0.000219362652030117));
#7693=CARTESIAN_POINT('',(-0.0316504721436775,0.0869546101253992,-0.00117564078087652));
#7694=CARTESIAN_POINT('',(-0.0311413668462163,0.0868527062092569,-0.00306775976772278));
#7695=CARTESIAN_POINT('',(-0.0291985291295657,0.0866982872315066,-0.0052861727586292));
#7696=CARTESIAN_POINT('',(-0.0264832744943149,0.0865451158800538,-0.00641778761569777));
#7697=CARTESIAN_POINT('',(-0.0235417224046125,0.086390986873162,-0.00623753584556232));
#7698=CARTESIAN_POINT('',(-0.0209841255152757,0.0862374397100586,-0.00477994199323111));
#7699=CARTESIAN_POINT('',(-0.0193291882263798,0.0860837295781029,-0.00234426796752691));
#7700=CARTESIAN_POINT('',(-0.0189181252346031,0.0859297305696132,0.0005732648622749));
#7701=CARTESIAN_POINT('',(-0.019832719493812,0.0857764457923114,0.0033698001579356));
#7702=CARTESIAN_POINT('',(-0.021890788616742,0.0856221338619363,0.00548061926781285));
#7703=CARTESIAN_POINT('',(-0.0246616554798526,0.0854690786587418,0.00646644496817523));
#7704=CARTESIAN_POINT('',(-0.0275910142299542,0.0853146517864516,0.00612913398618049));
#7705=CARTESIAN_POINT('',(-0.0300652783387813,0.0851616108159605,0.00453944600062403));
#7706=CARTESIAN_POINT('',(-0.0315898097994238,0.0850072722326089,0.00201598158420755));
#7707=CARTESIAN_POINT('',(-0.0318449224405577,0.0848540296595774,-0.00091499426774571));
#7708=CARTESIAN_POINT('',(-0.0307814262389049,0.0846999791877178,-0.00366301822710857));
#7709=CARTESIAN_POINT('',(-0.0286165252803545,0.0845463325754763,-0.00565861490208061));
#7710=CARTESIAN_POINT('',(-0.0257942548049423,0.0843927223063767,-0.00649692653999392));
#7711=CARTESIAN_POINT('',(-0.0228889855789563,0.0842386437754414,-0.00600398500659906));
#7712=CARTESIAN_POINT('',(-0.0205017381774729,0.0840854235119184,-0.00428467740094537));
#7713=CARTESIAN_POINT('',(-0.0191141498658512,0.0839310714070737,-0.00168331153777088));
#7714=CARTESIAN_POINT('',(-0.0190149399332566,0.0837780368212593,0.00125591286332283));
#7715=CARTESIAN_POINT('',(-0.0202245107526805,0.0836236114973109,0.00394511528330817));
#7716=CARTESIAN_POINT('',(-0.0224897170683703,0.0834705466276905,0.00582093830468605));
#7717=CARTESIAN_POINT('',(-0.0253563924540608,0.0833162512288304,0.00650857276778755));
#7718=CARTESIAN_POINT('',(-0.0282270996217443,0.0831629411941186,0.00586284146835224));
#7719=CARTESIAN_POINT('',(-0.0305229655701976,0.0830089720367704,0.0040164982448507));
#7720=CARTESIAN_POINT('',(-0.0317684073764409,0.0828552271134725,0.00134790865177096));
#7721=CARTESIAN_POINT('',(-0.0317114908410025,0.0827017134477507,-0.0015951356280357));
#7722=CARTESIAN_POINT('',(-0.0303606819102956,0.0825475598400242,-0.00421455498774065));
#7723=CARTESIAN_POINT('',(-0.0279988119249318,0.0823944055929752,-0.0059678763676811));
#7724=CARTESIAN_POINT('',(-0.0250985809274926,0.0822399834575593,-0.00650150246269332));
#7725=CARTESIAN_POINT('',(-0.0232124317597369,0.082138063507836,-0.00597033017830957));
#7726=CARTESIAN_POINT('',(-0.0223738976533649,0.0820867585924058,-0.0055095904008857));
#7727=CARTESIAN_POINT('',(-0.0311682164078824,0.0873308454343829,0.000305177359875402));
#7728=CARTESIAN_POINT('',(-0.0311935359290077,0.0873027853502546,-0.00017329312671687));
#7729=CARTESIAN_POINT('',(-0.0311396579136274,0.0872750697371363,-0.000649394212777943));
#7730=CARTESIAN_POINT('',(-0.0310368039746866,0.0872221602162633,-0.00155827832236645));
#7731=CARTESIAN_POINT('',(-0.03065812343005,0.0871692506953903,-0.00239089486227659));
#7732=CARTESIAN_POINT('',(-0.0302794428854136,0.0871163411745172,-0.00322351140218673));
#7733=CARTESIAN_POINT('',(-0.0296620036252129,0.0870634316536442,-0.00389835806431156));
#7734=CARTESIAN_POINT('',(-0.0290445643650123,0.0870105221327712,-0.00457320472643639));
#7735=CARTESIAN_POINT('',(-0.0282488056459882,0.0869576126118981,-0.00502422281755396));
#7736=CARTESIAN_POINT('',(-0.0274530469269642,0.0869047030910251,-0.00547524090867151));
#7737=CARTESIAN_POINT('',(-0.0265568631569118,0.086851793570152,-0.0056582816355954));
#7738=CARTESIAN_POINT('',(-0.0256606793868594,0.086798884049279,-0.00584132236251929));
#7739=CARTESIAN_POINT('',(-0.0247517952772709,0.086745974528406,-0.00573846842357846));
#7740=CARTESIAN_POINT('',(-0.0238429111676824,0.0866930650075329,-0.00563561448463763));
#7741=CARTESIAN_POINT('',(-0.0230102946277723,0.0866401554866598,-0.00525693394000113));
#7742=CARTESIAN_POINT('',(-0.0221776780878621,0.0865872459657868,-0.00487825339536464));
#7743=CARTESIAN_POINT('',(-0.0215028314257373,0.0865343364449138,-0.004260814135164));
#7744=CARTESIAN_POINT('',(-0.0208279847636125,0.0864814269240408,-0.00364337487496337));
#7745=CARTESIAN_POINT('',(-0.0203769666724949,0.0864285174031677,-0.00284761615593932));
#7746=CARTESIAN_POINT('',(-0.0199259485813774,0.0863756078822946,-0.00205185743691526));
#7747=CARTESIAN_POINT('',(-0.0197429078544534,0.0863226983614216,-0.00115567366686288));
#7748=CARTESIAN_POINT('',(-0.0195598671275296,0.0862697888405486,-0.000259489896810495));
#7749=CARTESIAN_POINT('',(-0.0196627210664704,0.0862168793196755,0.000649394212778008));
#7750=CARTESIAN_POINT('',(-0.0197655750054112,0.0861639697988025,0.00155827832236651));
#7751=CARTESIAN_POINT('',(-0.0201442555500477,0.0861110602779294,0.00239089486227665));
#7752=CARTESIAN_POINT('',(-0.0205229360946842,0.0860581507570564,0.0032235114021868));
#7753=CARTESIAN_POINT('',(-0.0211403753548848,0.0860052412361833,0.00389835806431163));
#7754=CARTESIAN_POINT('',(-0.0217578146150855,0.0859523317153103,0.00457320472643646));
#7755=CARTESIAN_POINT('',(-0.0225535733341095,0.0858994221944372,0.00502422281755402));
#7756=CARTESIAN_POINT('',(-0.0233493320531336,0.0858465126735643,0.00547524090867158));
#7757=CARTESIAN_POINT('',(-0.024245515823186,0.0857936031526912,0.00565828163559547));
#7758=CARTESIAN_POINT('',(-0.0251416995932383,0.0857406936318181,0.00584132236251936));
#7759=CARTESIAN_POINT('',(-0.0260505837028268,0.0856877841109451,0.00573846842357852));
#7760=CARTESIAN_POINT('',(-0.0269594678124154,0.0856348745900721,0.00563561448463769));
#7761=CARTESIAN_POINT('',(-0.0277920843523255,0.085581965069199,0.0052569339400012));
#7762=CARTESIAN_POINT('',(-0.0286247008922357,0.085529055548326,0.0048782533953647));
#7763=CARTESIAN_POINT('',(-0.0292995475543605,0.0854761460274529,0.00426081413516407));
#7764=CARTESIAN_POINT('',(-0.0299743942164853,0.0854232365065799,0.00364337487496343));
#7765=CARTESIAN_POINT('',(-0.0304254123076029,0.0853703269857069,0.00284761615593938));
#7766=CARTESIAN_POINT('',(-0.0308764303987204,0.0853174174648338,0.00205185743691533));
#7767=CARTESIAN_POINT('',(-0.0310594711256443,0.0852645079439607,0.00115567366686294));
#7768=CARTESIAN_POINT('',(-0.0312425118525682,0.0852115984230877,0.000259489896810559));
#7769=CARTESIAN_POINT('',(-0.0311396579136274,0.0851586889022146,-0.000649394212777944));
#7770=CARTESIAN_POINT('',(-0.0310368039746866,0.0851057793813416,-0.00155827832236645));
#7771=CARTESIAN_POINT('',(-0.03065812343005,0.0850528698604686,-0.00239089486227659));
#7772=CARTESIAN_POINT('',(-0.0302794428854136,0.0849999603395955,-0.00322351140218674));
#7773=CARTESIAN_POINT('',(-0.0296620036252129,0.0849470508187225,-0.00389835806431156));
#7774=CARTESIAN_POINT('',(-0.0290445643650123,0.0848941412978495,-0.00457320472643639));
#7775=CARTESIAN_POINT('',(-0.0282488056459882,0.0848412317769764,-0.00502422281755396));
#7776=CARTESIAN_POINT('',(-0.0274530469269642,0.0847883222561033,-0.00547524090867152));
#7777=CARTESIAN_POINT('',(-0.0265568631569118,0.0847354127352303,-0.0056582816355954));
#7778=CARTESIAN_POINT('',(-0.0256606793868594,0.0846825032143573,-0.00584132236251929));
#7779=CARTESIAN_POINT('',(-0.0247517952772709,0.0846295936934842,-0.00573846842357846));
#7780=CARTESIAN_POINT('',(-0.0238429111676824,0.0845766841726112,-0.00563561448463763));
#7781=CARTESIAN_POINT('',(-0.0230102946277723,0.0845237746517381,-0.00525693394000113));
#7782=CARTESIAN_POINT('',(-0.0221776780878621,0.0844708651308651,-0.00487825339536464));
#7783=CARTESIAN_POINT('',(-0.0215028314257373,0.0844179556099921,-0.004260814135164));
#7784=CARTESIAN_POINT('',(-0.0208279847636125,0.0843650460891191,-0.00364337487496337));
#7785=CARTESIAN_POINT('',(-0.0203769666724949,0.084312136568246,-0.00284761615593932));
#7786=CARTESIAN_POINT('',(-0.0199259485813774,0.0842592270473729,-0.00205185743691526));
#7787=CARTESIAN_POINT('',(-0.0197429078544534,0.0842063175264999,-0.00115567366686288));
#7788=CARTESIAN_POINT('',(-0.0195598671275296,0.0841534080056269,-0.000259489896810496));
#7789=CARTESIAN_POINT('',(-0.0196627210664704,0.0841004984847538,0.000649394212778007));
#7790=CARTESIAN_POINT('',(-0.0197655750054112,0.0840475889638808,0.00155827832236651));
#7791=CARTESIAN_POINT('',(-0.0201442555500477,0.0839946794430077,0.00239089486227665));
#7792=CARTESIAN_POINT('',(-0.0205229360946842,0.0839417699221347,0.0032235114021868));
#7793=CARTESIAN_POINT('',(-0.0211403753548848,0.0838888604012616,0.00389835806431163));
#7794=CARTESIAN_POINT('',(-0.0217578146150855,0.0838359508803886,0.00457320472643646));
#7795=CARTESIAN_POINT('',(-0.0225535733341095,0.0837830413595155,0.00502422281755402));
#7796=CARTESIAN_POINT('',(-0.0233493320531336,0.0837301318386425,0.00547524090867158));
#7797=CARTESIAN_POINT('',(-0.024245515823186,0.0836772223177695,0.00565828163559547));
#7798=CARTESIAN_POINT('',(-0.0251416995932383,0.0836243127968964,0.00584132236251936));
#7799=CARTESIAN_POINT('',(-0.0260505837028268,0.0835714032760233,0.00573846842357852));
#7800=CARTESIAN_POINT('',(-0.0269594678124154,0.0835184937551504,0.00563561448463769));
#7801=CARTESIAN_POINT('',(-0.0277920843523255,0.0834655842342773,0.0052569339400012));
#7802=CARTESIAN_POINT('',(-0.0286247008922357,0.0834126747134042,0.0048782533953647));
#7803=CARTESIAN_POINT('',(-0.0292995475543605,0.0833597651925312,0.00426081413516407));
#7804=CARTESIAN_POINT('',(-0.0299743942164853,0.0833068556716582,0.00364337487496343));
#7805=CARTESIAN_POINT('',(-0.0304254123076029,0.0832539461507851,0.00284761615593938));
#7806=CARTESIAN_POINT('',(-0.0308764303987204,0.083201036629912,0.00205185743691533));
#7807=CARTESIAN_POINT('',(-0.0310594711256443,0.083148127109039,0.00115567366686294));
#7808=CARTESIAN_POINT('',(-0.0312425118525682,0.083095217588166,0.000259489896810558));
#7809=CARTESIAN_POINT('',(-0.0311396579136274,0.0830423080672929,-0.000649394212777945));
#7810=CARTESIAN_POINT('',(-0.0310368039746866,0.0829893985464199,-0.00155827832236645));
#7811=CARTESIAN_POINT('',(-0.03065812343005,0.0829364890255469,-0.00239089486227659));
#7812=CARTESIAN_POINT('',(-0.0302794428854136,0.0828835795046738,-0.00322351140218674));
#7813=CARTESIAN_POINT('',(-0.0296620036252129,0.0828306699838008,-0.00389835806431156));
#7814=CARTESIAN_POINT('',(-0.0290445643650123,0.0827777604629278,-0.0045732047264364));
#7815=CARTESIAN_POINT('',(-0.0282488056459882,0.0827248509420547,-0.00502422281755396));
#7816=CARTESIAN_POINT('',(-0.0274530469269642,0.0826719414211816,-0.00547524090867152));
#7817=CARTESIAN_POINT('',(-0.0265568631569118,0.0826190319003086,-0.0056582816355954));
#7818=CARTESIAN_POINT('',(-0.0256606793868594,0.0825661223794356,-0.00584132236251929));
#7819=CARTESIAN_POINT('',(-0.0247517952772709,0.0825132128585626,-0.00573846842357846));
#7820=CARTESIAN_POINT('',(-0.0238429111676824,0.0824603033376895,-0.00563561448463763));
#7821=CARTESIAN_POINT('',(-0.0230102946277723,0.0824073938168164,-0.00525693394000113));
#7822=CARTESIAN_POINT('',(-0.0225799639863328,0.0823800479895788,-0.00506121618295097));
#7823=CARTESIAN_POINT('',(-0.02218719172044,0.0823523618383208,-0.00479811953049796));
#7824=CARTESIAN_POINT('',(-0.031171615748392,0.0873288800782217,0.000305357244897064));
#7825=CARTESIAN_POINT('',(-0.0311969501939619,0.0873008199940933,-0.000173395273343558));
#7826=CARTESIAN_POINT('',(-0.0311430404204984,0.0872731043809751,-0.000649776994423605));
#7827=CARTESIAN_POINT('',(-0.0310401258549009,0.0872201948601021,-0.00155919684046978));
#7828=CARTESIAN_POINT('',(-0.0306612220992175,0.0871672853392291,-0.00239230416136177));
#7829=CARTESIAN_POINT('',(-0.0302823183435342,0.0871143758183561,-0.00322541148225376));
#7830=CARTESIAN_POINT('',(-0.0296645151373491,0.087061466297483,-0.00390065592882264));
#7831=CARTESIAN_POINT('',(-0.0290467119311639,0.08700855677661,-0.00457590037539151));
#7832=CARTESIAN_POINT('',(-0.0282504841567864,0.0869556472557369,-0.00502718431650241));
#7833=CARTESIAN_POINT('',(-0.0274542563824088,0.0869027377348639,-0.00547846825761332));
#7834=CARTESIAN_POINT('',(-0.0265575443620401,0.0868498282139908,-0.00566161687683019));
#7835=CARTESIAN_POINT('',(-0.0256608323416714,0.0867969186931178,-0.00584476549604708));
#7836=CARTESIAN_POINT('',(-0.0247514124956252,0.0867440091722447,-0.00574185093044954));
#7837=CARTESIAN_POINT('',(-0.0238419926495791,0.0866910996513717,-0.00563893636485198));
#7838=CARTESIAN_POINT('',(-0.0230088853286871,0.0866381901304987,-0.00526003260916863));
#7839=CARTESIAN_POINT('',(-0.0221757780077951,0.0865852806096257,-0.00488112885348529));
#7840=CARTESIAN_POINT('',(-0.0215005335612262,0.0865323710887525,-0.00426332564730013));
#7841=CARTESIAN_POINT('',(-0.0208252891146573,0.0864794615678795,-0.00364552244111496));
#7842=CARTESIAN_POINT('',(-0.0203740051735465,0.0864265520470065,-0.00284929466673744));
#7843=CARTESIAN_POINT('',(-0.0199227212324356,0.0863736425261335,-0.00205306689235991));
#7844=CARTESIAN_POINT('',(-0.0197395726132187,0.0863207330052604,-0.00115635487199121));
#7845=CARTESIAN_POINT('',(-0.0195564239940018,0.0862678234843873,-0.000259642851622503));
#7846=CARTESIAN_POINT('',(-0.0196593385595993,0.0862149139635143,0.00064977699442367));
#7847=CARTESIAN_POINT('',(-0.0197622531251969,0.0861620044426413,0.00155919684046984));
#7848=CARTESIAN_POINT('',(-0.0201411568808802,0.0861090949217682,0.00239230416136183));
#7849=CARTESIAN_POINT('',(-0.0205200606365635,0.0860561854008952,0.00322541148225382));
#7850=CARTESIAN_POINT('',(-0.0211378638427487,0.0860032758800222,0.0039006559288227));
#7851=CARTESIAN_POINT('',(-0.0217556670489339,0.0859503663591491,0.00457590037539158));
#7852=CARTESIAN_POINT('',(-0.0225518948233114,0.0858974568382761,0.00502718431650248));
#7853=CARTESIAN_POINT('',(-0.023348122597689,0.0858445473174031,0.00547846825761338));
#7854=CARTESIAN_POINT('',(-0.0242448346180576,0.0857916377965299,0.00566161687683027));
#7855=CARTESIAN_POINT('',(-0.0251415466384263,0.0857387282756569,0.00584476549604714));
#7856=CARTESIAN_POINT('',(-0.0260509664844725,0.0856858187547839,0.0057418509304496));
#7857=CARTESIAN_POINT('',(-0.0269603863305187,0.0856329092339109,0.00563893636485205));
#7858=CARTESIAN_POINT('',(-0.0277934936514107,0.0855799997130378,0.00526003260916871));
#7859=CARTESIAN_POINT('',(-0.0286266009723027,0.0855270901921648,0.00488112885348535));
#7860=CARTESIAN_POINT('',(-0.0293018454188716,0.0854741806712917,0.00426332564730019));
#7861=CARTESIAN_POINT('',(-0.0299770898654405,0.0854212711504187,0.00364552244111503));
#7862=CARTESIAN_POINT('',(-0.0304283738065513,0.0853683616295456,0.0028492946667375));
#7863=CARTESIAN_POINT('',(-0.0308796577476622,0.0853154521086726,0.00205306689235998));
#7864=CARTESIAN_POINT('',(-0.0310628063668791,0.0852625425877996,0.00115635487199127));
#7865=CARTESIAN_POINT('',(-0.031245954986096,0.0852096330669265,0.000259642851622567));
#7866=CARTESIAN_POINT('',(-0.0311430404204984,0.0851567235460534,-0.000649776994423606));
#7867=CARTESIAN_POINT('',(-0.0310401258549009,0.0851038140251804,-0.00155919684046978));
#7868=CARTESIAN_POINT('',(-0.0306612220992175,0.0850509045043073,-0.00239230416136177));
#7869=CARTESIAN_POINT('',(-0.0302823183435342,0.0849979949834344,-0.00322541148225376));
#7870=CARTESIAN_POINT('',(-0.0296645151373491,0.0849450854625613,-0.00390065592882264));
#7871=CARTESIAN_POINT('',(-0.0290467119311639,0.0848921759416882,-0.00457590037539151));
#7872=CARTESIAN_POINT('',(-0.0282504841567864,0.0848392664208152,-0.00502718431650241));
#7873=CARTESIAN_POINT('',(-0.0274542563824088,0.0847863568999422,-0.00547846825761332));
#7874=CARTESIAN_POINT('',(-0.0265575443620401,0.0847334473790691,-0.00566161687683019));
#7875=CARTESIAN_POINT('',(-0.0256608323416714,0.0846805378581962,-0.00584476549604708));
#7876=CARTESIAN_POINT('',(-0.0247514124956252,0.084627628337323,-0.00574185093044954));
#7877=CARTESIAN_POINT('',(-0.0238419926495791,0.08457471881645,-0.00563893636485198));
#7878=CARTESIAN_POINT('',(-0.0230088853286871,0.084521809295577,-0.00526003260916863));
#7879=CARTESIAN_POINT('',(-0.0221757780077951,0.084468899774704,-0.00488112885348529));
#7880=CARTESIAN_POINT('',(-0.0215005335612262,0.0844159902538308,-0.00426332564730013));
#7881=CARTESIAN_POINT('',(-0.0208252891146573,0.0843630807329578,-0.00364552244111496));
#7882=CARTESIAN_POINT('',(-0.0203740051735465,0.0843101712120848,-0.00284929466673744));
#7883=CARTESIAN_POINT('',(-0.0199227212324356,0.0842572616912118,-0.00205306689235991));
#7884=CARTESIAN_POINT('',(-0.0197395726132187,0.0842043521703387,-0.00115635487199121));
#7885=CARTESIAN_POINT('',(-0.0195564239940018,0.0841514426494656,-0.000259642851622503));
#7886=CARTESIAN_POINT('',(-0.0196593385595993,0.0840985331285925,0.000649776994423669));
#7887=CARTESIAN_POINT('',(-0.0197622531251969,0.0840456236077196,0.00155919684046984));
#7888=CARTESIAN_POINT('',(-0.0201411568808802,0.0839927140868465,0.00239230416136183));
#7889=CARTESIAN_POINT('',(-0.0205200606365635,0.0839398045659734,0.00322541148225382));
#7890=CARTESIAN_POINT('',(-0.0211378638427487,0.0838868950451004,0.0039006559288227));
#7891=CARTESIAN_POINT('',(-0.0217556670489339,0.0838339855242274,0.00457590037539158));
#7892=CARTESIAN_POINT('',(-0.0225518948233114,0.0837810760033543,0.00502718431650248));
#7893=CARTESIAN_POINT('',(-0.023348122597689,0.0837281664824813,0.00547846825761338));
#7894=CARTESIAN_POINT('',(-0.0242448346180576,0.0836752569616082,0.00566161687683027));
#7895=CARTESIAN_POINT('',(-0.0251415466384263,0.0836223474407352,0.00584476549604714));
#7896=CARTESIAN_POINT('',(-0.0260509664844725,0.0835694379198622,0.0057418509304496));
#7897=CARTESIAN_POINT('',(-0.0269603863305187,0.0835165283989892,0.00563893636485205));
#7898=CARTESIAN_POINT('',(-0.0277934936514107,0.0834636188781161,0.00526003260916871));
#7899=CARTESIAN_POINT('',(-0.0286266009723027,0.0834107093572431,0.00488112885348535));
#7900=CARTESIAN_POINT('',(-0.0293018454188716,0.08335779983637,0.00426332564730019));
#7901=CARTESIAN_POINT('',(-0.0299770898654405,0.083304890315497,0.00364552244111503));
#7902=CARTESIAN_POINT('',(-0.0304283738065513,0.0832519807946239,0.0028492946667375));
#7903=CARTESIAN_POINT('',(-0.0308796577476622,0.0831990712737509,0.00205306689235998));
#7904=CARTESIAN_POINT('',(-0.0310628063668791,0.0831461617528779,0.00115635487199127));
#7905=CARTESIAN_POINT('',(-0.031245954986096,0.0830932522320048,0.000259642851622566));
#7906=CARTESIAN_POINT('',(-0.0311430404204984,0.0830403427111317,-0.000649776994423607));
#7907=CARTESIAN_POINT('',(-0.0310401258549009,0.0829874331902587,-0.00155919684046978));
#7908=CARTESIAN_POINT('',(-0.0306612220992175,0.0829345236693856,-0.00239230416136177));
#7909=CARTESIAN_POINT('',(-0.0302823183435342,0.0828816141485127,-0.00322541148225376));
#7910=CARTESIAN_POINT('',(-0.0296645151373491,0.0828287046276396,-0.00390065592882264));
#7911=CARTESIAN_POINT('',(-0.0290467119311639,0.0827757951067665,-0.00457590037539151));
#7912=CARTESIAN_POINT('',(-0.0282504841567864,0.0827228855858934,-0.00502718431650242));
#7913=CARTESIAN_POINT('',(-0.0274542563824088,0.0826699760650205,-0.00547846825761332));
#7914=CARTESIAN_POINT('',(-0.0265575443620401,0.0826170665441474,-0.00566161687683019));
#7915=CARTESIAN_POINT('',(-0.0256608323416714,0.0825641570232743,-0.00584476549604708));
#7916=CARTESIAN_POINT('',(-0.0247514124956252,0.0825112475024013,-0.00574185093044954));
#7917=CARTESIAN_POINT('',(-0.0238419926495791,0.0824583379815283,-0.00563893636485199));
#7918=CARTESIAN_POINT('',(-0.0230088853286871,0.0824054284606553,-0.00526003260916863));
#7919=CARTESIAN_POINT('',(-0.0225783010313513,0.0823780826334177,-0.00506419948742372));
#7920=CARTESIAN_POINT('',(-0.0221852972481284,0.0823503964821596,-0.00480094775417755));
#7921=CARTESIAN_POINT('',(-0.0316789059689058,0.0870355861414734,0.00033220183785522));
#7922=CARTESIAN_POINT('',(-0.0317064676184819,0.087007526057345,-0.000188638813857111));
#7923=CARTESIAN_POINT('',(-0.0316478185242743,0.0869798104442269,-0.000706900246680468));
#7924=CARTESIAN_POINT('',(-0.0315358565243386,0.0869269009233538,-0.00169626909018127));
#7925=CARTESIAN_POINT('',(-0.0311236425483754,0.0868739914024808,-0.00260261661510774));
#7926=CARTESIAN_POINT('',(-0.0307114285724122,0.0868210818816078,-0.00350896414003422));
#7927=CARTESIAN_POINT('',(-0.0300393129964525,0.0867681723607347,-0.00424357073575204));
#7928=CARTESIAN_POINT('',(-0.0293671974204929,0.0867152628398616,-0.00497817733146986));
#7929=CARTESIAN_POINT('',(-0.0285009716000162,0.0866623533189886,-0.00546913458608504));
#7930=CARTESIAN_POINT('',(-0.0276347457795396,0.0866094437981156,-0.00596009184070023));
#7931=CARTESIAN_POINT('',(-0.0266592019332044,0.0865565342772426,-0.00615934143743071));
#7932=CARTESIAN_POINT('',(-0.0256836580868692,0.0865036247563695,-0.0063585910341612));
#7933=CARTESIAN_POINT('',(-0.0246942892433684,0.0864507152354964,-0.00624662903422543));
#7934=CARTESIAN_POINT('',(-0.0237049203998676,0.0863978057146234,-0.00613466703428967));
#7935=CARTESIAN_POINT('',(-0.0227985728749411,0.0863448961937503,-0.00572245305832648));
#7936=CARTESIAN_POINT('',(-0.0218922253500146,0.0862919866728773,-0.0053102390823633));
#7937=CARTESIAN_POINT('',(-0.0211576187542968,0.0862390771520043,-0.00463812350640362));
#7938=CARTESIAN_POINT('',(-0.020423012158579,0.0861861676311312,-0.00396600793044395));
#7939=CARTESIAN_POINT('',(-0.0199320549039638,0.0861332581102581,-0.0030997821099673));
#7940=CARTESIAN_POINT('',(-0.0194410976493486,0.0860803485893852,-0.00223355628949065));
#7941=CARTESIAN_POINT('',(-0.0192418480526181,0.0860274390685121,-0.00125801244315546));
#7942=CARTESIAN_POINT('',(-0.0190425984558877,0.0859745295476391,-0.000282468596820267));
#7943=CARTESIAN_POINT('',(-0.0191545604558234,0.085921620026766,0.000706900246680531));
#7944=CARTESIAN_POINT('',(-0.0192665224557592,0.085868710505893,0.00169626909018133));
#7945=CARTESIAN_POINT('',(-0.0196787364317224,0.0858158009850199,0.00260261661510781));
#7946=CARTESIAN_POINT('',(-0.0200909504076856,0.0857628914641469,0.00350896414003428));
#7947=CARTESIAN_POINT('',(-0.0207630659836452,0.0857099819432738,0.0042435707357521));
#7948=CARTESIAN_POINT('',(-0.0214351815596049,0.0856570724224008,0.00497817733146992));
#7949=CARTESIAN_POINT('',(-0.0223014073800816,0.0856041629015278,0.00546913458608511));
#7950=CARTESIAN_POINT('',(-0.0231676332005582,0.0855512533806547,0.00596009184070029));
#7951=CARTESIAN_POINT('',(-0.0241431770468934,0.0854983438597817,0.00615934143743078));
#7952=CARTESIAN_POINT('',(-0.0251187208932286,0.0854454343389086,0.00635859103416126));
#7953=CARTESIAN_POINT('',(-0.0261080897367294,0.0853925248180355,0.00624662903422549));
#7954=CARTESIAN_POINT('',(-0.0270974585802302,0.0853396152971625,0.00613466703428973));
#7955=CARTESIAN_POINT('',(-0.0280038061051567,0.0852867057762895,0.00572245305832654));
#7956=CARTESIAN_POINT('',(-0.0289101536300831,0.0852337962554165,0.00531023908236336));
#7957=CARTESIAN_POINT('',(-0.0296447602258009,0.0851808867345434,0.00463812350640368));
#7958=CARTESIAN_POINT('',(-0.0303793668215188,0.0851279772136703,0.00396600793044401));
#7959=CARTESIAN_POINT('',(-0.0308703240761339,0.0850750676927973,0.00309978210996737));
#7960=CARTESIAN_POINT('',(-0.0313612813307492,0.0850221581719243,0.00223355628949072));
#7961=CARTESIAN_POINT('',(-0.0315605309274796,0.0849692486510512,0.00125801244315552));
#7962=CARTESIAN_POINT('',(-0.0317597805242101,0.0849163391301783,0.00028246859682033));
#7963=CARTESIAN_POINT('',(-0.0316478185242743,0.0848634296093052,-0.000706900246680469));
#7964=CARTESIAN_POINT('',(-0.0315358565243386,0.0848105200884321,-0.00169626909018127));
#7965=CARTESIAN_POINT('',(-0.0311236425483754,0.084757610567559,-0.00260261661510774));
#7966=CARTESIAN_POINT('',(-0.0307114285724122,0.0847047010466861,-0.00350896414003422));
#7967=CARTESIAN_POINT('',(-0.0300393129964525,0.084651791525813,-0.00424357073575204));
#7968=CARTESIAN_POINT('',(-0.0293671974204929,0.0845988820049399,-0.00497817733146986));
#7969=CARTESIAN_POINT('',(-0.0285009716000162,0.0845459724840669,-0.00546913458608504));
#7970=CARTESIAN_POINT('',(-0.0276347457795396,0.0844930629631939,-0.00596009184070023));
#7971=CARTESIAN_POINT('',(-0.0266592019332044,0.0844401534423209,-0.00615934143743071));
#7972=CARTESIAN_POINT('',(-0.0256836580868692,0.0843872439214478,-0.0063585910341612));
#7973=CARTESIAN_POINT('',(-0.0246942892433684,0.0843343344005747,-0.00624662903422543));
#7974=CARTESIAN_POINT('',(-0.0237049203998676,0.0842814248797017,-0.00613466703428967));
#7975=CARTESIAN_POINT('',(-0.0227985728749411,0.0842285153588286,-0.00572245305832648));
#7976=CARTESIAN_POINT('',(-0.0218922253500146,0.0841756058379556,-0.0053102390823633));
#7977=CARTESIAN_POINT('',(-0.0211576187542968,0.0841226963170826,-0.00463812350640362));
#7978=CARTESIAN_POINT('',(-0.020423012158579,0.0840697867962095,-0.00396600793044395));
#7979=CARTESIAN_POINT('',(-0.0199320549039638,0.0840168772753364,-0.0030997821099673));
#7980=CARTESIAN_POINT('',(-0.0194410976493486,0.0839639677544634,-0.00223355628949065));
#7981=CARTESIAN_POINT('',(-0.0192418480526181,0.0839110582335904,-0.00125801244315546));
#7982=CARTESIAN_POINT('',(-0.0190425984558877,0.0838581487127174,-0.000282468596820268));
#7983=CARTESIAN_POINT('',(-0.0191545604558234,0.0838052391918443,0.00070690024668053));
#7984=CARTESIAN_POINT('',(-0.0192665224557592,0.0837523296709713,0.00169626909018133));
#7985=CARTESIAN_POINT('',(-0.0196787364317224,0.0836994201500982,0.0026026166151078));
#7986=CARTESIAN_POINT('',(-0.0200909504076856,0.0836465106292252,0.00350896414003428));
#7987=CARTESIAN_POINT('',(-0.0207630659836452,0.0835936011083521,0.0042435707357521));
#7988=CARTESIAN_POINT('',(-0.0214351815596049,0.0835406915874791,0.00497817733146992));
#7989=CARTESIAN_POINT('',(-0.0223014073800816,0.0834877820666061,0.00546913458608511));
#7990=CARTESIAN_POINT('',(-0.0231676332005582,0.083434872545733,0.00596009184070029));
#7991=CARTESIAN_POINT('',(-0.0241431770468934,0.0833819630248599,0.00615934143743078));
#7992=CARTESIAN_POINT('',(-0.0251187208932286,0.0833290535039869,0.00635859103416126));
#7993=CARTESIAN_POINT('',(-0.0261080897367294,0.0832761439831139,0.00624662903422549));
#7994=CARTESIAN_POINT('',(-0.0270974585802302,0.0832232344622408,0.00613466703428973));
#7995=CARTESIAN_POINT('',(-0.0280038061051567,0.0831703249413678,0.00572245305832654));
#7996=CARTESIAN_POINT('',(-0.0289101536300831,0.0831174154204948,0.00531023908236336));
#7997=CARTESIAN_POINT('',(-0.0296447602258009,0.0830645058996217,0.00463812350640368));
#7998=CARTESIAN_POINT('',(-0.0303793668215188,0.0830115963787486,0.00396600793044401));
#7999=CARTESIAN_POINT('',(-0.0308703240761339,0.0829586868578756,0.00309978210996737));
#8000=CARTESIAN_POINT('',(-0.0313612813307492,0.0829057773370026,0.00223355628949072));
#8001=CARTESIAN_POINT('',(-0.0315605309274796,0.0828528678161295,0.00125801244315552));
#8002=CARTESIAN_POINT('',(-0.0317597805242101,0.0827999582952564,0.000282468596820329));
#8003=CARTESIAN_POINT('',(-0.0316478185242743,0.0827470487743835,-0.000706900246680469));
#8004=CARTESIAN_POINT('',(-0.0315358565243386,0.0826941392535104,-0.00169626909018127));
#8005=CARTESIAN_POINT('',(-0.0311236425483754,0.0826412297326373,-0.00260261661510774));
#8006=CARTESIAN_POINT('',(-0.0307114285724122,0.0825883202117644,-0.00350896414003422));
#8007=CARTESIAN_POINT('',(-0.0300393129964525,0.0825354106908913,-0.00424357073575204));
#8008=CARTESIAN_POINT('',(-0.0293671974204929,0.0824825011700182,-0.00497817733146986));
#8009=CARTESIAN_POINT('',(-0.0285009716000162,0.0824295916491452,-0.00546913458608504));
#8010=CARTESIAN_POINT('',(-0.0276347457795396,0.0823766821282722,-0.00596009184070023));
#8011=CARTESIAN_POINT('',(-0.0266592019332044,0.082323772607399,-0.00615934143743071));
#8012=CARTESIAN_POINT('',(-0.0256836580868692,0.082270863086526,-0.0063585910341612));
#8013=CARTESIAN_POINT('',(-0.0246942892433684,0.082217953565653,-0.00624662903422543));
#8014=CARTESIAN_POINT('',(-0.0237049203998676,0.08216504404478,-0.00613466703428967));
#8015=CARTESIAN_POINT('',(-0.0227985728749411,0.0821121345239069,-0.00572245305832648));
#8016=CARTESIAN_POINT('',(-0.0223301350130043,0.0820847886966693,-0.00550940383796664));
#8017=CARTESIAN_POINT('',(-0.021902581446641,0.0820571025454113,-0.00522300909520433));
#8018=CARTESIAN_POINT('',(-0.0311758151876313,0.0872994282874887,-0.000201618407180077));
#8019=CARTESIAN_POINT('',(-0.0311451278111653,0.0872481092727988,-0.0010805678961612));
#8020=CARTESIAN_POINT('',(-0.0306771938979007,0.0871462044687106,-0.00281968317739866));
#8021=CARTESIAN_POINT('',(-0.0288914645039749,0.0869917841440289,-0.00485870982966527));
#8022=CARTESIAN_POINT('',(-0.0263957759259129,0.0868386114395462,-0.00589882194399021));
#8023=CARTESIAN_POINT('',(-0.0236920864719636,0.086684481092871,-0.0057331491077021));
#8024=CARTESIAN_POINT('',(-0.0213413023075344,0.0865309325753775,-0.00439342253402468));
#8025=CARTESIAN_POINT('',(-0.0198201852658812,0.0863772211019597,-0.00215470401598525));
#8026=CARTESIAN_POINT('',(-0.0194423599305151,0.086223220744138,0.000526911157352491));
#8027=CARTESIAN_POINT('',(-0.0202829974847305,0.0860699346200229,0.00309731448897206));
#8028=CARTESIAN_POINT('',(-0.0221746480525034,0.0859156213434942,0.00503745060123535));
#8029=CARTESIAN_POINT('',(-0.0247214600692421,0.0857625647922896,0.00594356173754958));
#8030=CARTESIAN_POINT('',(-0.0274139492329744,0.0856081365723437,0.00563352558397897));
#8031=CARTESIAN_POINT('',(-0.0296881434222779,0.0854550942580925,0.00417237940252292));
#8032=CARTESIAN_POINT('',(-0.031089400380741,0.0853007543205929,0.00185296118871327));
#8033=CARTESIAN_POINT('',(-0.0313238829321372,0.085147510413432,-0.000841017559182883));
#8034=CARTESIAN_POINT('',(-0.0303463778775292,0.0849934585764797,-0.00336683792208209));
#8035=CARTESIAN_POINT('',(-0.028356526345975,0.0848398106431083,-0.00520107091643689));
#8036=CARTESIAN_POINT('',(-0.0257624591192644,0.084686198999194,-0.00597159483143037));
#8037=CARTESIAN_POINT('',(-0.0230921051238915,0.084532119144656,-0.0055185078017965));
#8038=CARTESIAN_POINT('',(-0.0208978875490789,0.0843788975140899,-0.00393821589491432));
#8039=CARTESIAN_POINT('',(-0.0196225003253711,0.0842245440748635,-0.00154718736662473));
#8040=CARTESIAN_POINT('',(-0.0195313175568675,0.0840715081362477,0.00115438035501989));
#8041=CARTESIAN_POINT('',(-0.0206430919359922,0.0839170814618192,0.00362614044424094));
#8042=CARTESIAN_POINT('',(-0.0227251460484366,0.0837640152592192,0.00535028641569391));
#8043=CARTESIAN_POINT('',(-0.0253600354160798,0.083609718488945,0.00598231482017166));
#8044=CARTESIAN_POINT('',(-0.0279986280421474,0.0834564071457301,0.00538878736516307));
#8045=CARTESIAN_POINT('',(-0.0301088564132754,0.0833024365942255,0.00369172432992601));
#8046=CARTESIAN_POINT('',(-0.0312535904247489,0.0831486903805704,0.00123889996175606));
#8047=CARTESIAN_POINT('',(-0.0312012669478999,0.0829951753116863,-0.00146618597432805));
#8048=CARTESIAN_POINT('',(-0.0299596682464227,0.0828410203995769,-0.00387380978922729));
#8049=CARTESIAN_POINT('',(-0.0277887584654431,0.0826878647754871,-0.00548536060361925));
#8050=CARTESIAN_POINT('',(-0.025123019324922,0.0825334412961614,-0.00597583078381237));
#8051=CARTESIAN_POINT('',(-0.0233893733515521,0.0824315204841137,-0.00548759854707848));
#8052=CARTESIAN_POINT('',(-0.0226186388369383,0.082380215090558,-0.00506410763876614));
#8053=CARTESIAN_POINT('',(-0.0309857854314293,0.0876322862423605,-0.000195018387573543));
#8054=CARTESIAN_POINT('',(-0.030922420116179,0.0875264529090272,-0.00200956360443113));
#8055=CARTESIAN_POINT('',(-0.0298045935812009,0.0874206195756938,-0.00344031632411974));
#8056=CARTESIAN_POINT('',(-0.0286867670462229,0.0873147862423606,-0.00487106904380836));
#8057=CARTESIAN_POINT('',(-0.026941451034352,0.0872089529090272,-0.00537153035690329));
#8058=CARTESIAN_POINT('',(-0.0251961350224811,0.0871031195756939,-0.00587199166999823));
#8059=CARTESIAN_POINT('',(-0.0234899809291427,0.0869972862423605,-0.00525100236495162));
#8060=CARTESIAN_POINT('',(-0.0217838268358044,0.0868914529090273,-0.00463001305990501));
#8061=CARTESIAN_POINT('',(-0.020768527534609,0.0867856195756939,-0.0031247699445945));
#8062=CARTESIAN_POINT('',(-0.0197532282334137,0.0866797862423606,-0.00161952682928398));
#8063=CARTESIAN_POINT('',(-0.0198165935486639,0.0865739529090272,0.000195018387573606));
#8064=CARTESIAN_POINT('',(-0.0198799588639141,0.0864681195756939,0.0020095636044312));
#8065=CARTESIAN_POINT('',(-0.0209977853988922,0.0863622862423605,0.00344031632411981));
#8066=CARTESIAN_POINT('',(-0.0221156119338704,0.0862564529090273,0.00487106904380842));
#8067=CARTESIAN_POINT('',(-0.0238609279457412,0.0861506195756938,0.00537153035690335));
#8068=CARTESIAN_POINT('',(-0.0256062439576121,0.0860447862423606,0.00587199166999829));
#8069=CARTESIAN_POINT('',(-0.0273123980509504,0.0859389529090272,0.00525100236495168));
#8070=CARTESIAN_POINT('',(-0.0290185521442888,0.0858331195756939,0.00463001305990508));
#8071=CARTESIAN_POINT('',(-0.0300338514454841,0.0857272862423605,0.00312476994459456));
#8072=CARTESIAN_POINT('',(-0.0310491507466795,0.0856214529090272,0.00161952682928405));
#8073=CARTESIAN_POINT('',(-0.0309857854314293,0.0855156195756938,-0.000195018387573544));
#8074=CARTESIAN_POINT('',(-0.030922420116179,0.0854097862423606,-0.00200956360443113));
#8075=CARTESIAN_POINT('',(-0.0298045935812009,0.0853039529090272,-0.00344031632411974));
#8076=CARTESIAN_POINT('',(-0.0286867670462229,0.0851981195756939,-0.00487106904380836));
#8077=CARTESIAN_POINT('',(-0.026941451034352,0.0850922862423605,-0.00537153035690329));
#8078=CARTESIAN_POINT('',(-0.0251961350224811,0.0849864529090272,-0.00587199166999823));
#8079=CARTESIAN_POINT('',(-0.0234899809291427,0.0848806195756938,-0.00525100236495162));
#8080=CARTESIAN_POINT('',(-0.0217838268358044,0.0847747862423606,-0.00463001305990501));
#8081=CARTESIAN_POINT('',(-0.020768527534609,0.0846689529090272,-0.0031247699445945));
#8082=CARTESIAN_POINT('',(-0.0197532282334137,0.0845631195756939,-0.00161952682928398));
#8083=CARTESIAN_POINT('',(-0.0198165935486639,0.0844572862423605,0.000195018387573605));
#8084=CARTESIAN_POINT('',(-0.0198799588639141,0.0843514529090273,0.00200956360443119));
#8085=CARTESIAN_POINT('',(-0.0209977853988922,0.0842456195756939,0.00344031632411981));
#8086=CARTESIAN_POINT('',(-0.0221156119338704,0.0841397862423606,0.00487106904380842));
#8087=CARTESIAN_POINT('',(-0.0238609279457412,0.0840339529090272,0.00537153035690335));
#8088=CARTESIAN_POINT('',(-0.0256062439576121,0.0839281195756939,0.00587199166999829));
#8089=CARTESIAN_POINT('',(-0.0273123980509504,0.0838222862423605,0.00525100236495168));
#8090=CARTESIAN_POINT('',(-0.0290185521442888,0.0837164529090273,0.00463001305990508));
#8091=CARTESIAN_POINT('',(-0.0300338514454841,0.0836106195756938,0.00312476994459456));
#8092=CARTESIAN_POINT('',(-0.0310491507466795,0.0835047862423606,0.00161952682928405));
#8093=CARTESIAN_POINT('',(-0.0309857854314293,0.0833989529090272,-0.000195018387573545));
#8094=CARTESIAN_POINT('',(-0.030922420116179,0.0832931195756939,-0.00200956360443113));
#8095=CARTESIAN_POINT('',(-0.0298045935812009,0.0831872862423605,-0.00344031632411975));
#8096=CARTESIAN_POINT('',(-0.0286867670462229,0.0830814529090272,-0.00487106904380836));
#8097=CARTESIAN_POINT('',(-0.026941451034352,0.0829756195756938,-0.00537153035690329));
#8098=CARTESIAN_POINT('',(-0.0251961350224811,0.0828697862423605,-0.00587199166999823));
#8099=CARTESIAN_POINT('',(-0.0234899809291427,0.0827639529090272,-0.00525100236495162));
#8100=CARTESIAN_POINT('',(-0.0230865185187005,0.082738925995023,-0.00510415405690536));
#8101=CARTESIAN_POINT('',(-0.022710225793054,0.082712950572583,-0.00489739301888952));
#8102=CARTESIAN_POINT('',(-0.0224952301370494,0.0826981094592506,-0.00477925965628455));
#8103=CARTESIAN_POINT('',(-0.0222802344810448,0.0826832683459181,-0.00466112629367959));
#8104=CARTESIAN_POINT('',(-0.0309857854314293,0.0876315241615737,-0.000195018387573543));
#8105=CARTESIAN_POINT('',(-0.030922420116179,0.0875256908282404,-0.00200956360443113));
#8106=CARTESIAN_POINT('',(-0.0298045935812009,0.087419857494907,-0.00344031632411974));
#8107=CARTESIAN_POINT('',(-0.0286867670462229,0.0873140241615737,-0.00487106904380836));
#8108=CARTESIAN_POINT('',(-0.026941451034352,0.0872081908282404,-0.00537153035690329));
#8109=CARTESIAN_POINT('',(-0.0251961350224811,0.0871023574949071,-0.00587199166999823));
#8110=CARTESIAN_POINT('',(-0.0234899809291427,0.0869965241615737,-0.00525100236495162));
#8111=CARTESIAN_POINT('',(-0.0217838268358044,0.0868906908282404,-0.00463001305990501));
#8112=CARTESIAN_POINT('',(-0.020768527534609,0.0867848574949071,-0.0031247699445945));
#8113=CARTESIAN_POINT('',(-0.0197532282334137,0.0866790241615737,-0.00161952682928398));
#8114=CARTESIAN_POINT('',(-0.0198165935486639,0.0865731908282404,0.000195018387573606));
#8115=CARTESIAN_POINT('',(-0.0198799588639141,0.0864673574949071,0.0020095636044312));
#8116=CARTESIAN_POINT('',(-0.0209977853988922,0.0863615241615737,0.00344031632411981));
#8117=CARTESIAN_POINT('',(-0.0221156119338704,0.0862556908282405,0.00487106904380842));
#8118=CARTESIAN_POINT('',(-0.0238609279457412,0.086149857494907,0.00537153035690335));
#8119=CARTESIAN_POINT('',(-0.0256062439576121,0.0860440241615738,0.00587199166999829));
#8120=CARTESIAN_POINT('',(-0.0273123980509504,0.0859381908282404,0.00525100236495168));
#8121=CARTESIAN_POINT('',(-0.0290185521442888,0.0858323574949071,0.00463001305990508));
#8122=CARTESIAN_POINT('',(-0.0300338514454841,0.0857265241615737,0.00312476994459456));
#8123=CARTESIAN_POINT('',(-0.0310491507466795,0.0856206908282404,0.00161952682928405));
#8124=CARTESIAN_POINT('',(-0.0309857854314293,0.085514857494907,-0.000195018387573544));
#8125=CARTESIAN_POINT('',(-0.030922420116179,0.0854090241615737,-0.00200956360443113));
#8126=CARTESIAN_POINT('',(-0.0298045935812009,0.0853031908282404,-0.00344031632411974));
#8127=CARTESIAN_POINT('',(-0.0286867670462229,0.085197357494907,-0.00487106904380836));
#8128=CARTESIAN_POINT('',(-0.026941451034352,0.0850915241615737,-0.00537153035690329));
#8129=CARTESIAN_POINT('',(-0.0251961350224811,0.0849856908282404,-0.00587199166999823));
#8130=CARTESIAN_POINT('',(-0.0234899809291427,0.084879857494907,-0.00525100236495162));
#8131=CARTESIAN_POINT('',(-0.0217838268358044,0.0847740241615737,-0.00463001305990501));
#8132=CARTESIAN_POINT('',(-0.020768527534609,0.0846681908282404,-0.0031247699445945));
#8133=CARTESIAN_POINT('',(-0.0197532282334137,0.0845623574949071,-0.00161952682928398));
#8134=CARTESIAN_POINT('',(-0.0198165935486639,0.0844565241615737,0.000195018387573605));
#8135=CARTESIAN_POINT('',(-0.0198799588639141,0.0843506908282404,0.00200956360443119));
#8136=CARTESIAN_POINT('',(-0.0209977853988922,0.0842448574949071,0.00344031632411981));
#8137=CARTESIAN_POINT('',(-0.0221156119338704,0.0841390241615738,0.00487106904380842));
#8138=CARTESIAN_POINT('',(-0.0238609279457412,0.0840331908282404,0.00537153035690335));
#8139=CARTESIAN_POINT('',(-0.0256062439576121,0.0839273574949071,0.00587199166999829));
#8140=CARTESIAN_POINT('',(-0.0273123980509504,0.0838215241615737,0.00525100236495168));
#8141=CARTESIAN_POINT('',(-0.0290185521442888,0.0837156908282404,0.00463001305990508));
#8142=CARTESIAN_POINT('',(-0.0300338514454841,0.083609857494907,0.00312476994459456));
#8143=CARTESIAN_POINT('',(-0.0310491507466795,0.0835040241615738,0.00161952682928405));
#8144=CARTESIAN_POINT('',(-0.0309857854314293,0.0833981908282404,-0.000195018387573545));
#8145=CARTESIAN_POINT('',(-0.030922420116179,0.0832923574949071,-0.00200956360443113));
#8146=CARTESIAN_POINT('',(-0.0298045935812009,0.0831865241615737,-0.00344031632411975));
#8147=CARTESIAN_POINT('',(-0.0286867670462229,0.0830806908282404,-0.00487106904380836));
#8148=CARTESIAN_POINT('',(-0.026941451034352,0.082974857494907,-0.00537153035690329));
#8149=CARTESIAN_POINT('',(-0.0251961350224811,0.0828690241615737,-0.00587199166999823));
#8150=CARTESIAN_POINT('',(-0.0234899809291427,0.0827631908282404,-0.00525100236495162));
#8151=CARTESIAN_POINT('',(-0.0230865185187005,0.0827381639142362,-0.00510415405690536));
#8152=CARTESIAN_POINT('',(-0.022710225793054,0.0827121884917962,-0.00489739301888952));
#8153=CARTESIAN_POINT('',(-0.0224952301370494,0.0826973473784637,-0.00477925965628455));
#8154=CARTESIAN_POINT('',(-0.0222802344810448,0.0826825062651313,-0.00466112629367959));
#8155=CARTESIAN_POINT('',(-0.0309857854314293,0.0876307620807869,-0.000195018387573543));
#8156=CARTESIAN_POINT('',(-0.030922420116179,0.0875249287474536,-0.00200956360443113));
#8157=CARTESIAN_POINT('',(-0.0298045935812009,0.0874190954141202,-0.00344031632411974));
#8158=CARTESIAN_POINT('',(-0.0286867670462229,0.0873132620807869,-0.00487106904380836));
#8159=CARTESIAN_POINT('',(-0.026941451034352,0.0872074287474535,-0.00537153035690329));
#8160=CARTESIAN_POINT('',(-0.0251961350224811,0.0871015954141202,-0.00587199166999823));
#8161=CARTESIAN_POINT('',(-0.0234899809291427,0.0869957620807868,-0.00525100236495162));
#8162=CARTESIAN_POINT('',(-0.0217838268358044,0.0868899287474536,-0.00463001305990501));
#8163=CARTESIAN_POINT('',(-0.020768527534609,0.0867840954141202,-0.0031247699445945));
#8164=CARTESIAN_POINT('',(-0.0197532282334137,0.0866782620807869,-0.00161952682928398));
#8165=CARTESIAN_POINT('',(-0.0198165935486639,0.0865724287474535,0.000195018387573606));
#8166=CARTESIAN_POINT('',(-0.0198799588639141,0.0864665954141203,0.0020095636044312));
#8167=CARTESIAN_POINT('',(-0.0209977853988922,0.0863607620807868,0.00344031632411981));
#8168=CARTESIAN_POINT('',(-0.0221156119338704,0.0862549287474536,0.00487106904380842));
#8169=CARTESIAN_POINT('',(-0.0238609279457412,0.0861490954141201,0.00537153035690335));
#8170=CARTESIAN_POINT('',(-0.0256062439576121,0.086043262080787,0.00587199166999829));
#8171=CARTESIAN_POINT('',(-0.0273123980509504,0.0859374287474535,0.00525100236495168));
#8172=CARTESIAN_POINT('',(-0.0290185521442888,0.0858315954141203,0.00463001305990508));
#8173=CARTESIAN_POINT('',(-0.0300338514454841,0.0857257620807868,0.00312476994459456));
#8174=CARTESIAN_POINT('',(-0.0310491507466795,0.0856199287474535,0.00161952682928405));
#8175=CARTESIAN_POINT('',(-0.0309857854314293,0.0855140954141201,-0.000195018387573544));
#8176=CARTESIAN_POINT('',(-0.030922420116179,0.0854082620807869,-0.00200956360443113));
#8177=CARTESIAN_POINT('',(-0.0298045935812009,0.0853024287474535,-0.00344031632411974));
#8178=CARTESIAN_POINT('',(-0.0286867670462229,0.0851965954141202,-0.00487106904380836));
#8179=CARTESIAN_POINT('',(-0.026941451034352,0.0850907620807868,-0.00537153035690329));
#8180=CARTESIAN_POINT('',(-0.0251961350224811,0.0849849287474535,-0.00587199166999823));
#8181=CARTESIAN_POINT('',(-0.0234899809291427,0.0848790954141202,-0.00525100236495162));
#8182=CARTESIAN_POINT('',(-0.0217838268358044,0.0847732620807869,-0.00463001305990501));
#8183=CARTESIAN_POINT('',(-0.020768527534609,0.0846674287474535,-0.0031247699445945));
#8184=CARTESIAN_POINT('',(-0.0197532282334137,0.0845615954141202,-0.00161952682928398));
#8185=CARTESIAN_POINT('',(-0.0198165935486639,0.0844557620807868,0.000195018387573605));
#8186=CARTESIAN_POINT('',(-0.0198799588639141,0.0843499287474536,0.00200956360443119));
#8187=CARTESIAN_POINT('',(-0.0209977853988922,0.0842440954141202,0.00344031632411981));
#8188=CARTESIAN_POINT('',(-0.0221156119338704,0.0841382620807869,0.00487106904380842));
#8189=CARTESIAN_POINT('',(-0.0238609279457412,0.0840324287474535,0.00537153035690335));
#8190=CARTESIAN_POINT('',(-0.0256062439576121,0.0839265954141202,0.00587199166999829));
#8191=CARTESIAN_POINT('',(-0.0273123980509504,0.0838207620807868,0.00525100236495168));
#8192=CARTESIAN_POINT('',(-0.0290185521442888,0.0837149287474536,0.00463001305990508));
#8193=CARTESIAN_POINT('',(-0.0300338514454841,0.0836090954141201,0.00312476994459456));
#8194=CARTESIAN_POINT('',(-0.0310491507466795,0.0835032620807869,0.00161952682928405));
#8195=CARTESIAN_POINT('',(-0.0309857854314293,0.0833974287474535,-0.000195018387573545));
#8196=CARTESIAN_POINT('',(-0.030922420116179,0.0832915954141203,-0.00200956360443113));
#8197=CARTESIAN_POINT('',(-0.0298045935812009,0.0831857620807868,-0.00344031632411975));
#8198=CARTESIAN_POINT('',(-0.0286867670462229,0.0830799287474536,-0.00487106904380836));
#8199=CARTESIAN_POINT('',(-0.026941451034352,0.0829740954141201,-0.00537153035690329));
#8200=CARTESIAN_POINT('',(-0.0251961350224811,0.0828682620807869,-0.00587199166999823));
#8201=CARTESIAN_POINT('',(-0.0234899809291427,0.0827624287474535,-0.00525100236495162));
#8202=CARTESIAN_POINT('',(-0.0230865185187005,0.0827374018334493,-0.00510415405690536));
#8203=CARTESIAN_POINT('',(-0.022710225793054,0.0827114264110094,-0.00489739301888952));
#8204=CARTESIAN_POINT('',(-0.0224952301370494,0.0826965852976769,-0.00477925965628455));
#8205=CARTESIAN_POINT('',(-0.0222802344810448,0.0826817441843444,-0.00466112629367959));
#8206=CARTESIAN_POINT('',(-0.0309857854314293,0.08763,-0.000195018387573543));
#8207=CARTESIAN_POINT('',(-0.030922420116179,0.0875241666666667,-0.00200956360443113));
#8208=CARTESIAN_POINT('',(-0.0298045935812009,0.0874183333333334,-0.00344031632411974));
#8209=CARTESIAN_POINT('',(-0.0286867670462229,0.0873125000000001,-0.00487106904380836));
#8210=CARTESIAN_POINT('',(-0.026941451034352,0.0872066666666667,-0.00537153035690329));
#8211=CARTESIAN_POINT('',(-0.0251961350224811,0.0871008333333334,-0.00587199166999823));
#8212=CARTESIAN_POINT('',(-0.0234899809291427,0.086995,-0.00525100236495162));
#8213=CARTESIAN_POINT('',(-0.0217838268358044,0.0868891666666668,-0.00463001305990501));
#8214=CARTESIAN_POINT('',(-0.020768527534609,0.0867833333333334,-0.0031247699445945));
#8215=CARTESIAN_POINT('',(-0.0197532282334137,0.0866775000000001,-0.00161952682928398));
#8216=CARTESIAN_POINT('',(-0.0198165935486639,0.0865716666666667,0.000195018387573606));
#8217=CARTESIAN_POINT('',(-0.0198799588639141,0.0864658333333334,0.0020095636044312));
#8218=CARTESIAN_POINT('',(-0.0209977853988922,0.08636,0.00344031632411981));
#8219=CARTESIAN_POINT('',(-0.0221156119338704,0.0862541666666668,0.00487106904380842));
#8220=CARTESIAN_POINT('',(-0.0238609279457412,0.0861483333333333,0.00537153035690335));
#8221=CARTESIAN_POINT('',(-0.0256062439576121,0.0860425000000001,0.00587199166999829));
#8222=CARTESIAN_POINT('',(-0.0273123980509504,0.0859366666666667,0.00525100236495168));
#8223=CARTESIAN_POINT('',(-0.0290185521442888,0.0858308333333335,0.00463001305990508));
#8224=CARTESIAN_POINT('',(-0.0300338514454841,0.085725,0.00312476994459456));
#8225=CARTESIAN_POINT('',(-0.0310491507466795,0.0856191666666667,0.00161952682928405));
#8226=CARTESIAN_POINT('',(-0.0309857854314293,0.0855133333333333,-0.000195018387573544));
#8227=CARTESIAN_POINT('',(-0.030922420116179,0.0854075,-0.00200956360443113));
#8228=CARTESIAN_POINT('',(-0.0298045935812009,0.0853016666666667,-0.00344031632411974));
#8229=CARTESIAN_POINT('',(-0.0286867670462229,0.0851958333333334,-0.00487106904380836));
#8230=CARTESIAN_POINT('',(-0.026941451034352,0.08509,-0.00537153035690329));
#8231=CARTESIAN_POINT('',(-0.0251961350224811,0.0849841666666667,-0.00587199166999823));
#8232=CARTESIAN_POINT('',(-0.0234899809291427,0.0848783333333334,-0.00525100236495162));
#8233=CARTESIAN_POINT('',(-0.0217838268358044,0.0847725000000001,-0.00463001305990501));
#8234=CARTESIAN_POINT('',(-0.020768527534609,0.0846666666666667,-0.0031247699445945));
#8235=CARTESIAN_POINT('',(-0.0197532282334137,0.0845608333333334,-0.00161952682928398));
#8236=CARTESIAN_POINT('',(-0.0198165935486639,0.084455,0.000195018387573605));
#8237=CARTESIAN_POINT('',(-0.0198799588639141,0.0843491666666667,0.00200956360443119));
#8238=CARTESIAN_POINT('',(-0.0209977853988922,0.0842433333333334,0.00344031632411981));
#8239=CARTESIAN_POINT('',(-0.0221156119338704,0.0841375000000001,0.00487106904380842));
#8240=CARTESIAN_POINT('',(-0.0238609279457412,0.0840316666666667,0.00537153035690335));
#8241=CARTESIAN_POINT('',(-0.0256062439576121,0.0839258333333334,0.00587199166999829));
#8242=CARTESIAN_POINT('',(-0.0273123980509504,0.08382,0.00525100236495168));
#8243=CARTESIAN_POINT('',(-0.0290185521442888,0.0837141666666668,0.00463001305990508));
#8244=CARTESIAN_POINT('',(-0.0300338514454841,0.0836083333333333,0.00312476994459456));
#8245=CARTESIAN_POINT('',(-0.0310491507466795,0.0835025000000001,0.00161952682928405));
#8246=CARTESIAN_POINT('',(-0.0309857854314293,0.0833966666666667,-0.000195018387573545));
#8247=CARTESIAN_POINT('',(-0.030922420116179,0.0832908333333334,-0.00200956360443113));
#8248=CARTESIAN_POINT('',(-0.0298045935812009,0.083185,-0.00344031632411975));
#8249=CARTESIAN_POINT('',(-0.0286867670462229,0.0830791666666668,-0.00487106904380836));
#8250=CARTESIAN_POINT('',(-0.026941451034352,0.0829733333333333,-0.00537153035690329));
#8251=CARTESIAN_POINT('',(-0.0251961350224811,0.0828675000000001,-0.00587199166999823));
#8252=CARTESIAN_POINT('',(-0.0234899809291427,0.0827616666666667,-0.00525100236495162));
#8253=CARTESIAN_POINT('',(-0.0230865185187005,0.0827366397526625,-0.00510415405690536));
#8254=CARTESIAN_POINT('',(-0.022710225793054,0.0827106643302225,-0.00489739301888952));
#8255=CARTESIAN_POINT('',(-0.0224952301370494,0.08269582321689,-0.00477925965628455));
#8256=CARTESIAN_POINT('',(-0.0222802344810448,0.0826809821035576,-0.00466112629367959));
#8257=CARTESIAN_POINT('',(-0.0309857854314293,0.0874905443211582,-0.000195018387573543));
#8258=CARTESIAN_POINT('',(-0.0309224201161791,0.0873847109878249,-0.00200956360443113));
#8259=CARTESIAN_POINT('',(-0.0298045935812009,0.0872788776544916,-0.00344031632411974));
#8260=CARTESIAN_POINT('',(-0.0286867670462228,0.0871730443211581,-0.00487106904380835));
#8261=CARTESIAN_POINT('',(-0.026941451034352,0.0870672109878248,-0.00537153035690329));
#8262=CARTESIAN_POINT('',(-0.0251961350224811,0.0869613776544915,-0.00587199166999822));
#8263=CARTESIAN_POINT('',(-0.0234899809291427,0.0868555443211582,-0.00525100236495162));
#8264=CARTESIAN_POINT('',(-0.0217838268358044,0.0867497109878248,-0.00463001305990501));
#8265=CARTESIAN_POINT('',(-0.020768527534609,0.0866438776544916,-0.0031247699445945));
#8266=CARTESIAN_POINT('',(-0.0197532282334136,0.0865380443211582,-0.00161952682928398));
#8267=CARTESIAN_POINT('',(-0.0198165935486639,0.0864322109878248,0.000195018387573606));
#8268=CARTESIAN_POINT('',(-0.0198799588639141,0.0863263776544915,0.00200956360443119));
#8269=CARTESIAN_POINT('',(-0.0209977853988922,0.0862205443211582,0.0034403163241198));
#8270=CARTESIAN_POINT('',(-0.0221156119338703,0.0861147109878249,0.00487106904380842));
#8271=CARTESIAN_POINT('',(-0.0238609279457412,0.0860088776544915,0.00537153035690335));
#8272=CARTESIAN_POINT('',(-0.025606243957612,0.0859030443211581,0.00587199166999828));
#8273=CARTESIAN_POINT('',(-0.0273123980509504,0.0857972109878248,0.00525100236495168));
#8274=CARTESIAN_POINT('',(-0.0290185521442887,0.0856913776544915,0.00463001305990508));
#8275=CARTESIAN_POINT('',(-0.0300338514454841,0.0855855443211582,0.00312476994459456));
#8276=CARTESIAN_POINT('',(-0.0310491507466795,0.0854797109878248,0.00161952682928405));
#8277=CARTESIAN_POINT('',(-0.0309857854314293,0.0853738776544915,-0.000195018387573544));
#8278=CARTESIAN_POINT('',(-0.0309224201161791,0.0852680443211582,-0.00200956360443113));
#8279=CARTESIAN_POINT('',(-0.0298045935812009,0.0851622109878249,-0.00344031632411974));
#8280=CARTESIAN_POINT('',(-0.0286867670462228,0.0850563776544915,-0.00487106904380835));
#8281=CARTESIAN_POINT('',(-0.026941451034352,0.0849505443211582,-0.00537153035690329));
#8282=CARTESIAN_POINT('',(-0.0251961350224811,0.0848447109878249,-0.00587199166999822));
#8283=CARTESIAN_POINT('',(-0.0234899809291427,0.0847388776544915,-0.00525100236495162));
#8284=CARTESIAN_POINT('',(-0.0217838268358044,0.0846330443211581,-0.00463001305990501));
#8285=CARTESIAN_POINT('',(-0.020768527534609,0.0845272109878248,-0.0031247699445945));
#8286=CARTESIAN_POINT('',(-0.0197532282334136,0.0844213776544915,-0.00161952682928398));
#8287=CARTESIAN_POINT('',(-0.0198165935486639,0.0843155443211582,0.000195018387573605));
#8288=CARTESIAN_POINT('',(-0.0198799588639141,0.0842097109878248,0.00200956360443119));
#8289=CARTESIAN_POINT('',(-0.0209977853988922,0.0841038776544915,0.0034403163241198));
#8290=CARTESIAN_POINT('',(-0.0221156119338703,0.0839980443211582,0.00487106904380842));
#8291=CARTESIAN_POINT('',(-0.0238609279457412,0.0838922109878248,0.00537153035690335));
#8292=CARTESIAN_POINT('',(-0.025606243957612,0.0837863776544915,0.00587199166999828));
#8293=CARTESIAN_POINT('',(-0.0273123980509504,0.0836805443211582,0.00525100236495168));
#8294=CARTESIAN_POINT('',(-0.0290185521442887,0.0835747109878249,0.00463001305990508));
#8295=CARTESIAN_POINT('',(-0.0300338514454841,0.0834688776544915,0.00312476994459456));
#8296=CARTESIAN_POINT('',(-0.0310491507466795,0.0833630443211581,0.00161952682928404));
#8297=CARTESIAN_POINT('',(-0.0309857854314293,0.0832572109878248,-0.000195018387573545));
#8298=CARTESIAN_POINT('',(-0.0309224201161791,0.0831513776544915,-0.00200956360443113));
#8299=CARTESIAN_POINT('',(-0.0298045935812009,0.0830455443211582,-0.00344031632411974));
#8300=CARTESIAN_POINT('',(-0.0286867670462228,0.0829397109878248,-0.00487106904380835));
#8301=CARTESIAN_POINT('',(-0.026941451034352,0.0828338776544915,-0.00537153035690329));
#8302=CARTESIAN_POINT('',(-0.0251961350224811,0.0827280443211582,-0.00587199166999823));
#8303=CARTESIAN_POINT('',(-0.0234899809291427,0.0826222109878249,-0.00525100236495162));
#8304=CARTESIAN_POINT('',(-0.0230865185187005,0.0825971840738207,-0.00510415405690536));
#8305=CARTESIAN_POINT('',(-0.022710225793054,0.0825712086513806,-0.00489739301888951));
#8306=CARTESIAN_POINT('',(-0.0224952301370494,0.0825563675380482,-0.00477925965628455));
#8307=CARTESIAN_POINT('',(-0.0222802344810448,0.0825415264247158,-0.00466112629367959));
#8308=CARTESIAN_POINT('',(-0.0310554707945344,0.0873697721605791,-0.000197451854075487));
#8309=CARTESIAN_POINT('',(-0.0309913147980876,0.0872639388272458,-0.00203463921794508));
#8310=CARTESIAN_POINT('',(-0.0298595398684904,0.0871581054939124,-0.00348324506860891));
#8311=CARTESIAN_POINT('',(-0.0287277649388932,0.0870522721605791,-0.00493185091927274));
#8312=CARTESIAN_POINT('',(-0.0269606706316368,0.0869464388272458,-0.00543855705807918));
#8313=CARTESIAN_POINT('',(-0.0251935763243803,0.0868406054939124,-0.00594526319688561));
#8314=CARTESIAN_POINT('',(-0.0234661326035102,0.0867347721605792,-0.00531652510111881));
#8315=CARTESIAN_POINT('',(-0.02173868888264,0.0866289388272457,-0.00468778700535203));
#8316=CARTESIAN_POINT('',(-0.020710720535876,0.0865231054939124,-0.00316376125757304));
#8317=CARTESIAN_POINT('',(-0.0196827521891119,0.0864172721605791,-0.00163973550979404));
#8318=CARTESIAN_POINT('',(-0.0197469081855587,0.0863114388272458,0.000197451854075549));
#8319=CARTESIAN_POINT('',(-0.0198110641820056,0.0862056054939124,0.00203463921794514));
#8320=CARTESIAN_POINT('',(-0.0209428391116028,0.0860997721605791,0.00348324506860897));
#8321=CARTESIAN_POINT('',(-0.0220746140412,0.0859939388272458,0.0049318509192728));
#8322=CARTESIAN_POINT('',(-0.0238417083484564,0.0858881054939124,0.00543855705807923));
#8323=CARTESIAN_POINT('',(-0.0256088026557128,0.085782272160579,0.00594526319688567));
#8324=CARTESIAN_POINT('',(-0.027336246376583,0.0856764388272457,0.00531652510111888));
#8325=CARTESIAN_POINT('',(-0.0290636900974531,0.0855706054939124,0.00468778700535209));
#8326=CARTESIAN_POINT('',(-0.0300916584442172,0.0854647721605791,0.0031637612575731));
#8327=CARTESIAN_POINT('',(-0.0311196267909812,0.0853589388272457,0.00163973550979411));
#8328=CARTESIAN_POINT('',(-0.0310554707945344,0.0852531054939125,-0.000197451854075487));
#8329=CARTESIAN_POINT('',(-0.0309913147980876,0.0851472721605791,-0.00203463921794508));
#8330=CARTESIAN_POINT('',(-0.0298595398684904,0.0850414388272457,-0.00348324506860891));
#8331=CARTESIAN_POINT('',(-0.0287277649388932,0.0849356054939124,-0.00493185091927274));
#8332=CARTESIAN_POINT('',(-0.0269606706316368,0.0848297721605791,-0.00543855705807918));
#8333=CARTESIAN_POINT('',(-0.0251935763243803,0.0847239388272458,-0.00594526319688561));
#8334=CARTESIAN_POINT('',(-0.0234661326035102,0.0846181054939124,-0.00531652510111881));
#8335=CARTESIAN_POINT('',(-0.02173868888264,0.084512272160579,-0.00468778700535203));
#8336=CARTESIAN_POINT('',(-0.020710720535876,0.0844064388272458,-0.00316376125757304));
#8337=CARTESIAN_POINT('',(-0.0196827521891119,0.0843006054939124,-0.00163973550979404));
#8338=CARTESIAN_POINT('',(-0.0197469081855587,0.084194772160579,0.000197451854075549));
#8339=CARTESIAN_POINT('',(-0.0198110641820056,0.0840889388272457,0.00203463921794514));
#8340=CARTESIAN_POINT('',(-0.0209428391116028,0.0839831054939124,0.00348324506860897));
#8341=CARTESIAN_POINT('',(-0.0220746140412,0.0838772721605791,0.0049318509192728));
#8342=CARTESIAN_POINT('',(-0.0238417083484564,0.0837714388272458,0.00543855705807923));
#8343=CARTESIAN_POINT('',(-0.0256088026557128,0.0836656054939125,0.00594526319688567));
#8344=CARTESIAN_POINT('',(-0.027336246376583,0.0835597721605792,0.00531652510111888));
#8345=CARTESIAN_POINT('',(-0.0290636900974531,0.0834539388272458,0.00468778700535209));
#8346=CARTESIAN_POINT('',(-0.0300916584442172,0.0833481054939124,0.0031637612575731));
#8347=CARTESIAN_POINT('',(-0.0311196267909812,0.083242272160579,0.0016397355097941));
#8348=CARTESIAN_POINT('',(-0.0310554707945344,0.0831364388272458,-0.000197451854075488));
#8349=CARTESIAN_POINT('',(-0.0309913147980876,0.0830306054939124,-0.00203463921794508));
#8350=CARTESIAN_POINT('',(-0.0298595398684904,0.0829247721605791,-0.00348324506860891));
#8351=CARTESIAN_POINT('',(-0.0287277649388932,0.0828189388272458,-0.00493185091927274));
#8352=CARTESIAN_POINT('',(-0.0269606706316368,0.0827131054939125,-0.00543855705807918));
#8353=CARTESIAN_POINT('',(-0.0251935763243803,0.0826072721605791,-0.00594526319688561));
#8354=CARTESIAN_POINT('',(-0.0234661326035102,0.0825014388272457,-0.00531652510111883));
#8355=CARTESIAN_POINT('',(-0.0230576357331239,0.0824764119132416,-0.0051678443995073));
#8356=CARTESIAN_POINT('',(-0.0226766475746303,0.0824504364908016,-0.00495850336856781));
#8357=CARTESIAN_POINT('',(-0.0224589691729961,0.0824355953774691,-0.00483889592147144));
#8358=CARTESIAN_POINT('',(-0.022241290771362,0.0824207542641367,-0.00471928847437508));
#8359=CARTESIAN_POINT('',(-0.0311761693839764,0.0873000443211582,-0.00020166674169537));
#8360=CARTESIAN_POINT('',(-0.0311106438875245,0.0871942109878249,-0.0020780714545822));
#8361=CARTESIAN_POINT('',(-0.029954709629763,0.0870883776544915,-0.00355759983516929));
#8362=CARTESIAN_POINT('',(-0.0287987753720016,0.0869825443211582,-0.00503712821575638));
#8363=CARTESIAN_POINT('',(-0.0269939599506351,0.0868767109878248,-0.00555465070997954));
#8364=CARTESIAN_POINT('',(-0.0251891445292686,0.0867708776544915,-0.00607217320420271));
#8365=CARTESIAN_POINT('',(-0.0234248260918392,0.0866650443211581,-0.00543001380921134));
#8366=CARTESIAN_POINT('',(-0.0216605076544098,0.0865592109878249,-0.00478785441421996));
#8367=CARTESIAN_POINT('',(-0.0206105958770373,0.0864533776544915,-0.00323129619270568));
#8368=CARTESIAN_POINT('',(-0.0195606840996648,0.0863475443211582,-0.00167473797119139));
#8369=CARTESIAN_POINT('',(-0.0196262095961167,0.0862417109878248,0.000201666741695433));
#8370=CARTESIAN_POINT('',(-0.0196917350925687,0.0861358776544915,0.00207807145458226));
#8371=CARTESIAN_POINT('',(-0.0208476693503301,0.0860300443211581,0.00355759983516934));
#8372=CARTESIAN_POINT('',(-0.0220036036080916,0.0859242109878248,0.00503712821575644));
#8373=CARTESIAN_POINT('',(-0.0238084190294581,0.0858183776544915,0.00555465070997961));
#8374=CARTESIAN_POINT('',(-0.0256132344508245,0.0857125443211582,0.00607217320420278));
#8375=CARTESIAN_POINT('',(-0.0273775528882539,0.0856067109878248,0.0054300138092114));
#8376=CARTESIAN_POINT('',(-0.0291418713256834,0.0855008776544915,0.00478785441422003));
#8377=CARTESIAN_POINT('',(-0.0301917831030559,0.0853950443211581,0.00323129619270574));
#8378=CARTESIAN_POINT('',(-0.0312416948804284,0.0852892109878249,0.00167473797119146));
#8379=CARTESIAN_POINT('',(-0.0311761693839764,0.0851833776544915,-0.00020166674169537));
#8380=CARTESIAN_POINT('',(-0.0311106438875245,0.0850775443211582,-0.0020780714545822));
#8381=CARTESIAN_POINT('',(-0.029954709629763,0.0849717109878248,-0.00355759983516929));
#8382=CARTESIAN_POINT('',(-0.0287987753720016,0.0848658776544916,-0.00503712821575638));
#8383=CARTESIAN_POINT('',(-0.0269939599506351,0.0847600443211581,-0.00555465070997954));
#8384=CARTESIAN_POINT('',(-0.0251891445292686,0.0846542109878249,-0.00607217320420271));
#8385=CARTESIAN_POINT('',(-0.0234248260918392,0.0845483776544915,-0.00543001380921134));
#8386=CARTESIAN_POINT('',(-0.0216605076544098,0.0844425443211582,-0.00478785441421996));
#8387=CARTESIAN_POINT('',(-0.0206105958770373,0.0843367109878248,-0.00323129619270568));
#8388=CARTESIAN_POINT('',(-0.0195606840996648,0.0842308776544916,-0.00167473797119139));
#8389=CARTESIAN_POINT('',(-0.0196262095961167,0.0841250443211581,0.000201666741695432));
#8390=CARTESIAN_POINT('',(-0.0196917350925687,0.0840192109878248,0.00207807145458226));
#8391=CARTESIAN_POINT('',(-0.0208476693503301,0.0839133776544915,0.00355759983516934));
#8392=CARTESIAN_POINT('',(-0.0220036036080916,0.0838075443211582,0.00503712821575644));
#8393=CARTESIAN_POINT('',(-0.0238084190294581,0.0837017109878248,0.0055546507099796));
#8394=CARTESIAN_POINT('',(-0.0256132344508245,0.0835958776544915,0.00607217320420278));
#8395=CARTESIAN_POINT('',(-0.0273775528882539,0.0834900443211581,0.0054300138092114));
#8396=CARTESIAN_POINT('',(-0.0291418713256834,0.0833842109878248,0.00478785441422003));
#8397=CARTESIAN_POINT('',(-0.0301917831030559,0.0832783776544915,0.00323129619270574));
#8398=CARTESIAN_POINT('',(-0.0312416948804284,0.0831725443211582,0.00167473797119146));
#8399=CARTESIAN_POINT('',(-0.0311761693839764,0.0830667109878248,-0.000201666741695371));
#8400=CARTESIAN_POINT('',(-0.0311106438875245,0.0829608776544915,-0.0020780714545822));
#8401=CARTESIAN_POINT('',(-0.029954709629763,0.0828550443211581,-0.00355759983516929));
#8402=CARTESIAN_POINT('',(-0.0287987753720016,0.0827492109878249,-0.00503712821575638));
#8403=CARTESIAN_POINT('',(-0.0269939599506351,0.0826433776544915,-0.00555465070997954));
#8404=CARTESIAN_POINT('',(-0.0251891445292686,0.0825375443211582,-0.00607217320420271));
#8405=CARTESIAN_POINT('',(-0.0234248260918392,0.0824317109878248,-0.00543001380921134));
#8406=CARTESIAN_POINT('',(-0.023007609281041,0.0824066840738206,-0.00527815930884532));
#8407=CARTESIAN_POINT('',(-0.0226184883942929,0.0823807086513806,-0.00506434959907893));
#8408=CARTESIAN_POINT('',(-0.0223961633409245,0.0823658675380482,-0.0049421889627488));
#8409=CARTESIAN_POINT('',(-0.0221738382875561,0.0823510264247157,-0.00482002832641867));
#8410=CARTESIAN_POINT('',(-0.0254011894900465,0.09144,3.33066907387546E-17));
#8411=CARTESIAN_POINT('',(-0.0254011894900465,0.09144,3.33066907387546E-17));
#8412=CARTESIAN_POINT('',(-0.0254011894900465,0.09144,0.01397));
#8413=CARTESIAN_POINT('',(-0.0254011894900465,0.09144,3.33066907387546E-17));
#8414=CARTESIAN_POINT('',(-0.0254011894900465,0.09144,0.0101152549149705));
#8415=CARTESIAN_POINT('',(-0.0254011894900465,0.09144,3.33066907387546E-17));
#8416=CARTESIAN_POINT('',(-0.0254011894900465,0.0762,2.77555756156289E-17));
#8417=CARTESIAN_POINT('',(-0.0254011894900465,0.0762,0.01397));
#8418=CARTESIAN_POINT('',(-0.0254011894900465,0.09144,3.33066907387546E-17));
#8419=CARTESIAN_POINT('',(-0.0232409198452279,0.05715,0.0228469891776116));
#8420=CARTESIAN_POINT('',(-0.023036812643979,0.05715,0.0227742301240853));
#8421=CARTESIAN_POINT('',(-0.0228327054546766,0.05715,0.0227014710748176));
#8422=CARTESIAN_POINT('',(-0.0213781667490782,0.05715,0.0221829648247233));
#8423=CARTESIAN_POINT('',(-0.0201277357342235,0.05715,0.0217372178026476));
#8424=CARTESIAN_POINT('',(-0.0176268755530064,0.05715,0.0208457244174373));
#8425=CARTESIAN_POINT('',(-0.0163764479164965,0.05715,0.02039997688333));
#8426=CARTESIAN_POINT('',(-0.0142923989784023,0.05715,0.0196570690219071));
#8427=CARTESIAN_POINT('',(-0.0134533654954977,0.05715,0.0193640576248784));
#8428=CARTESIAN_POINT('',(-0.0121971274358693,0.05715,0.0188370587233018));
#8429=CARTESIAN_POINT('',(-0.011778091283765,0.05715,0.0186450986554452));
#8430=CARTESIAN_POINT('',(-0.0109465201058217,0.05715,0.0182260632430178));
#8431=CARTESIAN_POINT('',(-0.0105341134627584,0.05715,0.018000218129782));
#8432=CARTESIAN_POINT('',(-0.00849765696533808,0.05715,0.0167918287521344));
#8433=CARTESIAN_POINT('',(-0.00695033668728639,0.05715,0.0155717927446725));
#8434=CARTESIAN_POINT('',(-0.00379019991245684,0.05715,0.0122078205501122));
#8435=CARTESIAN_POINT('',(-0.00233929594510708,0.05715,0.0098978753246744));
#8436=CARTESIAN_POINT('',(-0.000444544437643358,0.05715,0.00500367681996542));
#8437=CARTESIAN_POINT('',(7.17409934127681E-14,0.05715,0.00243267628312494));
#8438=CARTESIAN_POINT('',(-7.17302804565851E-14,0.05715,-0.00243278361026385));
#8439=CARTESIAN_POINT('',(-0.000444584712942385,0.05715,-0.00500387450056962));
#8440=CARTESIAN_POINT('',(-0.00233944767723433,0.05715,-0.00989817359556587));
#8441=CARTESIAN_POINT('',(-0.00379042014069716,0.05715,-0.0122081282786746));
#8442=CARTESIAN_POINT('',(-0.00649918178692527,0.05715,-0.0150915007554704));
#8443=CARTESIAN_POINT('',(-0.00748786440116672,0.05715,-0.0159540995308857));
#8444=CARTESIAN_POINT('',(-0.0090501378017078,0.05715,-0.0170861441116969));
#8445=CARTESIAN_POINT('',(-0.00958410394344895,0.05715,-0.0174365167593238));
#8446=CARTESIAN_POINT('',(-0.0106702209168818,0.05715,-0.0180809668622696));
#8447=CARTESIAN_POINT('',(-0.0112223726323852,0.05715,-0.0183750458994165));
#8448=CARTESIAN_POINT('',(-0.012475906814287,0.05715,-0.0189707474149054));
#8449=CARTESIAN_POINT('',(-0.0131749942090618,0.05715,-0.0192467354999354));
#8450=CARTESIAN_POINT('',(-0.0145704748255109,0.05715,-0.0197611003501339));
#8451=CARTESIAN_POINT('',(-0.0152652798520375,0.05715,-0.0200038752961756));
#8452=CARTESIAN_POINT('',(-0.0173493091244229,0.05715,-0.0207467790078158));
#8453=CARTESIAN_POINT('',(-0.0187386604387637,0.05715,-0.0212420476021054));
#8454=CARTESIAN_POINT('',(-0.0211656405595297,0.05715,-0.0221072046148604));
#8455=CARTESIAN_POINT('',(-0.0222032697961021,0.05715,-0.0224770931866621));
#8456=CARTESIAN_POINT('',(-0.0232408987238865,0.05715,-0.0228469816483887));
#8457=CARTESIAN_POINT('',(-0.0250779379839769,0.0515422152532984,0.0176936974184285));
#8458=CARTESIAN_POINT('',(-0.024873830782728,0.0515422152532984,0.0176209383649021));
#8459=CARTESIAN_POINT('',(-0.0246697235934255,0.0515422152532984,0.0175481793156343));
#8460=CARTESIAN_POINT('',(-0.0232151848878272,0.0515422152532984,0.0170296730655401));
#8461=CARTESIAN_POINT('',(-0.0219647538729748,0.0515422152532984,0.0165839260434644));
#8462=CARTESIAN_POINT('',(-0.0194638936917531,0.0515422152532984,0.0156924326582541));
#8463=CARTESIAN_POINT('',(-0.0182301172612857,0.0515422152532984,0.0152526208121611));
#8464=CARTESIAN_POINT('',(-0.0161183163131244,0.0515422152532984,0.0144998201373809));
#8465=CARTESIAN_POINT('',(-0.01536838874053,0.0515422152532984,0.0142345910742592));
#8466=CARTESIAN_POINT('',(-0.014414216641721,0.0515422152532984,0.0138343105368183));
#8467=CARTESIAN_POINT('',(-0.0141273877588628,0.0515422152532985,0.0137026531996666));
#8468=CARTESIAN_POINT('',(-0.0135210960432197,0.0515422152532985,0.01339713792214));
#8469=CARTESIAN_POINT('',(-0.013218473211823,0.0515422152532985,0.0132314782220085));
#8470=CARTESIAN_POINT('',(-0.0117193582965304,0.0515422152532985,0.0123419357534566));
#8471=CARTESIAN_POINT('',(-0.0105671209796308,0.0515422152532985,0.0114313813430175));
#8472=CARTESIAN_POINT('',(-0.00827187128380595,0.0515422152532985,0.00898808343686379));
#8473=CARTESIAN_POINT('',(-0.00718211573399782,0.0515422152532985,0.00725339979850136));
#8474=CARTESIAN_POINT('',(-0.00580559417417533,0.0515422152532985,0.00369780386814546));
#8475=CARTESIAN_POINT('',(-0.00547092785521693,0.0515422152532985,0.00176617397270252));
#8476=CARTESIAN_POINT('',(-0.00547092785528445,0.0515422152532985,-0.00176625189445505));
#8477=CARTESIAN_POINT('',(-0.00580562454841152,0.0515422152532985,-0.00369795036047445));
#8478=CARTESIAN_POINT('',(-0.00718222646670205,0.0515422152532985,-0.00725361778269033));
#8479=CARTESIAN_POINT('',(-0.00827203293403118,0.0515422152532985,-0.00898830874914365));
#8480=CARTESIAN_POINT('',(-0.0102394437454009,0.0515422152532985,-0.0110825416460613));
#8481=CARTESIAN_POINT('',(-0.0109698168693386,0.0515422152532985,-0.0117209284383751));
#8482=CARTESIAN_POINT('',(-0.0121243642931558,0.0515422152532985,-0.0125575292241002));
#8483=CARTESIAN_POINT('',(-0.0125191333828517,0.0515422152532985,-0.0128165151097345));
#8484=CARTESIAN_POINT('',(-0.0133186663226614,0.0515422152532985,-0.0132909198912276));
#8485=CARTESIAN_POINT('',(-0.0137338009972129,0.0515422152532985,-0.0135112576172968));
#8486=CARTESIAN_POINT('',(-0.0146201266628296,0.0515422152532985,-0.0139324559458511));
#8487=CARTESIAN_POINT('',(-0.015146154993222,0.0515422152532985,-0.0141425533726634));
#8488=CARTESIAN_POINT('',(-0.016383529465666,0.0515422152532985,-0.0145986413513216));
#8489=CARTESIAN_POINT('',(-0.0171022979907941,0.0515422152532985,-0.0148505835369949));
#8490=CARTESIAN_POINT('',(-0.0191863272631564,0.0515422152532985,-0.0155934872486275));
#8491=CARTESIAN_POINT('',(-0.0205756785775101,0.0515422152532985,-0.0160887558429221));
#8492=CARTESIAN_POINT('',(-0.0230026586982806,0.0515422152532985,-0.0169539128556772));
#8493=CARTESIAN_POINT('',(-0.0240402879348527,0.0515422152532985,-0.0173238014274789));
#8494=CARTESIAN_POINT('',(-0.0250779168626363,0.0515422152532985,-0.0176936898892055));
#8495=CARTESIAN_POINT('',(-0.0250779379839768,0.0437077847467015,0.0176936974184284));
#8496=CARTESIAN_POINT('',(-0.0248738307827279,0.0437077847467015,0.0176209383649021));
#8497=CARTESIAN_POINT('',(-0.0246697235934255,0.0437077847467015,0.0175481793156343));
#8498=CARTESIAN_POINT('',(-0.0232151848878272,0.0437077847467015,0.0170296730655401));
#8499=CARTESIAN_POINT('',(-0.0219647538729725,0.0437077847467015,0.0165839260434644));
#8500=CARTESIAN_POINT('',(-0.0194638936917554,0.0437077847467015,0.0156924326582541));
#8501=CARTESIAN_POINT('',(-0.0182301172612857,0.0437077847467015,0.0152526208121611));
#8502=CARTESIAN_POINT('',(-0.0161183163131244,0.0437077847467015,0.0144998201373809));
#8503=CARTESIAN_POINT('',(-0.01536838874053,0.0437077847467015,0.0142345910742584));
#8504=CARTESIAN_POINT('',(-0.014414216641721,0.0437077847467015,0.0138343105368187));
#8505=CARTESIAN_POINT('',(-0.0141273877588632,0.0437077847467015,0.0137026531996666));
#8506=CARTESIAN_POINT('',(-0.0135210960432193,0.0437077847467015,0.01339713792214));
#8507=CARTESIAN_POINT('',(-0.0132184732118231,0.0437077847467015,0.0132314782220085));
#8508=CARTESIAN_POINT('',(-0.0117193582965304,0.0437077847467015,0.0123419357534566));
#8509=CARTESIAN_POINT('',(-0.0105671209796308,0.0437077847467015,0.0114313813430192));
#8510=CARTESIAN_POINT('',(-0.00827187128380595,0.0437077847467015,0.00898808343686151));
#8511=CARTESIAN_POINT('',(-0.00718211573399668,0.0437077847467015,0.00725339979850136));
#8512=CARTESIAN_POINT('',(-0.00580559417417647,0.0437077847467015,0.00369780386814546));
#8513=CARTESIAN_POINT('',(-0.00547092785521693,0.0437077847467015,0.00176617397270252));
#8514=CARTESIAN_POINT('',(-0.00547092785528445,0.0437077847467015,-0.00176625189445505));
#8515=CARTESIAN_POINT('',(-0.00580562454841152,0.0437077847467015,-0.00369795036047445));
#8516=CARTESIAN_POINT('',(-0.00718222646670205,0.0437077847467015,-0.00725361778269031));
#8517=CARTESIAN_POINT('',(-0.00827203293403118,0.0437077847467015,-0.00898830874914137));
#8518=CARTESIAN_POINT('',(-0.0102394437454009,0.0437077847467015,-0.0110825416460624));
#8519=CARTESIAN_POINT('',(-0.0109698168693386,0.0437077847467015,-0.0117209284383751));
#8520=CARTESIAN_POINT('',(-0.0121243642931558,0.0437077847467015,-0.0125575292241002));
#8521=CARTESIAN_POINT('',(-0.0125191333828512,0.0437077847467015,-0.012816515109735));
#8522=CARTESIAN_POINT('',(-0.013318666322662,0.0437077847467015,-0.013290919891227));
#8523=CARTESIAN_POINT('',(-0.0137338009972134,0.0437077847467015,-0.0135112576172968));
#8524=CARTESIAN_POINT('',(-0.014620126662829,0.0437077847467015,-0.0139324559458511));
#8525=CARTESIAN_POINT('',(-0.0151461549932207,0.0437077847467015,-0.0141425533726634));
#8526=CARTESIAN_POINT('',(-0.0163835294656673,0.0437077847467015,-0.0145986413513216));
#8527=CARTESIAN_POINT('',(-0.0171022979907928,0.0437077847467015,-0.0148505835369949));
#8528=CARTESIAN_POINT('',(-0.0191863272631589,0.0437077847467015,-0.0155934872486275));
#8529=CARTESIAN_POINT('',(-0.0205756785775126,0.0437077847467015,-0.0160887558429221));
#8530=CARTESIAN_POINT('',(-0.0230026586982787,0.0437077847467015,-0.0169539128556772));
#8531=CARTESIAN_POINT('',(-0.024040287934851,0.0437077847467015,-0.0173238014274789));
#8532=CARTESIAN_POINT('',(-0.0250779168626354,0.0437077847467015,-0.0176936898892055));
#8533=CARTESIAN_POINT('',(-0.0232409198452279,0.0381,0.0228469891776116));
#8534=CARTESIAN_POINT('',(-0.023036812643979,0.0381,0.0227742301240853));
#8535=CARTESIAN_POINT('',(-0.0228327054546766,0.0381,0.0227014710748176));
#8536=CARTESIAN_POINT('',(-0.0213781667490783,0.0381,0.0221829648247233));
#8537=CARTESIAN_POINT('',(-0.0201277357342236,0.0381,0.0217372178026476));
#8538=CARTESIAN_POINT('',(-0.0176268755530065,0.0381,0.0208457244174373));
#8539=CARTESIAN_POINT('',(-0.0163764479164965,0.0381,0.02039997688333));
#8540=CARTESIAN_POINT('',(-0.0142923989784023,0.0381,0.0196570690219071));
#8541=CARTESIAN_POINT('',(-0.0134533654954977,0.0381,0.0193640576248784));
#8542=CARTESIAN_POINT('',(-0.0121971274358694,0.0381,0.0188370587233018));
#8543=CARTESIAN_POINT('',(-0.011778091283765,0.0381,0.0186450986554452));
#8544=CARTESIAN_POINT('',(-0.0109465201058217,0.0381,0.0182260632430178));
#8545=CARTESIAN_POINT('',(-0.0105341134627584,0.0381,0.018000218129782));
#8546=CARTESIAN_POINT('',(-0.00849765696533808,0.0381,0.0167918287521344));
#8547=CARTESIAN_POINT('',(-0.0069503366872864,0.0381,0.0155717927446724));
#8548=CARTESIAN_POINT('',(-0.00379019991245684,0.0381,0.0122078205501122));
#8549=CARTESIAN_POINT('',(-0.00233929594510709,0.0381,0.0098978753246744));
#8550=CARTESIAN_POINT('',(-0.000444544437643362,0.0381,0.00500367681996542));
#8551=CARTESIAN_POINT('',(7.17370976574015E-14,0.0381,0.00243267628312494));
#8552=CARTESIAN_POINT('',(-7.17333235763141E-14,0.0381,-0.00243278361026384));
#8553=CARTESIAN_POINT('',(-0.000444584712942387,0.0381,-0.00500387450056962));
#8554=CARTESIAN_POINT('',(-0.00233944767723433,0.0381,-0.00989817359556587));
#8555=CARTESIAN_POINT('',(-0.00379042014069716,0.0381,-0.0122081282786746));
#8556=CARTESIAN_POINT('',(-0.00649918178692527,0.0381,-0.0150915007554704));
#8557=CARTESIAN_POINT('',(-0.00748786440116672,0.0381,-0.0159540995308857));
#8558=CARTESIAN_POINT('',(-0.00905013780170779,0.0381,-0.0170861441116969));
#8559=CARTESIAN_POINT('',(-0.00958410394344895,0.0381,-0.0174365167593238));
#8560=CARTESIAN_POINT('',(-0.0106702209168818,0.0381,-0.0180809668622696));
#8561=CARTESIAN_POINT('',(-0.0112223726323852,0.0381,-0.0183750458994165));
#8562=CARTESIAN_POINT('',(-0.012475906814287,0.0381,-0.0189707474149054));
#8563=CARTESIAN_POINT('',(-0.0131749942090618,0.0381,-0.0192467354999354));
#8564=CARTESIAN_POINT('',(-0.0145704748255109,0.0381,-0.0197611003501339));
#8565=CARTESIAN_POINT('',(-0.0152652798520375,0.0381,-0.0200038752961756));
#8566=CARTESIAN_POINT('',(-0.0173493091244229,0.0381,-0.0207467790078158));
#8567=CARTESIAN_POINT('',(-0.0187386604387637,0.0381,-0.0212420476021054));
#8568=CARTESIAN_POINT('',(-0.0211656405595297,0.0381,-0.0221072046148604));
#8569=CARTESIAN_POINT('',(-0.0222032697961021,0.0381,-0.0224770931866621));
#8570=CARTESIAN_POINT('',(-0.0232408987238865,0.0381,-0.0228469816483887));
#8571=CARTESIAN_POINT('',(-0.0127052503021751,0.0381,-0.01905));
#8572=CARTESIAN_POINT('',(-0.0139205816791092,0.0385771064001724,-0.01905));
#8573=CARTESIAN_POINT('',(-0.0163587891566214,0.0395087708600742,-0.0190500000000002));
#8574=CARTESIAN_POINT('',(-0.0192522743861431,0.0410556916763412,-0.0190499999999995));
#8575=CARTESIAN_POINT('',(-0.0213366417214578,0.0425890858836742,-0.0190500000000009));
#8576=CARTESIAN_POINT('',(-0.0227488034373953,0.0439775669545624,-0.0190499999999997));
#8577=CARTESIAN_POINT('',(-0.0238314233176024,0.0456478054919943,-0.0190500000000001));
#8578=CARTESIAN_POINT('',(-0.024282098893427,0.047603328400289,-0.01905));
#8579=CARTESIAN_POINT('',(-0.0238478428694689,0.0495673639327436,-0.01905));
#8580=CARTESIAN_POINT('',(-0.022772151861003,0.051243956757979,-0.01905));
#8581=CARTESIAN_POINT('',(-0.0213695889515206,0.0526337227517946,-0.01905));
#8582=CARTESIAN_POINT('',(-0.0192701111848505,0.0541847515278448,-0.01905));
#8583=CARTESIAN_POINT('',(-0.0163865628063947,0.0557286914580587,-0.01905));
#8584=CARTESIAN_POINT('',(-0.0139284936911125,0.0566697875567873,-0.01905));
#8585=CARTESIAN_POINT('',(-0.0127052503021751,0.05715,-0.01905));
#8586=CARTESIAN_POINT('',(-0.0127052503021751,0.0381,-0.01905));
#8587=CARTESIAN_POINT('',(-0.0127052503021751,0.05715,-0.01905));
#8588=CARTESIAN_POINT('',(-0.0451363330917996,0.05715,0.0306521500668005));
#8589=CARTESIAN_POINT('',(-0.0401346411538837,0.05715,0.0288691734290265));
#8590=CARTESIAN_POINT('',(-0.0351329181853717,0.05715,0.02708618572958));
#8591=CARTESIAN_POINT('',(-0.0276303264597926,0.05715,0.0244117015878747));
#8592=CARTESIAN_POINT('',(-0.0251294613391429,0.05715,0.0235202064418812));
#8593=CARTESIAN_POINT('',(-0.0213781667490782,0.05715,0.0221829648247233));
#8594=CARTESIAN_POINT('',(-0.0201277357342236,0.05715,0.0217372178026476));
#8595=CARTESIAN_POINT('',(-0.0176268755530065,0.05715,0.0208457244174373));
#8596=CARTESIAN_POINT('',(-0.0163764479164965,0.05715,0.02039997688333));
#8597=CARTESIAN_POINT('',(-0.0142923989784023,0.05715,0.0196570690219071));
#8598=CARTESIAN_POINT('',(-0.0134533654954977,0.05715,0.0193640576248784));
#8599=CARTESIAN_POINT('',(-0.0121971274358693,0.05715,0.0188370587233018));
#8600=CARTESIAN_POINT('',(-0.011778091283765,0.05715,0.0186450986554452));
#8601=CARTESIAN_POINT('',(-0.0109465201058217,0.05715,0.0182260632430178));
#8602=CARTESIAN_POINT('',(-0.0105341134627584,0.05715,0.018000218129782));
#8603=CARTESIAN_POINT('',(-0.00849765696533808,0.05715,0.0167918287521344));
#8604=CARTESIAN_POINT('',(-0.0069503366872864,0.05715,0.0155717927446724));
#8605=CARTESIAN_POINT('',(-0.00379019991245685,0.05715,0.0122078205501122));
#8606=CARTESIAN_POINT('',(-0.00233929594510709,0.05715,0.00989787532467439));
#8607=CARTESIAN_POINT('',(-0.000444544437643366,0.05715,0.00500367681996542));
#8608=CARTESIAN_POINT('',(7.17323198091041E-14,0.05715,0.00243267628312494));
#8609=CARTESIAN_POINT('',(-7.17389540876816E-14,0.05715,-0.00243278361026384));
#8610=CARTESIAN_POINT('',(-0.000444584712942393,0.05715,-0.00500387450056962));
#8611=CARTESIAN_POINT('',(-0.00233944767723434,0.05715,-0.00989817359556587));
#8612=CARTESIAN_POINT('',(-0.00379042014069717,0.05715,-0.0122081282786746));
#8613=CARTESIAN_POINT('',(-0.00649918178692528,0.05715,-0.0150915007554703));
#8614=CARTESIAN_POINT('',(-0.00748786440116673,0.05715,-0.0159540995308857));
#8615=CARTESIAN_POINT('',(-0.0090501378017078,0.05715,-0.0170861441116969));
#8616=CARTESIAN_POINT('',(-0.00958410394344896,0.05715,-0.0174365167593238));
#8617=CARTESIAN_POINT('',(-0.0106702209168818,0.05715,-0.0180809668622696));
#8618=CARTESIAN_POINT('',(-0.0112223726323852,0.05715,-0.0183750458994165));
#8619=CARTESIAN_POINT('',(-0.012475906814287,0.05715,-0.0189707474149054));
#8620=CARTESIAN_POINT('',(-0.0131749942090618,0.05715,-0.0192467354999354));
#8621=CARTESIAN_POINT('',(-0.0145704748255109,0.05715,-0.0197611003501339));
#8622=CARTESIAN_POINT('',(-0.0152652798520375,0.05715,-0.0200038752961756));
#8623=CARTESIAN_POINT('',(-0.0173493091244229,0.05715,-0.0207467790078158));
#8624=CARTESIAN_POINT('',(-0.0187386604387637,0.05715,-0.0212420476021054));
#8625=CARTESIAN_POINT('',(-0.0229067114636517,0.05715,-0.0227278523447352));
#8626=CARTESIAN_POINT('',(-0.0256854082560115,0.05715,-0.0237183874528182));
#8627=CARTESIAN_POINT('',(-0.0340215004289183,0.05715,-0.0266899934172141));
#8628=CARTESIAN_POINT('',(-0.0395788976052141,0.05715,-0.0286710649137447));
#8629=CARTESIAN_POINT('',(-0.0451363330917998,0.05715,-0.0306521500668005));
#8630=CARTESIAN_POINT('',(-0.0127052545976769,0.05715,0.01905));
#8631=CARTESIAN_POINT('',(-0.0127052545976769,0.05715,0.01905));
#8632=CARTESIAN_POINT('',(-0.0139205905811586,0.0566729027462053,0.01905));
#8633=CARTESIAN_POINT('',(-0.0163588013069488,0.0557412415541753,0.0190500000000002));
#8634=CARTESIAN_POINT('',(-0.0192522789288588,0.054194303397644,0.0190499999999995));
#8635=CARTESIAN_POINT('',(-0.0213366494815524,0.0526609083195144,0.019050000000001));
#8636=CARTESIAN_POINT('',(-0.0227488109401886,0.0512724239385401,0.0190499999999998));
#8637=CARTESIAN_POINT('',(-0.0238314270929845,0.0496021857573836,0.0190500000000001));
#8638=CARTESIAN_POINT('',(-0.024282098921748,0.0476466625310849,0.01905));
#8639=CARTESIAN_POINT('',(-0.0238478392143412,0.0456826282706439,0.01905));
#8640=CARTESIAN_POINT('',(-0.0227721474514906,0.0440060380044621,0.01905));
#8641=CARTESIAN_POINT('',(-0.0213695826982254,0.0426162718992125,0.01905));
#8642=CARTESIAN_POINT('',(-0.0192701070809432,0.041065246798289,0.01905));
#8643=CARTESIAN_POINT('',(-0.016386555496932,0.0395213001137462,0.01905));
#8644=CARTESIAN_POINT('',(-0.0139284985353851,0.0385802016325804,0.01905));
#8645=CARTESIAN_POINT('',(-0.0127052545976769,0.0381,0.01905));
#8646=CARTESIAN_POINT('',(-0.0127052545976769,0.0381,0.01905));
#8647=CARTESIAN_POINT('',(-0.0451363330917996,0.0381,0.0306521500668005));
#8648=CARTESIAN_POINT('',(-0.0401346411538836,0.0381,0.0288691734290265));
#8649=CARTESIAN_POINT('',(-0.0351329181853717,0.0381,0.02708618572958));
#8650=CARTESIAN_POINT('',(-0.0276303264597926,0.0381,0.0244117015878747));
#8651=CARTESIAN_POINT('',(-0.0251294613391429,0.0381,0.0235202064418812));
#8652=CARTESIAN_POINT('',(-0.0213781667490783,0.0381,0.0221829648247233));
#8653=CARTESIAN_POINT('',(-0.0201277357342236,0.0381,0.0217372178026476));
#8654=CARTESIAN_POINT('',(-0.0176268755530065,0.0381,0.0208457244174373));
#8655=CARTESIAN_POINT('',(-0.0163764479164965,0.0381,0.02039997688333));
#8656=CARTESIAN_POINT('',(-0.0142923989784023,0.0381,0.0196570690219071));
#8657=CARTESIAN_POINT('',(-0.0134533654954977,0.0381,0.0193640576248784));
#8658=CARTESIAN_POINT('',(-0.0121971274358694,0.0381,0.0188370587233018));
#8659=CARTESIAN_POINT('',(-0.011778091283765,0.0381,0.0186450986554452));
#8660=CARTESIAN_POINT('',(-0.0109465201058217,0.0381,0.0182260632430178));
#8661=CARTESIAN_POINT('',(-0.0105341134627584,0.0381,0.018000218129782));
#8662=CARTESIAN_POINT('',(-0.00849765696533808,0.0381,0.0167918287521344));
#8663=CARTESIAN_POINT('',(-0.0069503366872864,0.0381,0.0155717927446724));
#8664=CARTESIAN_POINT('',(-0.00379019991245684,0.0381,0.0122078205501122));
#8665=CARTESIAN_POINT('',(-0.00233929594510709,0.0381,0.0098978753246744));
#8666=CARTESIAN_POINT('',(-0.000444544437643362,0.0381,0.00500367681996542));
#8667=CARTESIAN_POINT('',(7.17370976574015E-14,0.0381,0.00243267628312494));
#8668=CARTESIAN_POINT('',(-7.17333235763141E-14,0.0381,-0.00243278361026384));
#8669=CARTESIAN_POINT('',(-0.000444584712942387,0.0381,-0.00500387450056962));
#8670=CARTESIAN_POINT('',(-0.00233944767723433,0.0381,-0.00989817359556587));
#8671=CARTESIAN_POINT('',(-0.00379042014069716,0.0381,-0.0122081282786746));
#8672=CARTESIAN_POINT('',(-0.00649918178692527,0.0381,-0.0150915007554704));
#8673=CARTESIAN_POINT('',(-0.00748786440116672,0.0381,-0.0159540995308857));
#8674=CARTESIAN_POINT('',(-0.00905013780170779,0.0381,-0.0170861441116969));
#8675=CARTESIAN_POINT('',(-0.00958410394344895,0.0381,-0.0174365167593238));
#8676=CARTESIAN_POINT('',(-0.0106702209168818,0.0381,-0.0180809668622696));
#8677=CARTESIAN_POINT('',(-0.0112223726323852,0.0381,-0.0183750458994165));
#8678=CARTESIAN_POINT('',(-0.012475906814287,0.0381,-0.0189707474149054));
#8679=CARTESIAN_POINT('',(-0.0131749942090618,0.0381,-0.0192467354999354));
#8680=CARTESIAN_POINT('',(-0.0145704748255109,0.0381,-0.0197611003501339));
#8681=CARTESIAN_POINT('',(-0.0152652798520375,0.0381,-0.0200038752961756));
#8682=CARTESIAN_POINT('',(-0.0173493091244229,0.0381,-0.0207467790078158));
#8683=CARTESIAN_POINT('',(-0.0187386604387637,0.0381,-0.0212420476021054));
#8684=CARTESIAN_POINT('',(-0.0229067114636517,0.0381,-0.0227278523447352));
#8685=CARTESIAN_POINT('',(-0.0256854082560115,0.0381,-0.0237183874528182));
#8686=CARTESIAN_POINT('',(-0.0340215004289183,0.0381,-0.0266899934172141));
#8687=CARTESIAN_POINT('',(-0.0395788976052141,0.0381,-0.0286710649137447));
#8688=CARTESIAN_POINT('',(-0.0451363330917997,0.0381,-0.0306521500668005));
#8689=CARTESIAN_POINT('',(-0.0232409198452269,0.0381,0.0228469891776113));
#8690=CARTESIAN_POINT('',(-0.0230368126439784,0.0381,0.0227742301240851));
#8691=CARTESIAN_POINT('',(-0.0228327054546763,0.0381,0.0227014710748174));
#8692=CARTESIAN_POINT('',(-0.0213781667490783,0.0381,0.0221829648247233));
#8693=CARTESIAN_POINT('',(-0.0201277357342236,0.0381,0.0217372178026476));
#8694=CARTESIAN_POINT('',(-0.0176268755530065,0.0381,0.0208457244174373));
#8695=CARTESIAN_POINT('',(-0.0163764479164965,0.0381,0.02039997688333));
#8696=CARTESIAN_POINT('',(-0.0142923989784023,0.0381,0.0196570690219071));
#8697=CARTESIAN_POINT('',(-0.0134533654954977,0.0381,0.0193640576248784));
#8698=CARTESIAN_POINT('',(-0.0121971274358694,0.0381,0.0188370587233018));
#8699=CARTESIAN_POINT('',(-0.011778091283765,0.0381,0.0186450986554452));
#8700=CARTESIAN_POINT('',(-0.0109465201058217,0.0381,0.0182260632430178));
#8701=CARTESIAN_POINT('',(-0.0105341134627584,0.0381,0.018000218129782));
#8702=CARTESIAN_POINT('',(-0.00849765696533809,0.0381,0.0167918287521344));
#8703=CARTESIAN_POINT('',(-0.0069503366872864,0.0381,0.0155717927446724));
#8704=CARTESIAN_POINT('',(-0.00379019991245685,0.0381,0.0122078205501122));
#8705=CARTESIAN_POINT('',(-0.00233929594510709,0.0381,0.00989787532467439));
#8706=CARTESIAN_POINT('',(-0.000444544437643367,0.0381,0.00500367681996542));
#8707=CARTESIAN_POINT('',(7.17318934869735E-14,0.0381,0.00243267628312494));
#8708=CARTESIAN_POINT('',(-7.17385277467421E-14,0.0381,-0.00243278361026384));
#8709=CARTESIAN_POINT('',(-0.000444584712942392,0.0381,-0.00500387450056962));
#8710=CARTESIAN_POINT('',(-0.00233944767723434,0.0381,-0.00989817359556587));
#8711=CARTESIAN_POINT('',(-0.00379042014069716,0.0381,-0.0122081282786746));
#8712=CARTESIAN_POINT('',(-0.00649918178692527,0.0381,-0.0150915007554703));
#8713=CARTESIAN_POINT('',(-0.00748786440116673,0.0381,-0.0159540995308857));
#8714=CARTESIAN_POINT('',(-0.0090501378017078,0.0381,-0.0170861441116969));
#8715=CARTESIAN_POINT('',(-0.00958410394344896,0.0381,-0.0174365167593238));
#8716=CARTESIAN_POINT('',(-0.0106702209168818,0.0381,-0.0180809668622696));
#8717=CARTESIAN_POINT('',(-0.0112223726323852,0.0381,-0.0183750458994165));
#8718=CARTESIAN_POINT('',(-0.012475906814287,0.0381,-0.0189707474149054));
#8719=CARTESIAN_POINT('',(-0.0131749942090618,0.0381,-0.0192467354999354));
#8720=CARTESIAN_POINT('',(-0.0145704748255109,0.0381,-0.0197611003501339));
#8721=CARTESIAN_POINT('',(-0.0152652798520375,0.0381,-0.0200038752961756));
#8722=CARTESIAN_POINT('',(-0.0173493091244229,0.0381,-0.0207467790078158));
#8723=CARTESIAN_POINT('',(-0.0187386604387637,0.0381,-0.0212420476021054));
#8724=CARTESIAN_POINT('',(-0.0211656405594975,0.0381,-0.0221072046148489));
#8725=CARTESIAN_POINT('',(-0.0222032697960376,0.0381,-0.0224770931866391));
#8726=CARTESIAN_POINT('',(-0.0232408987237898,0.0381,-0.0228469816483542));
#8727=CARTESIAN_POINT('',(-0.0250779379839769,0.0324922152532984,0.0176936974184281));
#8728=CARTESIAN_POINT('',(-0.024873830782728,0.0324922152532984,0.0176209383649019));
#8729=CARTESIAN_POINT('',(-0.0246697235934256,0.0324922152532984,0.0175481793156343));
#8730=CARTESIAN_POINT('',(-0.0232151848878249,0.0324922152532984,0.0170296730655402));
#8731=CARTESIAN_POINT('',(-0.0219647538729748,0.0324922152532984,0.0165839260434621));
#8732=CARTESIAN_POINT('',(-0.0194638936917531,0.0324922152532984,0.0156924326582564));
#8733=CARTESIAN_POINT('',(-0.0182301172612857,0.0324922152532984,0.0152526208121612));
#8734=CARTESIAN_POINT('',(-0.0161183163131244,0.0324922152532984,0.0144998201373809));
#8735=CARTESIAN_POINT('',(-0.01536838874053,0.0324922152532984,0.0142345910742592));
#8736=CARTESIAN_POINT('',(-0.014414216641721,0.0324922152532984,0.0138343105368183));
#8737=CARTESIAN_POINT('',(-0.0141273877588632,0.0324922152532984,0.0137026531996666));
#8738=CARTESIAN_POINT('',(-0.0135210960432193,0.0324922152532984,0.01339713792214));
#8739=CARTESIAN_POINT('',(-0.0132184732118231,0.0324922152532984,0.0132314782220089));
#8740=CARTESIAN_POINT('',(-0.0117193582965304,0.0324922152532984,0.012341935753455));
#8741=CARTESIAN_POINT('',(-0.0105671209796308,0.0324922152532984,0.0114313813430192));
#8742=CARTESIAN_POINT('',(-0.00827187128380595,0.0324922152532984,0.00898808343686152));
#8743=CARTESIAN_POINT('',(-0.00718211573399668,0.0324922152532984,0.00725339979850136));
#8744=CARTESIAN_POINT('',(-0.00580559417417647,0.0324922152532984,0.00369780386814547));
#8745=CARTESIAN_POINT('',(-0.00547092785521692,0.0324922152532984,0.00176617397270252));
#8746=CARTESIAN_POINT('',(-0.00547092785528444,0.0324922152532984,-0.00176625189445505));
#8747=CARTESIAN_POINT('',(-0.00580562454841151,0.0324922152532984,-0.00369795036047559));
#8748=CARTESIAN_POINT('',(-0.00718222646670205,0.0324922152532984,-0.00725361778268919));
#8749=CARTESIAN_POINT('',(-0.00827203293403117,0.0324922152532984,-0.00898830874914138));
#8750=CARTESIAN_POINT('',(-0.0102394437454009,0.0324922152532984,-0.0110825416460625));
#8751=CARTESIAN_POINT('',(-0.0109698168693386,0.0324922152532984,-0.0117209284383751));
#8752=CARTESIAN_POINT('',(-0.0121243642931558,0.0324922152532984,-0.0125575292241002));
#8753=CARTESIAN_POINT('',(-0.0125191333828517,0.0324922152532984,-0.0128165151097356));
#8754=CARTESIAN_POINT('',(-0.0133186663226614,0.0324922152532984,-0.0132909198912265));
#8755=CARTESIAN_POINT('',(-0.0137338009972129,0.0324922152532984,-0.0135112576172974));
#8756=CARTESIAN_POINT('',(-0.0146201266628296,0.0324922152532984,-0.0139324559458504));
#8757=CARTESIAN_POINT('',(-0.0151461549932207,0.0324922152532985,-0.0141425533726634));
#8758=CARTESIAN_POINT('',(-0.0163835294656673,0.0324922152532985,-0.0145986413513216));
#8759=CARTESIAN_POINT('',(-0.0171022979907928,0.0324922152532985,-0.0148505835369943));
#8760=CARTESIAN_POINT('',(-0.0191863272631589,0.0324922152532985,-0.0155934872486288));
#8761=CARTESIAN_POINT('',(-0.0205756785775101,0.0324922152532985,-0.0160887558429222));
#8762=CARTESIAN_POINT('',(-0.0230026586982483,0.0324922152532985,-0.0169539128556657));
#8763=CARTESIAN_POINT('',(-0.0240402879347889,0.0324922152532985,-0.0173238014274559));
#8764=CARTESIAN_POINT('',(-0.025077916862541,0.0324922152532985,-0.017693689889171));
#8765=CARTESIAN_POINT('',(-0.0250779379839759,0.0246577847467015,0.0176936974184291));
#8766=CARTESIAN_POINT('',(-0.0248738307827273,0.0246577847467015,0.0176209383649026));
#8767=CARTESIAN_POINT('',(-0.0246697235934252,0.0246577847467015,0.0175481793156346));
#8768=CARTESIAN_POINT('',(-0.0232151848878272,0.0246577847467015,0.0170296730655379));
#8769=CARTESIAN_POINT('',(-0.0219647538729748,0.0246577847467015,0.0165839260434644));
#8770=CARTESIAN_POINT('',(-0.0194638936917531,0.0246577847467015,0.0156924326582542));
#8771=CARTESIAN_POINT('',(-0.0182301172612857,0.0246577847467015,0.0152526208121612));
#8772=CARTESIAN_POINT('',(-0.0161183163131244,0.0246577847467015,0.0144998201373809));
#8773=CARTESIAN_POINT('',(-0.01536838874053,0.0246577847467015,0.0142345910742592));
#8774=CARTESIAN_POINT('',(-0.014414216641721,0.0246577847467015,0.0138343105368183));
#8775=CARTESIAN_POINT('',(-0.0141273877588632,0.0246577847467015,0.0137026531996666));
#8776=CARTESIAN_POINT('',(-0.0135210960432193,0.0246577847467015,0.01339713792214));
#8777=CARTESIAN_POINT('',(-0.0132184732118231,0.0246577847467015,0.0132314782220089));
#8778=CARTESIAN_POINT('',(-0.0117193582965304,0.0246577847467015,0.012341935753455));
#8779=CARTESIAN_POINT('',(-0.0105671209796308,0.0246577847467015,0.0114313813430175));
#8780=CARTESIAN_POINT('',(-0.00827187128380595,0.0246577847467015,0.0089880834368638));
#8781=CARTESIAN_POINT('',(-0.00718211573399668,0.0246577847467016,0.00725339979850022));
#8782=CARTESIAN_POINT('',(-0.00580559417417647,0.0246577847467016,0.0036978038681466));
#8783=CARTESIAN_POINT('',(-0.00547092785521692,0.0246577847467016,0.00176617397270252));
#8784=CARTESIAN_POINT('',(-0.00547092785528445,0.0246577847467016,-0.00176625189445505));
#8785=CARTESIAN_POINT('',(-0.00580562454841151,0.0246577847467016,-0.00369795036047559));
#8786=CARTESIAN_POINT('',(-0.00718222646670205,0.0246577847467016,-0.00725361778268919));
#8787=CARTESIAN_POINT('',(-0.00827203293403117,0.0246577847467016,-0.00898830874914138));
#8788=CARTESIAN_POINT('',(-0.0102394437454009,0.0246577847467016,-0.0110825416460625));
#8789=CARTESIAN_POINT('',(-0.0109698168693375,0.0246577847467016,-0.0117209284383751));
#8790=CARTESIAN_POINT('',(-0.0121243642931564,0.0246577847467016,-0.0125575292241002));
#8791=CARTESIAN_POINT('',(-0.0125191333828512,0.0246577847467016,-0.012816515109735));
#8792=CARTESIAN_POINT('',(-0.013318666322662,0.0246577847467016,-0.013290919891227));
#8793=CARTESIAN_POINT('',(-0.0137338009972134,0.0246577847467016,-0.0135112576172974));
#8794=CARTESIAN_POINT('',(-0.014620126662829,0.0246577847467016,-0.0139324559458504));
#8795=CARTESIAN_POINT('',(-0.015146154993222,0.0246577847467016,-0.0141425533726628));
#8796=CARTESIAN_POINT('',(-0.016383529465666,0.0246577847467016,-0.0145986413513223));
#8797=CARTESIAN_POINT('',(-0.0171022979907941,0.0246577847467016,-0.0148505835369949));
#8798=CARTESIAN_POINT('',(-0.0191863272631564,0.0246577847467016,-0.0155934872486275));
#8799=CARTESIAN_POINT('',(-0.0205756785775101,0.0246577847467016,-0.0160887558429196));
#8800=CARTESIAN_POINT('',(-0.0230026586982483,0.0246577847467016,-0.0169539128556676));
#8801=CARTESIAN_POINT('',(-0.0240402879347882,0.0246577847467016,-0.0173238014274583));
#8802=CARTESIAN_POINT('',(-0.0250779168625396,0.0246577847467016,-0.0176936898891733));
#8803=CARTESIAN_POINT('',(-0.0232409198452269,0.01905,0.0228469891776113));
#8804=CARTESIAN_POINT('',(-0.0230368126439784,0.01905,0.0227742301240851));
#8805=CARTESIAN_POINT('',(-0.0228327054546763,0.01905,0.0227014710748174));
#8806=CARTESIAN_POINT('',(-0.0213781667490783,0.01905,0.0221829648247233));
#8807=CARTESIAN_POINT('',(-0.0201277357342236,0.01905,0.0217372178026476));
#8808=CARTESIAN_POINT('',(-0.0176268755530065,0.01905,0.0208457244174373));
#8809=CARTESIAN_POINT('',(-0.0163764479164965,0.01905,0.02039997688333));
#8810=CARTESIAN_POINT('',(-0.0142923989784023,0.01905,0.0196570690219071));
#8811=CARTESIAN_POINT('',(-0.0134533654954977,0.01905,0.0193640576248784));
#8812=CARTESIAN_POINT('',(-0.0121971274358694,0.01905,0.0188370587233018));
#8813=CARTESIAN_POINT('',(-0.011778091283765,0.01905,0.0186450986554452));
#8814=CARTESIAN_POINT('',(-0.0109465201058217,0.01905,0.0182260632430178));
#8815=CARTESIAN_POINT('',(-0.0105341134627584,0.01905,0.018000218129782));
#8816=CARTESIAN_POINT('',(-0.00849765696533809,0.01905,0.0167918287521343));
#8817=CARTESIAN_POINT('',(-0.00695033668728641,0.01905,0.0155717927446724));
#8818=CARTESIAN_POINT('',(-0.00379019991245685,0.01905,0.0122078205501122));
#8819=CARTESIAN_POINT('',(-0.0023392959451071,0.01905,0.00989787532467439));
#8820=CARTESIAN_POINT('',(-0.00044454443764337,0.01905,0.00500367681996542));
#8821=CARTESIAN_POINT('',(7.1729732436474E-14,0.01905,0.00243267628312494));
#8822=CARTESIAN_POINT('',(-7.17398361243854E-14,0.01905,-0.00243278361026384));
#8823=CARTESIAN_POINT('',(-0.000444584712942392,0.01905,-0.00500387450056962));
#8824=CARTESIAN_POINT('',(-0.00233944767723434,0.01905,-0.00989817359556587));
#8825=CARTESIAN_POINT('',(-0.00379042014069716,0.01905,-0.0122081282786746));
#8826=CARTESIAN_POINT('',(-0.00649918178692527,0.01905,-0.0150915007554703));
#8827=CARTESIAN_POINT('',(-0.00748786440116672,0.01905,-0.0159540995308857));
#8828=CARTESIAN_POINT('',(-0.0090501378017078,0.01905,-0.0170861441116969));
#8829=CARTESIAN_POINT('',(-0.00958410394344895,0.01905,-0.0174365167593238));
#8830=CARTESIAN_POINT('',(-0.0106702209168818,0.01905,-0.0180809668622696));
#8831=CARTESIAN_POINT('',(-0.0112223726323852,0.01905,-0.0183750458994165));
#8832=CARTESIAN_POINT('',(-0.012475906814287,0.01905,-0.0189707474149054));
#8833=CARTESIAN_POINT('',(-0.0131749942090618,0.01905,-0.0192467354999354));
#8834=CARTESIAN_POINT('',(-0.0145704748255109,0.01905,-0.0197611003501339));
#8835=CARTESIAN_POINT('',(-0.0152652798520375,0.01905,-0.0200038752961756));
#8836=CARTESIAN_POINT('',(-0.0173493091244229,0.01905,-0.0207467790078158));
#8837=CARTESIAN_POINT('',(-0.0187386604387637,0.01905,-0.0212420476021054));
#8838=CARTESIAN_POINT('',(-0.0211656405594975,0.01905,-0.0221072046148489));
#8839=CARTESIAN_POINT('',(-0.0222032697960376,0.01905,-0.0224770931866391));
#8840=CARTESIAN_POINT('',(-0.0232408987237898,0.01905,-0.0228469816483542));
#8841=CARTESIAN_POINT('',(-0.0127052503124651,0.0190500000040396,-0.01905));
#8842=CARTESIAN_POINT('',(-0.0139205816890822,0.0195271064040183,-0.01905));
#8843=CARTESIAN_POINT('',(-0.01635878916661,0.0204587708645686,-0.0190500000000002));
#8844=CARTESIAN_POINT('',(-0.0192522743941814,0.0220056916812326,-0.0190499999999995));
#8845=CARTESIAN_POINT('',(-0.0213366417285076,0.0235390858895656,-0.019050000000001));
#8846=CARTESIAN_POINT('',(-0.022748803443098,0.0249275669614205,-0.0190499999999998));
#8847=CARTESIAN_POINT('',(-0.0238314233206902,0.0265978054991067,-0.0190500000000001));
#8848=CARTESIAN_POINT('',(-0.0242820988933486,0.0285533284072419,-0.01905));
#8849=CARTESIAN_POINT('',(-0.0238478428668643,0.0305173639382588,-0.01905));
#8850=CARTESIAN_POINT('',(-0.0227721518578269,0.0321939567616851,-0.01905));
#8851=CARTESIAN_POINT('',(-0.0213695889481275,0.0335837227545986,-0.01905));
#8852=CARTESIAN_POINT('',(-0.0192701111825114,0.0351347515291501,-0.01905));
#8853=CARTESIAN_POINT('',(-0.0163865628043935,0.036678691458917,-0.01905));
#8854=CARTESIAN_POINT('',(-0.0139284936905055,0.0376197875570256,-0.01905));
#8855=CARTESIAN_POINT('',(-0.0127052503021751,0.0381,-0.01905));
#8856=CARTESIAN_POINT('',(-0.0127052503148774,0.01905,-0.0190500000026332));
#8857=CARTESIAN_POINT('',(-0.0127052545976769,0.0381,0.01905));
#8858=CARTESIAN_POINT('',(-0.0139205905811585,0.0376229027462053,0.01905));
#8859=CARTESIAN_POINT('',(-0.0163588013069485,0.0366912415541755,0.0190500000000002));
#8860=CARTESIAN_POINT('',(-0.0192522789288581,0.0351443033976439,0.0190499999999994));
#8861=CARTESIAN_POINT('',(-0.0213366494815528,0.0336109083195155,0.0190500000000009));
#8862=CARTESIAN_POINT('',(-0.0227488109401887,0.0322224239385408,0.0190499999999998));
#8863=CARTESIAN_POINT('',(-0.0238314270929844,0.030552185757384,0.0190500000000001));
#8864=CARTESIAN_POINT('',(-0.0242820989217476,0.0285966625310853,0.01905));
#8865=CARTESIAN_POINT('',(-0.0238478392143414,0.0266326282706443,0.01905));
#8866=CARTESIAN_POINT('',(-0.0227721474514917,0.0249560380044616,0.01905));
#8867=CARTESIAN_POINT('',(-0.0213695826982264,0.0235662718992119,0.01905));
#8868=CARTESIAN_POINT('',(-0.0192701070809432,0.0220152467982896,0.01905));
#8869=CARTESIAN_POINT('',(-0.0163865554969321,0.0204713001137461,0.01905));
#8870=CARTESIAN_POINT('',(-0.0139284985353851,0.0195302016325804,0.01905));
#8871=CARTESIAN_POINT('',(-0.0127052545976769,0.01905,0.01905));
#8872=CARTESIAN_POINT('',(-0.0127052545976769,0.01905,0.01905));
#8873=CARTESIAN_POINT('',(-0.0451363330917996,0.01905,0.0306521500668005));
#8874=CARTESIAN_POINT('',(-0.0401346411538836,0.01905,0.0288691734290265));
#8875=CARTESIAN_POINT('',(-0.0351329181853717,0.01905,0.02708618572958));
#8876=CARTESIAN_POINT('',(-0.0276303264597926,0.01905,0.0244117015878747));
#8877=CARTESIAN_POINT('',(-0.0251294613391429,0.01905,0.0235202064418812));
#8878=CARTESIAN_POINT('',(-0.0213781667490783,0.01905,0.0221829648247233));
#8879=CARTESIAN_POINT('',(-0.0201277357342236,0.01905,0.0217372178026476));
#8880=CARTESIAN_POINT('',(-0.0176268755530065,0.01905,0.0208457244174373));
#8881=CARTESIAN_POINT('',(-0.0163764479164965,0.01905,0.02039997688333));
#8882=CARTESIAN_POINT('',(-0.0142923989784023,0.01905,0.0196570690219071));
#8883=CARTESIAN_POINT('',(-0.0134533654954977,0.01905,0.0193640576248784));
#8884=CARTESIAN_POINT('',(-0.0121971274358694,0.01905,0.0188370587233018));
#8885=CARTESIAN_POINT('',(-0.011778091283765,0.01905,0.0186450986554452));
#8886=CARTESIAN_POINT('',(-0.0109465201058217,0.01905,0.0182260632430178));
#8887=CARTESIAN_POINT('',(-0.0105341134627584,0.01905,0.018000218129782));
#8888=CARTESIAN_POINT('',(-0.00849765696533809,0.01905,0.0167918287521343));
#8889=CARTESIAN_POINT('',(-0.00695033668728641,0.01905,0.0155717927446724));
#8890=CARTESIAN_POINT('',(-0.00379019991245685,0.01905,0.0122078205501122));
#8891=CARTESIAN_POINT('',(-0.0023392959451071,0.01905,0.00989787532467439));
#8892=CARTESIAN_POINT('',(-0.00044454443764337,0.01905,0.00500367681996542));
#8893=CARTESIAN_POINT('',(7.1729732436474E-14,0.01905,0.00243267628312494));
#8894=CARTESIAN_POINT('',(-7.17398361243854E-14,0.01905,-0.00243278361026384));
#8895=CARTESIAN_POINT('',(-0.000444584712942392,0.01905,-0.00500387450056962));
#8896=CARTESIAN_POINT('',(-0.00233944767723434,0.01905,-0.00989817359556587));
#8897=CARTESIAN_POINT('',(-0.00379042014069716,0.01905,-0.0122081282786746));
#8898=CARTESIAN_POINT('',(-0.00649918178692527,0.01905,-0.0150915007554703));
#8899=CARTESIAN_POINT('',(-0.00748786440116672,0.01905,-0.0159540995308857));
#8900=CARTESIAN_POINT('',(-0.0090501378017078,0.01905,-0.0170861441116969));
#8901=CARTESIAN_POINT('',(-0.00958410394344895,0.01905,-0.0174365167593238));
#8902=CARTESIAN_POINT('',(-0.0106702209168818,0.01905,-0.0180809668622696));
#8903=CARTESIAN_POINT('',(-0.0112223726323852,0.01905,-0.0183750458994165));
#8904=CARTESIAN_POINT('',(-0.012475906814287,0.01905,-0.0189707474149054));
#8905=CARTESIAN_POINT('',(-0.0131749942090618,0.01905,-0.0192467354999354));
#8906=CARTESIAN_POINT('',(-0.0145704748255109,0.01905,-0.0197611003501339));
#8907=CARTESIAN_POINT('',(-0.0152652798520375,0.01905,-0.0200038752961756));
#8908=CARTESIAN_POINT('',(-0.0173493091244229,0.01905,-0.0207467790078158));
#8909=CARTESIAN_POINT('',(-0.0187386604387637,0.01905,-0.0212420476021054));
#8910=CARTESIAN_POINT('',(-0.0229067114636517,0.01905,-0.0227278523447352));
#8911=CARTESIAN_POINT('',(-0.0256854082560115,0.01905,-0.0237183874528182));
#8912=CARTESIAN_POINT('',(-0.0340215004289183,0.01905,-0.0266899934172141));
#8913=CARTESIAN_POINT('',(-0.0395788976052141,0.01905,-0.0286710649137447));
#8914=CARTESIAN_POINT('',(-0.0451363330917997,0.01905,-0.0306521500668005));
#8915=CARTESIAN_POINT('',(-0.0232409198302335,0.01905,0.0228469891722665));
#8916=CARTESIAN_POINT('',(-0.0230368126339828,0.01905,0.0227742301205219));
#8917=CARTESIAN_POINT('',(-0.0228327054496785,0.01905,0.0227014710730359));
#8918=CARTESIAN_POINT('',(-0.0213781667490783,0.01905,0.0221829648247233));
#8919=CARTESIAN_POINT('',(-0.0201277357342236,0.01905,0.0217372178026476));
#8920=CARTESIAN_POINT('',(-0.0176268755530065,0.01905,0.0208457244174373));
#8921=CARTESIAN_POINT('',(-0.0163764479164965,0.01905,0.02039997688333));
#8922=CARTESIAN_POINT('',(-0.0142923989784023,0.01905,0.0196570690219071));
#8923=CARTESIAN_POINT('',(-0.0134533654954977,0.01905,0.0193640576248784));
#8924=CARTESIAN_POINT('',(-0.0121971274358694,0.01905,0.0188370587233018));
#8925=CARTESIAN_POINT('',(-0.011778091283765,0.01905,0.0186450986554452));
#8926=CARTESIAN_POINT('',(-0.0109465201058217,0.01905,0.0182260632430178));
#8927=CARTESIAN_POINT('',(-0.0105341134627584,0.01905,0.018000218129782));
#8928=CARTESIAN_POINT('',(-0.00849765696533809,0.01905,0.0167918287521343));
#8929=CARTESIAN_POINT('',(-0.00695033668728641,0.01905,0.0155717927446724));
#8930=CARTESIAN_POINT('',(-0.00379019991245685,0.01905,0.0122078205501122));
#8931=CARTESIAN_POINT('',(-0.00233929594510709,0.01905,0.00989787532467439));
#8932=CARTESIAN_POINT('',(-0.000444544437643367,0.01905,0.00500367681996542));
#8933=CARTESIAN_POINT('',(7.1733201883426E-14,0.01905,0.00243267628312494));
#8934=CARTESIAN_POINT('',(-7.17363666774335E-14,0.01905,-0.00243278361026384));
#8935=CARTESIAN_POINT('',(-0.000444584712942388,0.01905,-0.00500387450056962));
#8936=CARTESIAN_POINT('',(-0.00233944767723434,0.01905,-0.00989817359556587));
#8937=CARTESIAN_POINT('',(-0.00379042014069716,0.01905,-0.0122081282786746));
#8938=CARTESIAN_POINT('',(-0.00649918178692527,0.01905,-0.0150915007554703));
#8939=CARTESIAN_POINT('',(-0.00748786440116672,0.01905,-0.0159540995308857));
#8940=CARTESIAN_POINT('',(-0.00905013780170779,0.01905,-0.0170861441116969));
#8941=CARTESIAN_POINT('',(-0.00958410394344895,0.01905,-0.0174365167593238));
#8942=CARTESIAN_POINT('',(-0.0106702209168818,0.01905,-0.0180809668622696));
#8943=CARTESIAN_POINT('',(-0.0112223726323852,0.01905,-0.0183750458994165));
#8944=CARTESIAN_POINT('',(-0.012475906814287,0.01905,-0.0189707474149054));
#8945=CARTESIAN_POINT('',(-0.0131749942090618,0.01905,-0.0192467354999354));
#8946=CARTESIAN_POINT('',(-0.0145704748255109,0.01905,-0.0197611003501339));
#8947=CARTESIAN_POINT('',(-0.0152652798520375,0.01905,-0.0200038752961756));
#8948=CARTESIAN_POINT('',(-0.0173493091244229,0.01905,-0.0207467790078158));
#8949=CARTESIAN_POINT('',(-0.0187386604387637,0.01905,-0.0212420476021054));
#8950=CARTESIAN_POINT('',(-0.0211656397215609,0.01905,-0.0221072043161457));
#8951=CARTESIAN_POINT('',(-0.0222032681201653,0.01905,-0.022477092589233));
#8952=CARTESIAN_POINT('',(-0.0232408962099821,0.01905,-0.0228469807522454));
#8953=CARTESIAN_POINT('',(-0.0250779379689824,0.0134422152532984,0.0176936974130834));
#8954=CARTESIAN_POINT('',(-0.0248738307727317,0.0134422152532984,0.0176209383613387));
#8955=CARTESIAN_POINT('',(-0.0246697235884274,0.0134422152532984,0.0175481793138527));
#8956=CARTESIAN_POINT('',(-0.0232151848878272,0.0134422152532984,0.0170296730655402));
#8957=CARTESIAN_POINT('',(-0.0219647538729748,0.0134422152532984,0.0165839260434644));
#8958=CARTESIAN_POINT('',(-0.0194638936917531,0.0134422152532984,0.0156924326582542));
#8959=CARTESIAN_POINT('',(-0.0182301172612857,0.0134422152532984,0.01525262081216));
#8960=CARTESIAN_POINT('',(-0.0161183163131244,0.0134422152532984,0.0144998201373817));
#8961=CARTESIAN_POINT('',(-0.0153683887405292,0.0134422152532984,0.0142345910742592));
#8962=CARTESIAN_POINT('',(-0.0144142166417214,0.0134422152532984,0.0138343105368183));
#8963=CARTESIAN_POINT('',(-0.0141273877588628,0.0134422152532984,0.0137026531996666));
#8964=CARTESIAN_POINT('',(-0.0135210960432197,0.0134422152532984,0.01339713792214));
#8965=CARTESIAN_POINT('',(-0.0132184732118231,0.0134422152532984,0.0132314782220089));
#8966=CARTESIAN_POINT('',(-0.0117193582965304,0.0134422152532984,0.012341935753455));
#8967=CARTESIAN_POINT('',(-0.0105671209796308,0.0134422152532984,0.0114313813430192));
#8968=CARTESIAN_POINT('',(-0.00827187128380595,0.0134422152532984,0.00898808343686152));
#8969=CARTESIAN_POINT('',(-0.00718211573399668,0.0134422152532984,0.00725339979850022));
#8970=CARTESIAN_POINT('',(-0.00580559417417647,0.0134422152532984,0.0036978038681466));
#8971=CARTESIAN_POINT('',(-0.00547092785521692,0.0134422152532984,0.00176617397270252));
#8972=CARTESIAN_POINT('',(-0.00547092785528444,0.0134422152532984,-0.00176625189445505));
#8973=CARTESIAN_POINT('',(-0.00580562454841151,0.0134422152532984,-0.00369795036047446));
#8974=CARTESIAN_POINT('',(-0.00718222646670205,0.0134422152532984,-0.00725361778269033));
#8975=CARTESIAN_POINT('',(-0.00827203293403117,0.0134422152532984,-0.00898830874914367));
#8976=CARTESIAN_POINT('',(-0.0102394437454009,0.0134422152532984,-0.0110825416460613));
#8977=CARTESIAN_POINT('',(-0.0109698168693386,0.0134422152532984,-0.0117209284383751));
#8978=CARTESIAN_POINT('',(-0.0121243642931558,0.0134422152532984,-0.0125575292241002));
#8979=CARTESIAN_POINT('',(-0.0125191333828517,0.0134422152532984,-0.012816515109735));
#8980=CARTESIAN_POINT('',(-0.0133186663226614,0.0134422152532984,-0.013290919891227));
#8981=CARTESIAN_POINT('',(-0.0137338009972129,0.0134422152532984,-0.0135112576172974));
#8982=CARTESIAN_POINT('',(-0.0146201266628296,0.0134422152532984,-0.0139324559458504));
#8983=CARTESIAN_POINT('',(-0.0151461549932207,0.0134422152532984,-0.014142553372664));
#8984=CARTESIAN_POINT('',(-0.0163835294656673,0.0134422152532984,-0.014598641351321));
#8985=CARTESIAN_POINT('',(-0.0171022979907928,0.0134422152532984,-0.0148505835369943));
#8986=CARTESIAN_POINT('',(-0.0191863272631589,0.0134422152532984,-0.0155934872486288));
#8987=CARTESIAN_POINT('',(-0.0205756785775101,0.0134422152532984,-0.0160887558429222));
#8988=CARTESIAN_POINT('',(-0.0230026578603117,0.0134422152532984,-0.0169539125569625));
#8989=CARTESIAN_POINT('',(-0.0240402862589159,0.0134422152532984,-0.0173238008300499));
#8990=CARTESIAN_POINT('',(-0.0250779143487319,0.0134422152532984,-0.0176936889930622));
#8991=CARTESIAN_POINT('',(-0.0250779379689826,0.00560778474670154,0.0176936974130833));
#8992=CARTESIAN_POINT('',(-0.0248738307727318,0.00560778474670154,0.0176209383613387));
#8993=CARTESIAN_POINT('',(-0.0246697235884274,0.00560778474670154,0.0175481793138527));
#8994=CARTESIAN_POINT('',(-0.0232151848878272,0.00560778474670154,0.0170296730655402));
#8995=CARTESIAN_POINT('',(-0.0219647538729748,0.00560778474670154,0.0165839260434667));
#8996=CARTESIAN_POINT('',(-0.0194638936917531,0.00560778474670154,0.0156924326582519));
#8997=CARTESIAN_POINT('',(-0.0182301172612857,0.00560778474670154,0.0152526208121612));
#8998=CARTESIAN_POINT('',(-0.0161183163131244,0.00560778474670154,0.0144998201373809));
#8999=CARTESIAN_POINT('',(-0.0153683887405308,0.00560778474670154,0.0142345910742584));
#9000=CARTESIAN_POINT('',(-0.0144142166417206,0.00560778474670154,0.0138343105368187));
#9001=CARTESIAN_POINT('',(-0.0141273877588628,0.00560778474670154,0.0137026531996666));
#9002=CARTESIAN_POINT('',(-0.0135210960432197,0.00560778474670154,0.01339713792214));
#9003=CARTESIAN_POINT('',(-0.0132184732118231,0.00560778474670154,0.0132314782220085));
#9004=CARTESIAN_POINT('',(-0.0117193582965304,0.00560778474670154,0.0123419357534566));
#9005=CARTESIAN_POINT('',(-0.0105671209796308,0.00560778474670155,0.0114313813430175));
#9006=CARTESIAN_POINT('',(-0.00827187128380595,0.00560778474670155,0.0089880834368638));
#9007=CARTESIAN_POINT('',(-0.00718211573399668,0.00560778474670155,0.00725339979850022));
#9008=CARTESIAN_POINT('',(-0.00580559417417647,0.00560778474670155,0.0036978038681466));
#9009=CARTESIAN_POINT('',(-0.00547092785521692,0.00560778474670155,0.00176617397270252));
#9010=CARTESIAN_POINT('',(-0.00547092785528444,0.00560778474670155,-0.00176625189445505));
#9011=CARTESIAN_POINT('',(-0.00580562454841151,0.00560778474670155,-0.00369795036047446));
#9012=CARTESIAN_POINT('',(-0.00718222646670205,0.00560778474670155,-0.00725361778269033));
#9013=CARTESIAN_POINT('',(-0.00827203293403117,0.00560778474670155,-0.00898830874914367));
#9014=CARTESIAN_POINT('',(-0.0102394437454009,0.00560778474670155,-0.0110825416460613));
#9015=CARTESIAN_POINT('',(-0.0109698168693375,0.00560778474670155,-0.0117209284383751));
#9016=CARTESIAN_POINT('',(-0.0121243642931564,0.00560778474670155,-0.0125575292241002));
#9017=CARTESIAN_POINT('',(-0.0125191333828511,0.00560778474670155,-0.0128165151097345));
#9018=CARTESIAN_POINT('',(-0.013318666322662,0.00560778474670155,-0.0132909198912276));
#9019=CARTESIAN_POINT('',(-0.0137338009972134,0.00560778474670155,-0.0135112576172974));
#9020=CARTESIAN_POINT('',(-0.014620126662829,0.00560778474670155,-0.0139324559458504));
#9021=CARTESIAN_POINT('',(-0.015146154993222,0.00560778474670155,-0.0141425533726634));
#9022=CARTESIAN_POINT('',(-0.016383529465666,0.00560778474670155,-0.0145986413513216));
#9023=CARTESIAN_POINT('',(-0.0171022979907928,0.00560778474670155,-0.0148505835369943));
#9024=CARTESIAN_POINT('',(-0.0191863272631589,0.00560778474670155,-0.0155934872486288));
#9025=CARTESIAN_POINT('',(-0.0205756785775101,0.00560778474670155,-0.0160887558429222));
#9026=CARTESIAN_POINT('',(-0.0230026578603117,0.00560778474670155,-0.0169539125569625));
#9027=CARTESIAN_POINT('',(-0.0240402862589159,0.00560778474670155,-0.0173238008300499));
#9028=CARTESIAN_POINT('',(-0.0250779143487319,0.00560778474670155,-0.0176936889930622));
#9029=CARTESIAN_POINT('',(-0.0232409198302335,-2.46220034801895E-18,0.0228469891722665));
#9030=CARTESIAN_POINT('',(-0.0230368126339828,-2.44883472704469E-18,0.0227742301205219));
#9031=CARTESIAN_POINT('',(-0.0228327054496785,-2.43546910685271E-18,0.0227014710730358));
#9032=CARTESIAN_POINT('',(-0.0213781667490783,-2.34022105425208E-18,0.0221829648247233));
#9033=CARTESIAN_POINT('',(-0.0201277357342236,-2.25833865468078E-18,0.0217372178026476));
#9034=CARTESIAN_POINT('',(-0.0176268755530065,-2.09457397658117E-18,0.0208457244174373));
#9035=CARTESIAN_POINT('',(-0.0163764479164965,-2.01269148295144E-18,0.02039997688333));
#9036=CARTESIAN_POINT('',(-0.0142923989784023,-1.87622152276726E-18,0.0196570690219071));
#9037=CARTESIAN_POINT('',(-0.0134533654954977,-1.82239620234462E-18,0.0193640576248784));
#9038=CARTESIAN_POINT('',(-0.0121971274358694,-1.72558807464974E-18,0.0188370587233018));
#9039=CARTESIAN_POINT('',(-0.011778091283765,-1.69032558224975E-18,0.0186450986554452));
#9040=CARTESIAN_POINT('',(-0.0109465201058217,-1.61335002576612E-18,0.0182260632430178));
#9041=CARTESIAN_POINT('',(-0.0105341134627584,-1.57186295151215E-18,0.018000218129782));
#9042=CARTESIAN_POINT('',(-0.00849765696533809,-1.34988542399215E-18,0.0167918287521343));
#9043=CARTESIAN_POINT('',(-0.00695033668728641,-1.125768445284E-18,0.0155717927446724));
#9044=CARTESIAN_POINT('',(-0.00379019991245685,-5.07816778214302E-19,0.0122078205501122));
#9045=CARTESIAN_POINT('',(-0.0023392959451071,-8.34867242312639E-20,0.00989787532467439));
#9046=CARTESIAN_POINT('',(-0.00044454443764337,8.15562955745798E-19,0.00500367681996542));
#9047=CARTESIAN_POINT('',(7.17310408378194E-14,1.28784809245312E-18,0.00243267628312494));
#9048=CARTESIAN_POINT('',(-7.173767505997E-14,2.18161857517606E-18,-0.00243278361026384));
#9049=CARTESIAN_POINT('',(-0.000444584712942389,2.65392030954527E-18,-0.00500387450056962));
#9050=CARTESIAN_POINT('',(-0.00233944767723434,3.55298846765918E-18,-0.00989817359556587));
#9051=CARTESIAN_POINT('',(-0.00379042014069716,3.9773202589856E-18,-0.0122081282786746));
#9052=CARTESIAN_POINT('',(-0.00649918178692527,4.50698719015434E-18,-0.0150915007554703));
#9053=CARTESIAN_POINT('',(-0.00748786440116672,4.66544401454315E-18,-0.0159540995308857));
#9054=CARTESIAN_POINT('',(-0.00905013780170779,4.87339723040094E-18,-0.0170861441116969));
#9055=CARTESIAN_POINT('',(-0.00958410394344895,4.93775964161444E-18,-0.0174365167593238));
#9056=CARTESIAN_POINT('',(-0.0106702209168818,5.05614320498212E-18,-0.0180809668622696));
#9057=CARTESIAN_POINT('',(-0.0112223726323852,5.11016464771309E-18,-0.0183750458994165));
#9058=CARTESIAN_POINT('',(-0.012475906814287,5.21959324084087E-18,-0.0189707474149054));
#9059=CARTESIAN_POINT('',(-0.0131749942090618,5.27029142958126E-18,-0.0192467354999354));
#9060=CARTESIAN_POINT('',(-0.0145704748255109,5.36477871969027E-18,-0.0197611003501339));
#9061=CARTESIAN_POINT('',(-0.0152652798520375,5.40937575377721E-18,-0.0200038752961756));
#9062=CARTESIAN_POINT('',(-0.0173493091244229,5.54584495165812E-18,-0.0207467790078158));
#9063=CARTESIAN_POINT('',(-0.0187386604387637,5.63682431646446E-18,-0.0212420476021054));
#9064=CARTESIAN_POINT('',(-0.0211656397215609,5.79575102655679E-18,-0.0221072043161457));
#9065=CARTESIAN_POINT('',(-0.0222032681201653,5.86369840000841E-18,-0.022477092589233));
#9066=CARTESIAN_POINT('',(-0.0232408962099821,5.93164575323949E-18,-0.0228469807522454));
#9067=CARTESIAN_POINT('',(-0.0127056137330819,1.42672830615493E-7,-0.01905));
#9068=CARTESIAN_POINT('',(-0.013921506426468,0.000477466986592068,-0.01905));
#9069=CARTESIAN_POINT('',(-0.0163608352490836,0.00140960416658794,-0.0190500000000002));
#9070=CARTESIAN_POINT('',(-0.0192554669171762,0.00295753645833127,-0.0190499999999995));
#9071=CARTESIAN_POINT('',(-0.0213404276698689,0.00449219331196684,-0.0190500000000009));
#9072=CARTESIAN_POINT('',(-0.0227526654208942,0.00588204523141094,-0.0190499999999998));
#9073=CARTESIAN_POINT('',(-0.0238343432072323,0.00755398455688735,-0.0190500000000001));
#9074=CARTESIAN_POINT('',(-0.0242822851503391,0.00951114844312187,-0.01905));
#9075=CARTESIAN_POINT('',(-0.0238443415301408,0.0114754205467508,-0.01905));
#9076=CARTESIAN_POINT('',(-0.0227661769682396,0.0131511995151587,-0.01905));
#9077=CARTESIAN_POINT('',(-0.0213615671591627,0.0145404917859536,-0.01905));
#9078=CARTESIAN_POINT('',(-0.0192607637657664,0.0160905507416757,-0.01905));
#9079=CARTESIAN_POINT('',(-0.0163716875957489,0.0176351464232735,-0.01905));
#9080=CARTESIAN_POINT('',(-0.0139236921618958,0.0185716725080471,-0.01905));
#9081=CARTESIAN_POINT('',(-0.0127052503131812,0.0190499999956793,-0.01905));
#9082=CARTESIAN_POINT('',(-0.0127056697423098,4.36678996048359E-18,-0.0190499999669753));
#9083=CARTESIAN_POINT('',(-0.0127052545976769,0.01905,0.01905));
#9084=CARTESIAN_POINT('',(-0.0139211365370916,0.018572688423516,0.01905));
#9085=CARTESIAN_POINT('',(-0.0163604442204015,0.0176405850523561,0.0190500000000002));
#9086=CARTESIAN_POINT('',(-0.0192550680360929,0.0160926997309185,0.0190499999999995));
#9087=CARTESIAN_POINT('',(-0.0213400402508205,0.0145581289896095,0.0190500000000009));
#9088=CARTESIAN_POINT('',(-0.0227523175713555,0.01316836557189,0.0190499999999998));
#9089=CARTESIAN_POINT('',(-0.0238341155625199,0.0114965149073579,0.0190500000000001));
#9090=CARTESIAN_POINT('',(-0.0242822796829468,0.0095394218862372,0.01905));
#9091=CARTESIAN_POINT('',(-0.0238445816662132,0.00757511712581305,0.01905));
#9092=CARTESIAN_POINT('',(-0.022766550708864,0.0058992478468597,0.01905));
#9093=CARTESIAN_POINT('',(-0.0213620353570301,0.00450990245394014,0.01905));
#9094=CARTESIAN_POINT('',(-0.0192612853265262,0.00295976534555575,0.01905));
#9095=CARTESIAN_POINT('',(-0.0163722961226288,0.0014151166768914,0.01905));
#9096=CARTESIAN_POINT('',(-0.0139243243204906,0.00047855870341069,0.01905));
#9097=CARTESIAN_POINT('',(-0.0127058859870911,2.47859695972888E-7,0.01905));
#9098=CARTESIAN_POINT('',(-0.0127059832870341,-2.63206645897878E-18,0.0190499998279936));
#9099=CARTESIAN_POINT('',(-0.0451363330917996,-3.89598514396695E-18,0.0306521500668005));
#9100=CARTESIAN_POINT('',(-0.0401346411538836,-3.5684576490934E-18,0.0288691734290265));
#9101=CARTESIAN_POINT('',(-0.0351329181853717,-3.24092812225092E-18,0.02708618572958));
#9102=CARTESIAN_POINT('',(-0.0276303264597926,-2.74963335572208E-18,0.0244117015878747));
#9103=CARTESIAN_POINT('',(-0.0251294613391429,-2.58586835417439E-18,0.0235202064418812));
#9104=CARTESIAN_POINT('',(-0.0213781667490783,-2.34022105425208E-18,0.0221829648247233));
#9105=CARTESIAN_POINT('',(-0.0201277357342236,-2.25833865468078E-18,0.0217372178026476));
#9106=CARTESIAN_POINT('',(-0.0176268755530065,-2.09457397658117E-18,0.0208457244174373));
#9107=CARTESIAN_POINT('',(-0.0163764479164965,-2.01269148295144E-18,0.02039997688333));
#9108=CARTESIAN_POINT('',(-0.0142923989784023,-1.87622152276726E-18,0.0196570690219071));
#9109=CARTESIAN_POINT('',(-0.0134533654954977,-1.82239620234462E-18,0.0193640576248784));
#9110=CARTESIAN_POINT('',(-0.0121971274358694,-1.72558807464974E-18,0.0188370587233018));
#9111=CARTESIAN_POINT('',(-0.011778091283765,-1.69032558224975E-18,0.0186450986554452));
#9112=CARTESIAN_POINT('',(-0.0109465201058217,-1.61335002576612E-18,0.0182260632430178));
#9113=CARTESIAN_POINT('',(-0.0105341134627584,-1.57186295151215E-18,0.018000218129782));
#9114=CARTESIAN_POINT('',(-0.00849765696533809,-1.34988542399215E-18,0.0167918287521343));
#9115=CARTESIAN_POINT('',(-0.00695033668728641,-1.125768445284E-18,0.0155717927446724));
#9116=CARTESIAN_POINT('',(-0.00379019991245685,-5.07816778214302E-19,0.0122078205501122));
#9117=CARTESIAN_POINT('',(-0.0023392959451071,-8.34867242312639E-20,0.00989787532467439));
#9118=CARTESIAN_POINT('',(-0.00044454443764337,8.15562955745798E-19,0.00500367681996542));
#9119=CARTESIAN_POINT('',(7.17310408378194E-14,1.28784809245312E-18,0.00243267628312494));
#9120=CARTESIAN_POINT('',(-7.173767505997E-14,2.18161857517606E-18,-0.00243278361026384));
#9121=CARTESIAN_POINT('',(-0.000444584712942389,2.65392030954527E-18,-0.00500387450056962));
#9122=CARTESIAN_POINT('',(-0.00233944767723434,3.55298846765918E-18,-0.00989817359556587));
#9123=CARTESIAN_POINT('',(-0.00379042014069716,3.9773202589856E-18,-0.0122081282786746));
#9124=CARTESIAN_POINT('',(-0.00649918178692527,4.50698719015434E-18,-0.0150915007554703));
#9125=CARTESIAN_POINT('',(-0.00748786440116672,4.66544401454315E-18,-0.0159540995308857));
#9126=CARTESIAN_POINT('',(-0.00905013780170779,4.87339723040094E-18,-0.0170861441116969));
#9127=CARTESIAN_POINT('',(-0.00958410394344895,4.93775964161444E-18,-0.0174365167593238));
#9128=CARTESIAN_POINT('',(-0.0106702209168818,5.05614320498212E-18,-0.0180809668622696));
#9129=CARTESIAN_POINT('',(-0.0112223726323852,5.11016464771309E-18,-0.0183750458994165));
#9130=CARTESIAN_POINT('',(-0.012475906814287,5.21959324084087E-18,-0.0189707474149054));
#9131=CARTESIAN_POINT('',(-0.0131749942090618,5.27029142958126E-18,-0.0192467354999354));
#9132=CARTESIAN_POINT('',(-0.0145704748255109,5.36477871969027E-18,-0.0197611003501339));
#9133=CARTESIAN_POINT('',(-0.0152652798520375,5.40937575377721E-18,-0.0200038752961756));
#9134=CARTESIAN_POINT('',(-0.0173493091244229,5.54584495165812E-18,-0.0207467790078158));
#9135=CARTESIAN_POINT('',(-0.0187386604387637,5.63682431646446E-18,-0.0212420476021054));
#9136=CARTESIAN_POINT('',(-0.0229067114636517,5.90976221979874E-18,-0.0227278523447352));
#9137=CARTESIAN_POINT('',(-0.0256854082560115,6.09172056722957E-18,-0.0237183874528182));
#9138=CARTESIAN_POINT('',(-0.0340215004289183,6.63759572712874E-18,-0.0266899934172141));
#9139=CARTESIAN_POINT('',(-0.0395788976052141,7.00151265717561E-18,-0.0286710649137447));
#9140=CARTESIAN_POINT('',(-0.0451363330917997,7.36543209592056E-18,-0.0306521500668005));
#9141=CARTESIAN_POINT('',(-0.0508,0.,0.01905));
#9142=CARTESIAN_POINT('',(-0.0508,0.,0.01905));
#9143=CARTESIAN_POINT('',(-0.0381,-3.49942822856357E-18,0.01905));
#9144=CARTESIAN_POINT('',(-0.0301635328159785,-1.26485764124133E-22,6.88556429561011E-7));
#9145=CARTESIAN_POINT('',(-0.0380966938919843,3.49942822232129E-18,-0.0190499999660187));
#9146=CARTESIAN_POINT('',(-0.0508,6.99885645712713E-18,-0.01905));
#9147=CARTESIAN_POINT('',(-0.0301635328159785,0.0762593875279596,6.8855642957502E-7));
#9148=CARTESIAN_POINT('',(-0.03809881956016,0.0558617008766423,0.0190504917607888));
#9149=CARTESIAN_POINT('',(-0.0399823249617096,0.0558587128566843,0.0182659085666647));
#9150=CARTESIAN_POINT('',(-0.0425632602053034,0.0558635920471051,0.0167146041190442));
#9151=CARTESIAN_POINT('',(-0.0455279922613564,0.0558616842370564,0.0138888076277084));
#9152=CARTESIAN_POINT('',(-0.0473769619954607,0.055862848563414,0.0115167356827505));
#9153=CARTESIAN_POINT('',(-0.0488903953535788,0.0558615353942185,0.00884819935904525));
#9154=CARTESIAN_POINT('',(-0.0499766311564095,0.0558631584716486,0.00602739188331595));
#9155=CARTESIAN_POINT('',(-0.0506479869505041,0.0558617944751906,0.00306643395140633));
#9156=CARTESIAN_POINT('',(-0.0509492505188687,0.0558636465512642,-0.00102817709810319));
#9157=CARTESIAN_POINT('',(-0.0502168064911507,0.0558627286433092,-0.00601794907354829));
#9158=CARTESIAN_POINT('',(-0.0480038643129054,0.0558635563284537,-0.0107129605380497));
#9159=CARTESIAN_POINT('',(-0.0455328749466592,0.0558626727749831,-0.0138808687473805));
#9160=CARTESIAN_POINT('',(-0.0425821068725849,0.0558646837002503,-0.0166993734153319));
#9161=CARTESIAN_POINT('',(-0.0399802863742099,0.0558599156625501,-0.0182656271300605));
#9162=CARTESIAN_POINT('',(-0.0380966939011504,0.0558629747509983,-0.0190499999622017));
#9163=CARTESIAN_POINT('',(-0.0380986161284462,0.0558625939285241,0.0190499999924313));
#9164=CARTESIAN_POINT('',(-0.0380966938965673,0.0558629714397022,-0.0190499999641102));
#9165=CARTESIAN_POINT('',(-0.0380966938919843,0.0762593875279596,-0.0190499999660187));
#9166=CARTESIAN_POINT('',(-0.0381,0.0762593875279596,0.01905));
#9167=CARTESIAN_POINT('',(-0.0508,6.99885645712713E-18,-0.01905));
#9168=CARTESIAN_POINT('',(-0.0380967109986763,0.0762,-0.0190499999953112));
#9169=CARTESIAN_POINT('',(-0.0367810653247532,0.0756924125518763,-0.0190499999953112));
#9170=CARTESIAN_POINT('',(-0.0341369478684848,0.0747176342805736,-0.019050000002232));
#9171=CARTESIAN_POINT('',(-0.0309935854697041,0.0730685826776726,-0.0190499999997228));
#9172=CARTESIAN_POINT('',(-0.0287318644165581,0.0714381338320743,-0.0190500000000525));
#9173=CARTESIAN_POINT('',(-0.0272000643952645,0.0699675060734356,-0.0190499999999859));
#9174=CARTESIAN_POINT('',(-0.0259974388427404,0.0681596065913594,-0.0190500000000038));
#9175=CARTESIAN_POINT('',(-0.0255019272648916,0.066037611908468,-0.0190499999999989));
#9176=CARTESIAN_POINT('',(-0.0259954731599753,0.0639068448149374,-0.0190500000000003));
#9177=CARTESIAN_POINT('',(-0.0271914958780419,0.0621071539864363,-0.0190499999999999));
#9178=CARTESIAN_POINT('',(-0.028720170076719,0.0606321043567932,-0.01905));
#9179=CARTESIAN_POINT('',(-0.0310381828813545,0.0589652434341697,-0.01905));
#9180=CARTESIAN_POINT('',(-0.0341383640604151,0.0573479221209266,-0.0190500000000002));
#9181=CARTESIAN_POINT('',(-0.0367837199552062,0.0563695312305095,-0.01905));
#9182=CARTESIAN_POINT('',(-0.0380966952615021,0.0558629741912911,-0.01905));
#9183=CARTESIAN_POINT('',(-0.0380967082656206,0.0762,-0.01905));
#9184=CARTESIAN_POINT('',(-0.0508,0.0762,-0.01905));
#9185=CARTESIAN_POINT('',(-0.0127056707144726,0.0762,-0.0190499999717918));
#9186=CARTESIAN_POINT('',(-0.0127052503021751,0.05715,-0.01905));
#9187=CARTESIAN_POINT('',(-0.0139211391176692,0.0576273252355532,-0.01905));
#9188=CARTESIAN_POINT('',(-0.016360467053022,0.0585594401903437,-0.0190500000000001));
#9189=CARTESIAN_POINT('',(-0.0192551221111843,0.0601073292036343,-0.0190499999999995));
#9190=CARTESIAN_POINT('',(-0.0213401038151352,0.0616419236582783,-0.0190500000000009));
#9191=CARTESIAN_POINT('',(-0.0227523838164585,0.0630317107212811,-0.0190499999999998));
#9192=CARTESIAN_POINT('',(-0.0238341683002769,0.0647035956620211,-0.01905));
#9193=CARTESIAN_POINT('',(-0.0242822833172449,0.0666607213898049,-0.01905));
#9194=CARTESIAN_POINT('',(-0.0238445167853009,0.0686250329889546,-0.01905));
#9195=CARTESIAN_POINT('',(-0.0227664369590522,0.0703008898615547,-0.01905));
#9196=CARTESIAN_POINT('',(-0.021361884145592,0.0716902255231483,-0.0190500000000001));
#9197=CARTESIAN_POINT('',(-0.0192610966637786,0.0732403514859561,-0.0190499999999999));
#9198=CARTESIAN_POINT('',(-0.0163720611855815,0.0747849787851629,-0.01905));
#9199=CARTESIAN_POINT('',(-0.0139240599634333,0.0757215305743069,-0.01905));
#9200=CARTESIAN_POINT('',(-0.0127056145754294,0.0761998569964881,-0.01905));
#9201=CARTESIAN_POINT('',(-0.0232409154518362,0.0762,0.0228469876114787));
#9202=CARTESIAN_POINT('',(-0.0230368097150514,0.0762,0.0227742290799967));
#9203=CARTESIAN_POINT('',(-0.0228327039902129,0.0762,0.0227014705527733));
#9204=CARTESIAN_POINT('',(-0.0213781667490782,0.0762,0.0221829648247233));
#9205=CARTESIAN_POINT('',(-0.0201277357342236,0.0762,0.0217372178026476));
#9206=CARTESIAN_POINT('',(-0.0176268755530065,0.0762,0.0208457244174373));
#9207=CARTESIAN_POINT('',(-0.0163764479164965,0.0762,0.02039997688333));
#9208=CARTESIAN_POINT('',(-0.0142923989784023,0.0762,0.0196570690219071));
#9209=CARTESIAN_POINT('',(-0.0134533654954977,0.0762,0.0193640576248784));
#9210=CARTESIAN_POINT('',(-0.0121971274358693,0.0762,0.0188370587233018));
#9211=CARTESIAN_POINT('',(-0.011778091283765,0.0762,0.0186450986554452));
#9212=CARTESIAN_POINT('',(-0.0109465201058217,0.0762,0.0182260632430178));
#9213=CARTESIAN_POINT('',(-0.0105341134627584,0.0762,0.018000218129782));
#9214=CARTESIAN_POINT('',(-0.00849765696533808,0.0762,0.0167918287521344));
#9215=CARTESIAN_POINT('',(-0.0069503366872864,0.0762,0.0155717927446724));
#9216=CARTESIAN_POINT('',(-0.00379019991245684,0.0762,0.0122078205501122));
#9217=CARTESIAN_POINT('',(-0.00233929594510709,0.0762,0.00989787532467439));
#9218=CARTESIAN_POINT('',(-0.000444544437643366,0.0762,0.00500367681996542));
#9219=CARTESIAN_POINT('',(7.17310114028659E-14,0.0762,0.00243267628312494));
#9220=CARTESIAN_POINT('',(-7.17411151472039E-14,0.0762,-0.00243278361026384));
#9221=CARTESIAN_POINT('',(-0.000444584712942396,0.0762,-0.00500387450056962));
#9222=CARTESIAN_POINT('',(-0.00233944767723434,0.0762,-0.00989817359556587));
#9223=CARTESIAN_POINT('',(-0.00379042014069717,0.0762,-0.0122081282786746));
#9224=CARTESIAN_POINT('',(-0.00649918178692528,0.0762,-0.0150915007554703));
#9225=CARTESIAN_POINT('',(-0.00748786440116673,0.0762,-0.0159540995308857));
#9226=CARTESIAN_POINT('',(-0.0090501378017078,0.0762,-0.0170861441116969));
#9227=CARTESIAN_POINT('',(-0.00958410394344896,0.0762,-0.0174365167593238));
#9228=CARTESIAN_POINT('',(-0.0106702209168818,0.0762,-0.0180809668622696));
#9229=CARTESIAN_POINT('',(-0.0112223726323852,0.0762,-0.0183750458994165));
#9230=CARTESIAN_POINT('',(-0.012475906814287,0.0762,-0.0189707474149054));
#9231=CARTESIAN_POINT('',(-0.0131749942090618,0.0762,-0.0192467354999354));
#9232=CARTESIAN_POINT('',(-0.0145704748255109,0.0762,-0.0197611003501339));
#9233=CARTESIAN_POINT('',(-0.0152652798520375,0.0762,-0.0200038752961756));
#9234=CARTESIAN_POINT('',(-0.0173493091244229,0.0762,-0.0207467790078158));
#9235=CARTESIAN_POINT('',(-0.0187386604387637,0.0762,-0.0212420476021054));
#9236=CARTESIAN_POINT('',(-0.0211656405507959,0.0762,-0.022107204611747));
#9237=CARTESIAN_POINT('',(-0.0222032697786343,0.0762,-0.0224770931804353));
#9238=CARTESIAN_POINT('',(-0.0232408986976849,0.0762,-0.0228469816390485));
#9239=CARTESIAN_POINT('',(-0.0250779335905853,0.0705922152532985,0.0176936958522955));
#9240=CARTESIAN_POINT('',(-0.0248738278538004,0.0705922152532985,0.0176209373208135));
#9241=CARTESIAN_POINT('',(-0.0246697221289618,0.0705922152532985,0.0175481787935901));
#9242=CARTESIAN_POINT('',(-0.0232151848878272,0.0705922152532985,0.0170296730655402));
#9243=CARTESIAN_POINT('',(-0.0219647538729748,0.0705922152532985,0.0165839260434621));
#9244=CARTESIAN_POINT('',(-0.0194638936917531,0.0705922152532985,0.0156924326582564));
#9245=CARTESIAN_POINT('',(-0.0182301172612857,0.0705922152532985,0.0152526208121612));
#9246=CARTESIAN_POINT('',(-0.0161183163131244,0.0705922152532985,0.0144998201373809));
#9247=CARTESIAN_POINT('',(-0.0153683887405292,0.0705922152532985,0.0142345910742592));
#9248=CARTESIAN_POINT('',(-0.0144142166417214,0.0705922152532985,0.0138343105368183));
#9249=CARTESIAN_POINT('',(-0.0141273877588628,0.0705922152532985,0.013702653199667));
#9250=CARTESIAN_POINT('',(-0.0135210960432197,0.0705922152532985,0.0133971379221396));
#9251=CARTESIAN_POINT('',(-0.013218473211823,0.0705922152532985,0.0132314782220085));
#9252=CARTESIAN_POINT('',(-0.0117193582965304,0.0705922152532985,0.0123419357534566));
#9253=CARTESIAN_POINT('',(-0.0105671209796325,0.0705922152532985,0.0114313813430192));
#9254=CARTESIAN_POINT('',(-0.00827187128380366,0.0705922152532985,0.00898808343686152));
#9255=CARTESIAN_POINT('',(-0.00718211573399668,0.0705922152532985,0.00725339979850022));
#9256=CARTESIAN_POINT('',(-0.00580559417417646,0.0705922152532985,0.00369780386814661));
#9257=CARTESIAN_POINT('',(-0.00547092785521692,0.0705922152532985,0.00176617397270252));
#9258=CARTESIAN_POINT('',(-0.00547092785528444,0.0705922152532985,-0.00176625189445505));
#9259=CARTESIAN_POINT('',(-0.00580562454841151,0.0705922152532985,-0.00369795036047446));
#9260=CARTESIAN_POINT('',(-0.00718222646670205,0.0705922152532985,-0.00725361778269033));
#9261=CARTESIAN_POINT('',(-0.00827203293402888,0.0705922152532985,-0.00898830874914138));
#9262=CARTESIAN_POINT('',(-0.010239443745402,0.0705922152532985,-0.0110825416460625));
#9263=CARTESIAN_POINT('',(-0.0109698168693386,0.0705922152532985,-0.0117209284383751));
#9264=CARTESIAN_POINT('',(-0.0121243642931558,0.0705922152532985,-0.0125575292241002));
#9265=CARTESIAN_POINT('',(-0.0125191333828512,0.0705922152532985,-0.0128165151097345));
#9266=CARTESIAN_POINT('',(-0.013318666322662,0.0705922152532985,-0.0132909198912276));
#9267=CARTESIAN_POINT('',(-0.0137338009972134,0.0705922152532985,-0.0135112576172968));
#9268=CARTESIAN_POINT('',(-0.014620126662829,0.0705922152532985,-0.0139324559458511));
#9269=CARTESIAN_POINT('',(-0.015146154993222,0.0705922152532985,-0.0141425533726634));
#9270=CARTESIAN_POINT('',(-0.016383529465666,0.0705922152532985,-0.0145986413513216));
#9271=CARTESIAN_POINT('',(-0.0171022979907941,0.0705922152532985,-0.0148505835369949));
#9272=CARTESIAN_POINT('',(-0.0191863272631564,0.0705922152532985,-0.0155934872486275));
#9273=CARTESIAN_POINT('',(-0.0205756785775101,0.0705922152532985,-0.0160887558429222));
#9274=CARTESIAN_POINT('',(-0.0230026586895467,0.0705922152532985,-0.0169539128525638));
#9275=CARTESIAN_POINT('',(-0.0240402879173849,0.0705922152532985,-0.0173238014212521));
#9276=CARTESIAN_POINT('',(-0.0250779168364347,0.0705922152532985,-0.0176936898798653));
#9277=CARTESIAN_POINT('',(-0.0250779335905861,0.0627577847467016,0.0176936958522955));
#9278=CARTESIAN_POINT('',(-0.024873827853801,0.0627577847467016,0.0176209373208135));
#9279=CARTESIAN_POINT('',(-0.0246697221289622,0.0627577847467016,0.0175481787935901));
#9280=CARTESIAN_POINT('',(-0.0232151848878249,0.0627577847467016,0.0170296730655402));
#9281=CARTESIAN_POINT('',(-0.0219647538729725,0.0627577847467016,0.0165839260434621));
#9282=CARTESIAN_POINT('',(-0.0194638936917554,0.0627577847467016,0.0156924326582564));
#9283=CARTESIAN_POINT('',(-0.018230117261288,0.0627577847467016,0.0152526208121612));
#9284=CARTESIAN_POINT('',(-0.0161183163131229,0.0627577847467016,0.0144998201373809));
#9285=CARTESIAN_POINT('',(-0.01536838874053,0.0627577847467016,0.0142345910742592));
#9286=CARTESIAN_POINT('',(-0.014414216641721,0.0627577847467016,0.0138343105368183));
#9287=CARTESIAN_POINT('',(-0.0141273877588628,0.0627577847467016,0.013702653199667));
#9288=CARTESIAN_POINT('',(-0.0135210960432197,0.0627577847467016,0.0133971379221396));
#9289=CARTESIAN_POINT('',(-0.0132184732118231,0.0627577847467016,0.0132314782220089));
#9290=CARTESIAN_POINT('',(-0.0117193582965304,0.0627577847467016,0.012341935753455));
#9291=CARTESIAN_POINT('',(-0.0105671209796308,0.0627577847467016,0.0114313813430192));
#9292=CARTESIAN_POINT('',(-0.00827187128380595,0.0627577847467016,0.00898808343686152));
#9293=CARTESIAN_POINT('',(-0.00718211573399667,0.0627577847467016,0.00725339979850022));
#9294=CARTESIAN_POINT('',(-0.00580559417417646,0.0627577847467016,0.00369780386814661));
#9295=CARTESIAN_POINT('',(-0.00547092785521692,0.0627577847467016,0.00176617397270252));
#9296=CARTESIAN_POINT('',(-0.00547092785528444,0.0627577847467016,-0.00176625189445505));
#9297=CARTESIAN_POINT('',(-0.00580562454841151,0.0627577847467016,-0.00369795036047446));
#9298=CARTESIAN_POINT('',(-0.00718222646670205,0.0627577847467016,-0.00725361778269033));
#9299=CARTESIAN_POINT('',(-0.00827203293402888,0.0627577847467016,-0.00898830874914367));
#9300=CARTESIAN_POINT('',(-0.010239443745402,0.0627577847467016,-0.0110825416460613));
#9301=CARTESIAN_POINT('',(-0.0109698168693375,0.0627577847467016,-0.011720928438374));
#9302=CARTESIAN_POINT('',(-0.0121243642931564,0.0627577847467016,-0.0125575292241008));
#9303=CARTESIAN_POINT('',(-0.0125191333828517,0.0627577847467016,-0.012816515109735));
#9304=CARTESIAN_POINT('',(-0.0133186663226614,0.0627577847467016,-0.013290919891227));
#9305=CARTESIAN_POINT('',(-0.0137338009972129,0.0627577847467016,-0.0135112576172974));
#9306=CARTESIAN_POINT('',(-0.0146201266628296,0.0627577847467016,-0.0139324559458504));
#9307=CARTESIAN_POINT('',(-0.0151461549932207,0.0627577847467016,-0.014142553372664));
#9308=CARTESIAN_POINT('',(-0.0163835294656673,0.0627577847467016,-0.014598641351321));
#9309=CARTESIAN_POINT('',(-0.0171022979907928,0.0627577847467016,-0.0148505835369943));
#9310=CARTESIAN_POINT('',(-0.019186327263159,0.0627577847467016,-0.0155934872486288));
#9311=CARTESIAN_POINT('',(-0.0205756785775126,0.0627577847467016,-0.0160887558429222));
#9312=CARTESIAN_POINT('',(-0.0230026586895448,0.0627577847467016,-0.0169539128525638));
#9313=CARTESIAN_POINT('',(-0.0240402879173833,0.0627577847467016,-0.0173238014212521));
#9314=CARTESIAN_POINT('',(-0.0250779168364338,0.0627577847467016,-0.0176936898798653));
#9315=CARTESIAN_POINT('',(-0.0232409154518362,0.05715,0.0228469876114787));
#9316=CARTESIAN_POINT('',(-0.0230368097150514,0.05715,0.0227742290799967));
#9317=CARTESIAN_POINT('',(-0.0228327039902129,0.05715,0.0227014705527733));
#9318=CARTESIAN_POINT('',(-0.0213781667490782,0.05715,0.0221829648247233));
#9319=CARTESIAN_POINT('',(-0.0201277357342236,0.05715,0.0217372178026476));
#9320=CARTESIAN_POINT('',(-0.0176268755530065,0.05715,0.0208457244174373));
#9321=CARTESIAN_POINT('',(-0.0163764479164965,0.05715,0.02039997688333));
#9322=CARTESIAN_POINT('',(-0.0142923989784023,0.05715,0.0196570690219071));
#9323=CARTESIAN_POINT('',(-0.0134533654954977,0.05715,0.0193640576248784));
#9324=CARTESIAN_POINT('',(-0.0121971274358693,0.05715,0.0188370587233018));
#9325=CARTESIAN_POINT('',(-0.011778091283765,0.05715,0.0186450986554452));
#9326=CARTESIAN_POINT('',(-0.0109465201058217,0.05715,0.0182260632430178));
#9327=CARTESIAN_POINT('',(-0.0105341134627584,0.05715,0.018000218129782));
#9328=CARTESIAN_POINT('',(-0.00849765696533808,0.05715,0.0167918287521344));
#9329=CARTESIAN_POINT('',(-0.0069503366872864,0.05715,0.0155717927446724));
#9330=CARTESIAN_POINT('',(-0.00379019991245685,0.05715,0.0122078205501122));
#9331=CARTESIAN_POINT('',(-0.00233929594510709,0.05715,0.00989787532467439));
#9332=CARTESIAN_POINT('',(-0.000444544437643366,0.05715,0.00500367681996542));
#9333=CARTESIAN_POINT('',(7.17323198091041E-14,0.05715,0.00243267628312494));
#9334=CARTESIAN_POINT('',(-7.17389540876816E-14,0.05715,-0.00243278361026384));
#9335=CARTESIAN_POINT('',(-0.000444584712942393,0.05715,-0.00500387450056962));
#9336=CARTESIAN_POINT('',(-0.00233944767723434,0.05715,-0.00989817359556587));
#9337=CARTESIAN_POINT('',(-0.00379042014069717,0.05715,-0.0122081282786746));
#9338=CARTESIAN_POINT('',(-0.00649918178692528,0.05715,-0.0150915007554703));
#9339=CARTESIAN_POINT('',(-0.00748786440116673,0.05715,-0.0159540995308857));
#9340=CARTESIAN_POINT('',(-0.0090501378017078,0.05715,-0.0170861441116969));
#9341=CARTESIAN_POINT('',(-0.00958410394344896,0.05715,-0.0174365167593238));
#9342=CARTESIAN_POINT('',(-0.0106702209168818,0.05715,-0.0180809668622696));
#9343=CARTESIAN_POINT('',(-0.0112223726323852,0.05715,-0.0183750458994165));
#9344=CARTESIAN_POINT('',(-0.012475906814287,0.05715,-0.0189707474149054));
#9345=CARTESIAN_POINT('',(-0.0131749942090618,0.05715,-0.0192467354999354));
#9346=CARTESIAN_POINT('',(-0.0145704748255109,0.05715,-0.0197611003501339));
#9347=CARTESIAN_POINT('',(-0.0152652798520375,0.05715,-0.0200038752961756));
#9348=CARTESIAN_POINT('',(-0.0173493091244229,0.05715,-0.0207467790078158));
#9349=CARTESIAN_POINT('',(-0.0187386604387637,0.05715,-0.0212420476021054));
#9350=CARTESIAN_POINT('',(-0.0211656405507959,0.05715,-0.022107204611747));
#9351=CARTESIAN_POINT('',(-0.0222032697786343,0.05715,-0.0224770931804353));
#9352=CARTESIAN_POINT('',(-0.0232408986976849,0.05715,-0.0228469816390485));
#9353=CARTESIAN_POINT('',(-0.0451363330917996,0.0762,0.0306521500668005));
#9354=CARTESIAN_POINT('',(-0.0401346411538836,0.0762,0.0288691734290265));
#9355=CARTESIAN_POINT('',(-0.0351329181853717,0.0762,0.02708618572958));
#9356=CARTESIAN_POINT('',(-0.0276303264597926,0.0762,0.0244117015878747));
#9357=CARTESIAN_POINT('',(-0.0251294613391429,0.0762,0.0235202064418812));
#9358=CARTESIAN_POINT('',(-0.0213781667490782,0.0762,0.0221829648247233));
#9359=CARTESIAN_POINT('',(-0.0201277357342236,0.0762,0.0217372178026476));
#9360=CARTESIAN_POINT('',(-0.0176268755530065,0.0762,0.0208457244174373));
#9361=CARTESIAN_POINT('',(-0.0163764479164965,0.0762,0.02039997688333));
#9362=CARTESIAN_POINT('',(-0.0142923989784023,0.0762,0.0196570690219071));
#9363=CARTESIAN_POINT('',(-0.0134533654954977,0.0762,0.0193640576248784));
#9364=CARTESIAN_POINT('',(-0.0121971274358693,0.0762,0.0188370587233018));
#9365=CARTESIAN_POINT('',(-0.011778091283765,0.0762,0.0186450986554452));
#9366=CARTESIAN_POINT('',(-0.0109465201058217,0.0762,0.0182260632430178));
#9367=CARTESIAN_POINT('',(-0.0105341134627584,0.0762,0.018000218129782));
#9368=CARTESIAN_POINT('',(-0.00849765696533808,0.0762,0.0167918287521344));
#9369=CARTESIAN_POINT('',(-0.0069503366872864,0.0762,0.0155717927446724));
#9370=CARTESIAN_POINT('',(-0.00379019991245684,0.0762,0.0122078205501122));
#9371=CARTESIAN_POINT('',(-0.00233929594510709,0.0762,0.00989787532467439));
#9372=CARTESIAN_POINT('',(-0.000444544437643366,0.0762,0.00500367681996542));
#9373=CARTESIAN_POINT('',(7.17310114028659E-14,0.0762,0.00243267628312494));
#9374=CARTESIAN_POINT('',(-7.17411151472039E-14,0.0762,-0.00243278361026384));
#9375=CARTESIAN_POINT('',(-0.000444584712942396,0.0762,-0.00500387450056962));
#9376=CARTESIAN_POINT('',(-0.00233944767723434,0.0762,-0.00989817359556587));
#9377=CARTESIAN_POINT('',(-0.00379042014069717,0.0762,-0.0122081282786746));
#9378=CARTESIAN_POINT('',(-0.00649918178692528,0.0762,-0.0150915007554703));
#9379=CARTESIAN_POINT('',(-0.00748786440116673,0.0762,-0.0159540995308857));
#9380=CARTESIAN_POINT('',(-0.0090501378017078,0.0762,-0.0170861441116969));
#9381=CARTESIAN_POINT('',(-0.00958410394344896,0.0762,-0.0174365167593238));
#9382=CARTESIAN_POINT('',(-0.0106702209168818,0.0762,-0.0180809668622696));
#9383=CARTESIAN_POINT('',(-0.0112223726323852,0.0762,-0.0183750458994165));
#9384=CARTESIAN_POINT('',(-0.012475906814287,0.0762,-0.0189707474149054));
#9385=CARTESIAN_POINT('',(-0.0131749942090618,0.0762,-0.0192467354999354));
#9386=CARTESIAN_POINT('',(-0.0145704748255109,0.0762,-0.0197611003501339));
#9387=CARTESIAN_POINT('',(-0.0152652798520375,0.0762,-0.0200038752961756));
#9388=CARTESIAN_POINT('',(-0.0173493091244229,0.0762,-0.0207467790078158));
#9389=CARTESIAN_POINT('',(-0.0187386604387637,0.0762,-0.0212420476021054));
#9390=CARTESIAN_POINT('',(-0.0229067114636517,0.0762,-0.0227278523447352));
#9391=CARTESIAN_POINT('',(-0.0256854082560115,0.0762,-0.0237183874528182));
#9392=CARTESIAN_POINT('',(-0.0340215004289183,0.0762,-0.0266899934172141));
#9393=CARTESIAN_POINT('',(-0.0395788976052141,0.0762,-0.0286710649137446));
#9394=CARTESIAN_POINT('',(-0.0451363330917998,0.0762,-0.0306521500668005));
#9395=CARTESIAN_POINT('',(-0.0127059819036828,0.0762,0.0190499998217767));
#9396=CARTESIAN_POINT('',(-0.0127058847884529,0.0761997526108421,0.01905));
#9397=CARTESIAN_POINT('',(-0.0139217734512719,0.0757224426591496,0.01905));
#9398=CARTESIAN_POINT('',(-0.0163610824738476,0.074790300340871,0.0190500000000002));
#9399=CARTESIAN_POINT('',(-0.0192556658909636,0.0732423404318157,0.0190499999999995));
#9400=CARTESIAN_POINT('',(-0.0213406017505622,0.0717076614447702,0.0190500000000009));
#9401=CARTESIAN_POINT('',(-0.0227528057913195,0.0703177856215829,0.0190499999999998));
#9402=CARTESIAN_POINT('',(-0.0238344187900395,0.0686458406802091,0.0190500000000001));
#9403=CARTESIAN_POINT('',(-0.0242822828562346,0.0666886815350061,0.01905));
#9404=CARTESIAN_POINT('',(-0.023844277841393,0.0647244452472432,0.01905));
#9405=CARTESIAN_POINT('',(-0.0227660999942817,0.0630487110400055,0.01905));
#9406=CARTESIAN_POINT('',(-0.0213614858571513,0.0616594408708591,0.01905));
#9407=CARTESIAN_POINT('',(-0.0192607082337103,0.0601094199782204,0.01905));
#9408=CARTESIAN_POINT('',(-0.0163716486765375,0.0585648257485394,0.01905));
#9409=CARTESIAN_POINT('',(-0.0139236867758576,0.0576283127086222,0.01905));
#9410=CARTESIAN_POINT('',(-0.0127052545976769,0.05715,0.01905));
#9411=CARTESIAN_POINT('',(-0.0508,0.,0.01905));
#9412=CARTESIAN_POINT('',(-0.0508,0.0762,0.01905));
#9413=CARTESIAN_POINT('',(-0.0380966338677865,0.0762,0.01905));
#9414=CARTESIAN_POINT('',(-0.0380967110088256,0.0558629681284061,0.0190500000002113));
#9415=CARTESIAN_POINT('',(-0.0367810646848042,0.0563705558336822,0.0190500000002113));
#9416=CARTESIAN_POINT('',(-0.0341366035237209,0.0573445330976817,0.0190499999998995));
#9417=CARTESIAN_POINT('',(-0.0309936246203532,0.0589944868419721,0.0190500000000123));
#9418=CARTESIAN_POINT('',(-0.0287318524131404,0.0606248188352732,0.019049999999998));
#9419=CARTESIAN_POINT('',(-0.027200062286222,0.0620954719538388,0.0190500000000005));
#9420=CARTESIAN_POINT('',(-0.0259974349565868,0.0639033671716228,0.0190499999999999));
#9421=CARTESIAN_POINT('',(-0.0255019275077792,0.0660253651207308,0.01905));
#9422=CARTESIAN_POINT('',(-0.0259954765860039,0.0681561334360443,0.01905));
#9423=CARTESIAN_POINT('',(-0.0271915053155091,0.0699558174800728,0.01905));
#9424=CARTESIAN_POINT('',(-0.0287201702259197,0.0714308893342344,0.01905));
#9425=CARTESIAN_POINT('',(-0.0310382417914003,0.073097635310628,0.01905));
#9426=CARTESIAN_POINT('',(-0.0341379935962183,0.074715825905185,0.0190500000000003));
#9427=CARTESIAN_POINT('',(-0.0367837351215468,0.0756934425718292,0.01905));
#9428=CARTESIAN_POINT('',(-0.038096711009054,0.0761999999996984,0.01905));
#9429=CARTESIAN_POINT('',(-0.0267026770962085,0.0557718233792786,0.0232490378559769));
#9430=CARTESIAN_POINT('',(-0.0274614467746528,0.0557718233792786,0.022978555662879));
#9431=CARTESIAN_POINT('',(-0.0282202164530976,0.0557718233792786,0.0227080734697804));
#9432=CARTESIAN_POINT('',(-0.0303820972057301,0.0557718233792786,0.0219374176781602));
#9433=CARTESIAN_POINT('',(-0.0317852082799149,0.0557718233792786,0.0214372440796399));
#9434=CARTESIAN_POINT('',(-0.0338898748911777,0.0557718233792786,0.0206869836818599));
#9435=CARTESIAN_POINT('',(-0.0345919985642447,0.0557718233792786,0.0204355144644146));
#9436=CARTESIAN_POINT('',(-0.0356430129490893,0.0557718233792786,0.0200631778017503));
#9437=CARTESIAN_POINT('',(-0.0359931688300772,0.0557718233792786,0.0199400321856828));
#9438=CARTESIAN_POINT('',(-0.0365194425667585,0.0557718233792786,0.0197515096915953));
#9439=CARTESIAN_POINT('',(-0.0366950401673605,0.0557718233792786,0.0196880347544535));
#9440=CARTESIAN_POINT('',(-0.0370467967650457,0.0557718233792786,0.0195589400124898));
#9441=CARTESIAN_POINT('',(-0.0372228259587685,0.0557718233792786,0.0194933703766922));
#9442=CARTESIAN_POINT('',(-0.0375509385718222,0.0557718233792786,0.0193686057344451));
#9443=CARTESIAN_POINT('',(-0.0377029438292016,0.0557718233792786,0.0193091246179536));
#9444=CARTESIAN_POINT('',(-0.0380070535309966,0.0557718233792786,0.0191864737366294));
#9445=CARTESIAN_POINT('',(-0.038159269107618,0.0557718233792786,0.0191232624188821));
#9446=CARTESIAN_POINT('',(-0.0386158408381719,0.0557718233792786,0.0189277557929006));
#9447=CARTESIAN_POINT('',(-0.0389201220993694,0.0557718233792786,0.0187895879520152));
#9448=CARTESIAN_POINT('',(-0.0398282061168204,0.0557718233792786,0.0183498689492591));
#9449=CARTESIAN_POINT('',(-0.0404260974326044,0.0557718233792786,0.0180223021241182));
#9450=CARTESIAN_POINT('',(-0.0421857914291881,0.0557718233792786,0.0169402566733131));
#9451=CARTESIAN_POINT('',(-0.0433126144343657,0.0557718233792786,0.0160866465217121));
#9452=CARTESIAN_POINT('',(-0.0457356367653788,0.0557718233792786,0.0138116332521948));
#9453=CARTESIAN_POINT('',(-0.0469599300790366,0.0557718233792786,0.0122972258387101));
#9454=CARTESIAN_POINT('',(-0.048935606738618,0.0557718233792786,0.00899699316278304));
#9455=CARTESIAN_POINT('',(-0.0496853399937072,0.0557718233792786,0.0072144329183334));
#9456=CARTESIAN_POINT('',(-0.0506627484685738,0.0557718233792786,0.00359571243673542));
#9457=CARTESIAN_POINT('',(-0.050891144749712,0.0557718233792786,0.00176273856533768));
#9458=CARTESIAN_POINT('',(-0.050891144748543,0.0557718233792786,-0.0017627385696845));
#9459=CARTESIAN_POINT('',(-0.0506627484650421,0.0557718233792786,-0.00359571244570929));
#9460=CARTESIAN_POINT('',(-0.0496853399827138,0.0557718233792786,-0.00721443293561254));
#9461=CARTESIAN_POINT('',(-0.0489356067225142,0.0557718233792786,-0.0089969931837083));
#9462=CARTESIAN_POINT('',(-0.0469599300508252,0.0557718233792786,-0.0122972258642854));
#9463=CARTESIAN_POINT('',(-0.045735636730173,0.0557718233792786,-0.0138116332787792));
#9464=CARTESIAN_POINT('',(-0.0436587604358857,0.0557718233792786,-0.0157616446516305));
#9465=CARTESIAN_POINT('',(-0.0429271860589494,0.0557718233792786,-0.0163576891410106));
#9466=CARTESIAN_POINT('',(-0.0414104078833345,0.0557718233792786,-0.017435457563371));
#9467=CARTESIAN_POINT('',(-0.0406253209318658,0.0557718233792786,-0.0179171188443713));
#9468=CARTESIAN_POINT('',(-0.0394258138553415,0.0557718233792786,-0.0185491771123662));
#9469=CARTESIAN_POINT('',(-0.0390212848604181,0.0557718233792786,-0.0187442954742445));
#9470=CARTESIAN_POINT('',(-0.0384129861581691,0.0557718233792786,-0.0190155389423115));
#9471=CARTESIAN_POINT('',(-0.0382099553108019,0.0557718233792786,-0.0191023882583704));
#9472=CARTESIAN_POINT('',(-0.0378042450049684,0.0557718233792786,-0.0192692966794916));
#9473=CARTESIAN_POINT('',(-0.0376014173651153,0.0557718233792786,-0.0193494111874795));
#9474=CARTESIAN_POINT('',(-0.0371975864557347,0.0557718233792786,-0.0195029676692509));
#9475=CARTESIAN_POINT('',(-0.0369964734923497,0.0557718233792786,-0.0195776577111583));
#9476=CARTESIAN_POINT('',(-0.0365946442024766,0.0557718233792786,-0.0197245146323112));
#9477=CARTESIAN_POINT('',(-0.0363940762245609,0.0557718233792786,-0.0197966241816067));
#9478=CARTESIAN_POINT('',(-0.0357929289840808,0.0557718233792786,-0.0200109587127772));
#9479=CARTESIAN_POINT('',(-0.0353930580507275,0.0557718233792786,-0.0201511378248624));
#9480=CARTESIAN_POINT('',(-0.0345915804066985,0.0557718233792786,-0.0204368424751441));
#9481=CARTESIAN_POINT('',(-0.0341905414695749,0.0557718233792786,-0.0205798036341821));
#9482=CARTESIAN_POINT('',(-0.0333887637104354,0.0557718233792786,-0.020865617118362));
#9483=CARTESIAN_POINT('',(-0.0329878748308672,0.0557718233792786,-0.0210085238604509));
#9484=CARTESIAN_POINT('',(-0.0317852081921578,0.0557718233792786,-0.0214372440867207));
#9485=CARTESIAN_POINT('',(-0.03098343043302,0.0557718233792786,-0.0217230575709029));
#9486=CARTESIAN_POINT('',(-0.0290219941163116,0.0557718233792786,-0.022422259988627));
#9487=CARTESIAN_POINT('',(-0.0278623355587409,0.0557718233792786,-0.0228356489221802));
#9488=CARTESIAN_POINT('',(-0.0267026770011704,0.0557718233792786,-0.023249037855735));
#9489=CARTESIAN_POINT('',(-0.0266924756239254,0.0558022049623211,0.0232204201944473));
#9490=CARTESIAN_POINT('',(-0.0274512453023697,0.0558022049623211,0.0229499380013493));
#9491=CARTESIAN_POINT('',(-0.0282100149808145,0.0558022049623211,0.0226794558082508));
#9492=CARTESIAN_POINT('',(-0.030371895733447,0.0558022049623211,0.0219088000166305));
#9493=CARTESIAN_POINT('',(-0.0317750068076319,0.0558022049623211,0.0214086264181102));
#9494=CARTESIAN_POINT('',(-0.0338796734188945,0.0558022049623211,0.0206583660203303));
#9495=CARTESIAN_POINT('',(-0.0345817660312734,0.0558022049623211,0.0204069077444886));
#9496=CARTESIAN_POINT('',(-0.0356329112899043,0.0558022049623211,0.0200345247179398));
#9497=CARTESIAN_POINT('',(-0.0359830332865147,0.0558022049623211,0.0199113908683661));
#9498=CARTESIAN_POINT('',(-0.0365091416608789,0.0558022049623211,0.0197229276105936));
#9499=CARTESIAN_POINT('',(-0.0366846651504058,0.0558022049623211,0.019659479382058));
#9500=CARTESIAN_POINT('',(-0.0370362370096226,0.0558022049623211,0.01953045243915));
#9501=CARTESIAN_POINT('',(-0.0372121988094586,0.0558022049623211,0.0194649074561475));
#9502=CARTESIAN_POINT('',(-0.0375399938448673,0.0558022049623211,0.0193402635740917));
#9503=CARTESIAN_POINT('',(-0.0376917735003419,0.0558022049623211,0.0192808702754386));
#9504=CARTESIAN_POINT('',(-0.0379954962155717,0.0558022049623211,0.0191583754701724));
#9505=CARTESIAN_POINT('',(-0.0381475133346643,0.0558022049623211,0.0190952465057084));
#9506=CARTESIAN_POINT('',(-0.0386034745970528,0.0558022049623211,0.0189000012856872));
#9507=CARTESIAN_POINT('',(-0.0389073287180257,0.0558022049623211,0.0187620267974661));
#9508=CARTESIAN_POINT('',(-0.0398140701092376,0.0558022049623211,0.0183229579308886));
#9509=CARTESIAN_POINT('',(-0.0404110412431339,0.0558022049623211,0.017995894443235));
#9510=CARTESIAN_POINT('',(-0.0421681620659589,0.0558022049623211,0.0169154312510284));
#9511=CARTESIAN_POINT('',(-0.0432933666559231,0.0558022049623211,0.0160630441257943));
#9512=CARTESIAN_POINT('',(-0.045712776718549,0.0558022049623211,0.0137914224714877));
#9513=CARTESIAN_POINT('',(-0.0469353366910078,0.0558022049623211,0.0122791581149667));
#9514=CARTESIAN_POINT('',(-0.0489080650627879,0.0558022049623211,0.00898385035194096));
#9515=CARTESIAN_POINT('',(-0.0496567372698709,0.0558022049623211,0.00720381615819348));
#9516=CARTESIAN_POINT('',(-0.0506326901076999,0.0558022049623211,0.0035904849710096));
#9517=CARTESIAN_POINT('',(-0.0508607631666695,0.0558022049623211,0.00176011362386708));
#9518=CARTESIAN_POINT('',(-0.0508607631655005,0.0558022049623211,-0.00176011362820742));
#9519=CARTESIAN_POINT('',(-0.0506326901041696,0.0558022049623211,-0.00359048497997056));
#9520=CARTESIAN_POINT('',(-0.0496567372588867,0.0558022049623211,-0.00720381617544566));
#9521=CARTESIAN_POINT('',(-0.0489080650466988,0.0558022049623211,-0.00898385037283372));
#9522=CARTESIAN_POINT('',(-0.0469353366628259,0.0558022049623211,-0.0122791581405006));
#9523=CARTESIAN_POINT('',(-0.045712776683381,0.0558022049623211,-0.0137914224980283));
#9524=CARTESIAN_POINT('',(-0.043638996619154,0.0558022049623211,-0.0157385267721267));
#9525=CARTESIAN_POINT('',(-0.0429084855774641,0.0558022049623211,-0.0163337066011447));
#9526=CARTESIAN_POINT('',(-0.0413939126554092,0.0558022049623211,-0.0174099080490522));
#9527=CARTESIAN_POINT('',(-0.0406099289163799,0.0558022049623211,-0.0178908880200032));
#9528=CARTESIAN_POINT('',(-0.0394122652194775,0.0558022049623211,-0.0185219749546656));
#9529=CARTESIAN_POINT('',(-0.0390083513096078,0.0558022049623211,-0.0187167974635338));
#9530=CARTESIAN_POINT('',(-0.0384008934872633,0.0558022049623211,-0.0189876659789964));
#9531=CARTESIAN_POINT('',(-0.0381981339249793,0.0558022049623211,-0.0190743994045042));
#9532=CARTESIAN_POINT('',(-0.0377929484460078,0.0558022049623211,-0.0192410919128865));
#9533=CARTESIAN_POINT('',(-0.0375904237801323,0.0558022049623211,-0.0193210876055896));
#9534=CARTESIAN_POINT('',(-0.0371869837355345,0.0558022049623211,-0.0194744954594384));
#9535=CARTESIAN_POINT('',(-0.0369859449821392,0.0558022049623211,-0.0195491585479367));
#9536=CARTESIAN_POINT('',(-0.0365843148769707,0.0558022049623211,-0.0196959426728708));
#9537=CARTESIAN_POINT('',(-0.0363838224634229,0.0558022049623211,-0.0197680251632172));
#9538=CARTESIAN_POINT('',(-0.0357828269263294,0.0558022049623211,-0.0199823056056845));
#9539=CARTESIAN_POINT('',(-0.0353829064841771,0.0558022049623211,-0.0201225023734322));
#9540=CARTESIAN_POINT('',(-0.0345813290287438,0.0558022049623211,-0.0204082426034932));
#9541=CARTESIAN_POINT('',(-0.0341803399973224,0.0558022049623211,-0.0205511859726416));
#9542=CARTESIAN_POINT('',(-0.0333785622381828,0.0558022049623211,-0.0208369994568215));
#9543=CARTESIAN_POINT('',(-0.0329776733586146,0.0558022049623211,-0.0209799061989103));
#9544=CARTESIAN_POINT('',(-0.0317750067199052,0.0558022049623211,-0.0214086264251802));
#9545=CARTESIAN_POINT('',(-0.0309732289607675,0.0558022049623211,-0.0216944399093624));
#9546=CARTESIAN_POINT('',(-0.029011792644059,0.0558022049623211,-0.0223936423270864));
#9547=CARTESIAN_POINT('',(-0.0278521340864883,0.0558022049623211,-0.0228070312606397));
#9548=CARTESIAN_POINT('',(-0.0266924755289178,0.0558022049623211,-0.0232204201941945));
#9549=CARTESIAN_POINT('',(-0.0266822741516423,0.0558325865453636,0.0231918025329176));
#9550=CARTESIAN_POINT('',(-0.0274410438300866,0.0558325865453636,0.0229213203398197));
#9551=CARTESIAN_POINT('',(-0.0281998135085313,0.0558325865453636,0.0226508381467211));
#9552=CARTESIAN_POINT('',(-0.0303616942611639,0.0558325865453636,0.0218801823551008));
#9553=CARTESIAN_POINT('',(-0.0317648053353489,0.0558325865453636,0.0213800087565805));
#9554=CARTESIAN_POINT('',(-0.0338694719466114,0.0558325865453636,0.0206297483588007));
#9555=CARTESIAN_POINT('',(-0.034571533498302,0.0558325865453636,0.0203783010245626));
#9556=CARTESIAN_POINT('',(-0.0356228096307193,0.0558325865453636,0.0200058716341294));
#9557=CARTESIAN_POINT('',(-0.0359728977429522,0.0558325865453636,0.0198827495510494));
#9558=CARTESIAN_POINT('',(-0.0364988407549994,0.0558325865453636,0.0196943455295919));
#9559=CARTESIAN_POINT('',(-0.036674290133451,0.0558325865453636,0.0196309240096625));
#9560=CARTESIAN_POINT('',(-0.0370256772541996,0.0558325865453636,0.0195019648658102));
#9561=CARTESIAN_POINT('',(-0.0372015716601487,0.0558325865453636,0.0194364445356028));
#9562=CARTESIAN_POINT('',(-0.0375290491179125,0.0558325865453636,0.0193119214137384));
#9563=CARTESIAN_POINT('',(-0.0376806031714822,0.0558325865453636,0.0192526159329237));
#9564=CARTESIAN_POINT('',(-0.0379839389001469,0.0558325865453636,0.0191302772037153));
#9565=CARTESIAN_POINT('',(-0.0381357575617105,0.0558325865453636,0.0190672305925347));
#9566=CARTESIAN_POINT('',(-0.0385911083559336,0.0558325865453636,0.0188722467784738));
#9567=CARTESIAN_POINT('',(-0.038894535336682,0.0558325865453636,0.0187344656429171));
#9568=CARTESIAN_POINT('',(-0.0397999341016548,0.0558325865453636,0.0182960469125181));
#9569=CARTESIAN_POINT('',(-0.0403959850536635,0.0558325865453636,0.0179694867623518));
#9570=CARTESIAN_POINT('',(-0.0421505327027297,0.0558325865453636,0.0168906058287437));
#9571=CARTESIAN_POINT('',(-0.0432741188774806,0.0558325865453636,0.0160394417298764));
#9572=CARTESIAN_POINT('',(-0.0456899166717191,0.0558325865453636,0.0137712116907806));
#9573=CARTESIAN_POINT('',(-0.046910743302979,0.0558325865453636,0.0122610903912233));
#9574=CARTESIAN_POINT('',(-0.0488805233869578,0.0558325865453636,0.00897070754109889));
#9575=CARTESIAN_POINT('',(-0.0496281345460345,0.0558325865453636,0.00719319939805356));
#9576=CARTESIAN_POINT('',(-0.0506026317468259,0.0558325865453636,0.00358525750528379));
#9577=CARTESIAN_POINT('',(-0.050830381583627,0.0558325865453636,0.00175748868239648));
#9578=CARTESIAN_POINT('',(-0.050830381582458,0.0558325865453636,-0.00175748868673034));
#9579=CARTESIAN_POINT('',(-0.0506026317432971,0.0558325865453636,-0.00358525751423183));
#9580=CARTESIAN_POINT('',(-0.0496281345350597,0.0558325865453636,-0.00719319941527878));
#9581=CARTESIAN_POINT('',(-0.0488805233708835,0.0558325865453636,-0.00897070756195914));
#9582=CARTESIAN_POINT('',(-0.0469107432748267,0.0558325865453636,-0.0122610904167159));
#9583=CARTESIAN_POINT('',(-0.045689916636589,0.0558325865453636,-0.0137712117172774));
#9584=CARTESIAN_POINT('',(-0.0436192328024223,0.0558325865453636,-0.0157154088926229));
#9585=CARTESIAN_POINT('',(-0.0428897850959787,0.0558325865453636,-0.0163097240612788));
#9586=CARTESIAN_POINT('',(-0.041377417427484,0.0558325865453636,-0.0173843585347334));
#9587=CARTESIAN_POINT('',(-0.0405945369008941,0.0558325865453636,-0.0178646571956352));
#9588=CARTESIAN_POINT('',(-0.0393987165836136,0.0558325865453636,-0.0184947727969651));
#9589=CARTESIAN_POINT('',(-0.0389954177587975,0.0558325865453636,-0.018689299452823));
#9590=CARTESIAN_POINT('',(-0.0383888008163576,0.0558325865453636,-0.0189597930156812));
#9591=CARTESIAN_POINT('',(-0.0381863125391566,0.0558325865453636,-0.0190464105506381));
#9592=CARTESIAN_POINT('',(-0.0377816518870472,0.0558325865453636,-0.0192128871462814));
#9593=CARTESIAN_POINT('',(-0.0375794301951494,0.0558325865453636,-0.0192927640236996));
#9594=CARTESIAN_POINT('',(-0.0371763810153343,0.0558325865453636,-0.0194460232496259));
#9595=CARTESIAN_POINT('',(-0.0369754164719288,0.0558325865453636,-0.019520659384715));
#9596=CARTESIAN_POINT('',(-0.0365739855514648,0.0558325865453636,-0.0196673707134305));
#9597=CARTESIAN_POINT('',(-0.036373568702285,0.0558325865453636,-0.0197394261448278));
#9598=CARTESIAN_POINT('',(-0.035772724868578,0.0558325865453636,-0.0199536524985918));
#9599=CARTESIAN_POINT('',(-0.0353727549176266,0.0558325865453636,-0.0200938669220021));
#9600=CARTESIAN_POINT('',(-0.0345710776507891,0.0558325865453636,-0.0203796427318422));
#9601=CARTESIAN_POINT('',(-0.0341701385250698,0.0558325865453636,-0.020522568311101));
#9602=CARTESIAN_POINT('',(-0.0333683607659302,0.0558325865453636,-0.0208083817952809));
#9603=CARTESIAN_POINT('',(-0.032967471886362,0.0558325865453636,-0.0209512885373698));
#9604=CARTESIAN_POINT('',(-0.0317648052476526,0.0558325865453636,-0.0213800087636397));
#9605=CARTESIAN_POINT('',(-0.0309630274885149,0.0558325865453636,-0.0216658222478218));
#9606=CARTESIAN_POINT('',(-0.0290015911718065,0.0558325865453636,-0.0223650246655459));
#9607=CARTESIAN_POINT('',(-0.0278419326142357,0.0558325865453636,-0.0227784135990991));
#9608=CARTESIAN_POINT('',(-0.0266822740566652,0.0558325865453636,-0.0231918025326539));
#9609=CARTESIAN_POINT('',(-0.0266720726793592,0.0558629681284061,0.023163184871388));
#9610=CARTESIAN_POINT('',(-0.0274308423578035,0.0558629681284061,0.02289270267829));
#9611=CARTESIAN_POINT('',(-0.0281896120362482,0.0558629681284061,0.0226222204851915));
#9612=CARTESIAN_POINT('',(-0.0303514927888807,0.0558629681284061,0.0218515646935712));
#9613=CARTESIAN_POINT('',(-0.0317546038630659,0.0558629681284061,0.0213513910950508));
#9614=CARTESIAN_POINT('',(-0.0338592704743282,0.0558629681284061,0.020601130697271));
#9615=CARTESIAN_POINT('',(-0.0345613009653306,0.0558629681284061,0.0203496943046366));
#9616=CARTESIAN_POINT('',(-0.0356127079715343,0.0558629681284061,0.0199772185503189));
#9617=CARTESIAN_POINT('',(-0.0359627621993898,0.0558629681284061,0.0198541082337328));
#9618=CARTESIAN_POINT('',(-0.0364885398491199,0.0558629681284061,0.0196657634485902));
#9619=CARTESIAN_POINT('',(-0.0366639151164962,0.0558629681284061,0.0196023686372669));
#9620=CARTESIAN_POINT('',(-0.0370151174987765,0.0558629681284061,0.0194734772924703));
#9621=CARTESIAN_POINT('',(-0.0371909445108387,0.0558629681284061,0.0194079816150581));
#9622=CARTESIAN_POINT('',(-0.0375181043909576,0.0558629681284061,0.019283579253385));
#9623=CARTESIAN_POINT('',(-0.0376694328426224,0.0558629681284061,0.0192243615904087));
#9624=CARTESIAN_POINT('',(-0.037972381584722,0.0558629681284061,0.0191021789372583));
#9625=CARTESIAN_POINT('',(-0.0381240017887568,0.0558629681284061,0.0190392146793609));
#9626=CARTESIAN_POINT('',(-0.0385787421148144,0.0558629681284061,0.0188444922712603));
#9627=CARTESIAN_POINT('',(-0.0388817419553384,0.0558629681284061,0.018706904488368));
#9628=CARTESIAN_POINT('',(-0.0397857980940719,0.0558629681284061,0.0182691358941475));
#9629=CARTESIAN_POINT('',(-0.040380928864193,0.0558629681284061,0.0179430790814686));
#9630=CARTESIAN_POINT('',(-0.0421329033395005,0.0558629681284061,0.016865780406459));
#9631=CARTESIAN_POINT('',(-0.0432548710990381,0.0558629681284061,0.0160158393339585));
#9632=CARTESIAN_POINT('',(-0.0456670566248893,0.0558629681284061,0.0137510009100735));
#9633=CARTESIAN_POINT('',(-0.0468861499149502,0.0558629681284061,0.01224302266748));
#9634=CARTESIAN_POINT('',(-0.0488529817111277,0.0558629681284061,0.00895756473025681));
#9635=CARTESIAN_POINT('',(-0.0495995318221982,0.0558629681284061,0.00718258263791364));
#9636=CARTESIAN_POINT('',(-0.0505725733859519,0.0558629681284061,0.00358003003955797));
#9637=CARTESIAN_POINT('',(-0.0508000000005845,0.0558629681284061,0.00175486374092587));
#9638=CARTESIAN_POINT('',(-0.0507999999994155,0.0558629681284061,-0.00175486374525327));
#9639=CARTESIAN_POINT('',(-0.0505725733824246,0.0558629681284061,-0.0035800300484931));
#9640=CARTESIAN_POINT('',(-0.0495995318112326,0.0558629681284061,-0.0071825826551119));
#9641=CARTESIAN_POINT('',(-0.0488529816950681,0.0558629681284061,-0.00895756475108455));
#9642=CARTESIAN_POINT('',(-0.0468861498868274,0.0558629681284061,-0.0122430226929311));
#9643=CARTESIAN_POINT('',(-0.045667056589797,0.0558629681284061,-0.0137510009365266));
#9644=CARTESIAN_POINT('',(-0.0435994689856906,0.0558629681284061,-0.0156922910131191));
#9645=CARTESIAN_POINT('',(-0.0428710846144934,0.0558629681284061,-0.0162857415214129));
#9646=CARTESIAN_POINT('',(-0.0413609221995587,0.0558629681284061,-0.0173588090204145));
#9647=CARTESIAN_POINT('',(-0.0405791448854083,0.0558629681284061,-0.0178384263712672));
#9648=CARTESIAN_POINT('',(-0.0393851679477496,0.0558629681284061,-0.0184675706392646));
#9649=CARTESIAN_POINT('',(-0.0389824842079871,0.0558629681284061,-0.0186618014421123));
#9650=CARTESIAN_POINT('',(-0.0383767081454519,0.0558629681284061,-0.018931920052366));
#9651=CARTESIAN_POINT('',(-0.0381744911533339,0.0558629681284061,-0.0190184216967719));
#9652=CARTESIAN_POINT('',(-0.0377703553280865,0.0558629681284061,-0.0191846823796763));
#9653=CARTESIAN_POINT('',(-0.0375684366101664,0.0558629681284061,-0.0192644404418096));
#9654=CARTESIAN_POINT('',(-0.0371657782951341,0.0558629681284061,-0.0194175510398134));
#9655=CARTESIAN_POINT('',(-0.0369648879617183,0.0558629681284061,-0.0194921602214933));
#9656=CARTESIAN_POINT('',(-0.036563656225959,0.0558629681284061,-0.0196387987539901));
#9657=CARTESIAN_POINT('',(-0.0363633149411471,0.0558629681284061,-0.0197108271264383));
#9658=CARTESIAN_POINT('',(-0.0357626228108265,0.0558629681284061,-0.0199249993914991));
#9659=CARTESIAN_POINT('',(-0.0353626033510762,0.0558629681284061,-0.0200652314705719));
#9660=CARTESIAN_POINT('',(-0.0345608262728344,0.0558629681284061,-0.0203510428601913));
#9661=CARTESIAN_POINT('',(-0.0341599370528173,0.0558629681284061,-0.0204939506495605));
#9662=CARTESIAN_POINT('',(-0.0333581592936776,0.0558629681284061,-0.0207797641337404));
#9663=CARTESIAN_POINT('',(-0.0329572704141095,0.0558629681284061,-0.0209226708758293));
#9664=CARTESIAN_POINT('',(-0.0317546037754,0.0558629681284061,-0.0213513911020991));
#9665=CARTESIAN_POINT('',(-0.0309528260162623,0.0558629681284061,-0.0216372045862813));
#9666=CARTESIAN_POINT('',(-0.0289913896995539,0.0558629681284061,-0.0223364070040054));
#9667=CARTESIAN_POINT('',(-0.0278317311419831,0.0558629681284061,-0.0227497959375586));
#9668=CARTESIAN_POINT('',(-0.0266720725844126,0.0558629681284061,-0.0231631848711133));
#9669=CARTESIAN_POINT('',(-0.0246719835895232,0.061819546854389,0.017552438597359));
#9670=CARTESIAN_POINT('',(-0.0254307532679672,0.061819546854389,0.0172819564042601));
#9671=CARTESIAN_POINT('',(-0.0261895229464117,0.061819546854389,0.0170114742111608));
#9672=CARTESIAN_POINT('',(-0.0283514036990442,0.061819546854389,0.0162408184195405));
#9673=CARTESIAN_POINT('',(-0.0297545147732526,0.061819546854389,0.0157406448210098));
#9674=CARTESIAN_POINT('',(-0.03185918138448,0.061819546854389,0.0149903844232455));
#9675=CARTESIAN_POINT('',(-0.0325551221521654,0.061819546854389,0.0147410932290095));
#9676=CARTESIAN_POINT('',(-0.0336321881245539,0.061819546854389,0.0143595274240767));
#9677=CARTESIAN_POINT('',(-0.0339755990197739,0.061819546854389,0.014238724032916));
#9678=CARTESIAN_POINT('',(-0.0344689559211078,0.061819546854389,0.0140619930525243));
#9679=CARTESIAN_POINT('',(-0.0346298010550913,0.061819546854389,0.0140038347002518));
#9680=CARTESIAN_POINT('',(-0.0349447838227293,0.061819546854389,0.0138882359614531));
#9681=CARTESIAN_POINT('',(-0.0351073976657396,0.061819546854389,0.0138275736831013));
#9682=CARTESIAN_POINT('',(-0.0353722936328432,0.061819546854389,0.0137268474276258));
#9683=CARTESIAN_POINT('',(-0.0354793908308269,0.061819546854389,0.0136848472304868));
#9684=CARTESIAN_POINT('',(-0.0357064674257074,0.061819546854389,0.0135932646722967));
#9685=CARTESIAN_POINT('',(-0.0358191782716341,0.061819546854389,0.0135464465057508));
#9686=CARTESIAN_POINT('',(-0.0361542309013014,0.061819546854389,0.0134029750538579));
#9687=CARTESIAN_POINT('',(-0.0363734861136777,0.061819546854389,0.0133032957751293));
#9688=CARTESIAN_POINT('',(-0.0370143084741822,0.061819546854389,0.0129929921429771));
#9689=CARTESIAN_POINT('',(-0.0374290294266777,0.061819546854389,0.0127656191073929));
#9690=CARTESIAN_POINT('',(-0.0386765103721953,0.061819546854389,0.0119985362593129));
#9691=CARTESIAN_POINT('',(-0.0394811734799003,0.061819546854389,0.0113883803496803));
#9692=CARTESIAN_POINT('',(-0.0411851417611633,0.061819546854389,0.00978849815875371));
#9693=CARTESIAN_POINT('',(-0.0420643981409538,0.061819546854389,0.00870068523476292));
#9694=CARTESIAN_POINT('',(-0.0434531919734504,0.061819546854389,0.0063808001373122));
#9695=CARTESIAN_POINT('',(-0.0439917142153836,0.061819546854389,0.00510107268170608));
#9696=CARTESIAN_POINT('',(-0.0446793652318754,0.061819546854389,0.00255513903603007));
#9697=CARTESIAN_POINT('',(-0.0448434212746016,0.061819546854389,0.00124022069224466));
#9698=CARTESIAN_POINT('',(-0.0448434212734326,0.061819546854389,-0.00124022069530298));
#9699=CARTESIAN_POINT('',(-0.044679365228643,0.061819546854389,-0.00255513904243306));
#9700=CARTESIAN_POINT('',(-0.0439917142062345,0.061819546854389,-0.00510107269361882));
#9701=CARTESIAN_POINT('',(-0.0434531919602752,0.061819546854389,-0.00638080015176702));
#9702=CARTESIAN_POINT('',(-0.0420643981186182,0.061819546854389,-0.00870068525210154));
#9703=CARTESIAN_POINT('',(-0.0411851417334925,0.061819546854389,-0.00978849817662381));
#9704=CARTESIAN_POINT('',(-0.0397245974846436,0.061819546854389,-0.0111598257676606));
#9705=CARTESIAN_POINT('',(-0.0392046894162803,0.061819546854389,-0.0115837519456782));
#9706=CARTESIAN_POINT('',(-0.0381268865141102,0.061819546854389,-0.0123496002100005));
#9707=CARTESIAN_POINT('',(-0.0375614037800654,0.061819546854389,-0.0126956406850511));
#9708=CARTESIAN_POINT('',(-0.0367288377611163,0.061819546854389,-0.0131343464411322));
#9709=CARTESIAN_POINT('',(-0.0364467468996155,0.061819546854389,-0.0132705726382274));
#9710=CARTESIAN_POINT('',(-0.0360058327978228,0.061819546854389,-0.0134671784659566));
#9711=CARTESIAN_POINT('',(-0.0358568036515224,0.061819546854389,-0.0135309587403257));
#9712=CARTESIAN_POINT('',(-0.0355555647858151,0.061819546854389,-0.0136548878164294));
#9713=CARTESIAN_POINT('',(-0.0354130468024646,0.061819546854389,-0.0137113510885202));
#9714=CARTESIAN_POINT('',(-0.035087020993595,0.061819546854389,-0.0138353218645363));
#9715=CARTESIAN_POINT('',(-0.0349006801866255,0.061819546854389,-0.0139046465913754));
#9716=CARTESIAN_POINT('',(-0.0345385003782189,0.061819546854389,-0.0140370127797726));
#9717=CARTESIAN_POINT('',(-0.0343529741577211,0.061819546854389,-0.0141037360053328));
#9718=CARTESIAN_POINT('',(-0.0337820248213594,0.061819546854389,-0.0143073037005622));
#9719=CARTESIAN_POINT('',(-0.0333722987226006,0.061819546854389,-0.0144509973288195));
#9720=CARTESIAN_POINT('',(-0.03255095273361,0.061819546854389,-0.0147437844496143));
#9721=CARTESIAN_POINT('',(-0.0321598479689702,0.061819546854389,-0.0148832043733958));
#9722=CARTESIAN_POINT('',(-0.0313580702098247,0.061819546854389,-0.0151690178575757));
#9723=CARTESIAN_POINT('',(-0.0309571813302609,0.061819546854389,-0.0153119245996645));
#9724=CARTESIAN_POINT('',(-0.0297545146915471,0.061819546854389,-0.0157406448259344));
#9725=CARTESIAN_POINT('',(-0.0289527369324123,0.061819546854389,-0.0160264583101166));
#9726=CARTESIAN_POINT('',(-0.0269913006157039,0.061819546854389,-0.0167256607278407));
#9727=CARTESIAN_POINT('',(-0.0258316420581319,0.061819546854389,-0.0171390496613905));
#9728=CARTESIAN_POINT('',(-0.0246719835005603,0.061819546854389,-0.0175524385949421));
#9729=CARTESIAN_POINT('',(-0.0246719835895229,0.070243421274017,0.017552438597358));
#9730=CARTESIAN_POINT('',(-0.025430753267967,0.070243421274017,0.0172819564042597));
#9731=CARTESIAN_POINT('',(-0.0261895229464117,0.070243421274017,0.0170114742111608));
#9732=CARTESIAN_POINT('',(-0.0283514036990442,0.070243421274017,0.0162408184195405));
#9733=CARTESIAN_POINT('',(-0.0297545147732526,0.070243421274017,0.0157406448210098));
#9734=CARTESIAN_POINT('',(-0.03185918138448,0.070243421274017,0.0149903844232455));
#9735=CARTESIAN_POINT('',(-0.032555122152168,0.070243421274017,0.0147410932290095));
#9736=CARTESIAN_POINT('',(-0.0336321881245526,0.070243421274017,0.0143595274240767));
#9737=CARTESIAN_POINT('',(-0.0339755990197739,0.070243421274017,0.014238724032916));
#9738=CARTESIAN_POINT('',(-0.0344689559211078,0.070243421274017,0.0140619930525243));
#9739=CARTESIAN_POINT('',(-0.0346298010550913,0.070243421274017,0.0140038347002518));
#9740=CARTESIAN_POINT('',(-0.0349447838227293,0.070243421274017,0.0138882359614531));
#9741=CARTESIAN_POINT('',(-0.0351073976657396,0.070243421274017,0.0138275736831013));
#9742=CARTESIAN_POINT('',(-0.0353722936328432,0.070243421274017,0.0137268474276258));
#9743=CARTESIAN_POINT('',(-0.0354793908308269,0.070243421274017,0.0136848472304868));
#9744=CARTESIAN_POINT('',(-0.0357064674257074,0.070243421274017,0.0135932646722967));
#9745=CARTESIAN_POINT('',(-0.0358191782716341,0.070243421274017,0.0135464465057508));
#9746=CARTESIAN_POINT('',(-0.0361542309013014,0.070243421274017,0.0134029750538579));
#9747=CARTESIAN_POINT('',(-0.0363734861136777,0.070243421274017,0.0133032957751293));
#9748=CARTESIAN_POINT('',(-0.0370143084741822,0.070243421274017,0.0129929921429771));
#9749=CARTESIAN_POINT('',(-0.0374290294266777,0.070243421274017,0.0127656191073929));
#9750=CARTESIAN_POINT('',(-0.0386765103721953,0.070243421274017,0.0119985362593129));
#9751=CARTESIAN_POINT('',(-0.0394811734799052,0.070243421274017,0.0113883803496803));
#9752=CARTESIAN_POINT('',(-0.0411851417611568,0.070243421274017,0.00978849815875371));
#9753=CARTESIAN_POINT('',(-0.0420643981409538,0.070243421274017,0.00870068523476292));
#9754=CARTESIAN_POINT('',(-0.0434531919734504,0.070243421274017,0.00638080013731221));
#9755=CARTESIAN_POINT('',(-0.0439917142153836,0.070243421274017,0.00510107268170608));
#9756=CARTESIAN_POINT('',(-0.0446793652318754,0.070243421274017,0.00255513903603007));
#9757=CARTESIAN_POINT('',(-0.0448434212746016,0.070243421274017,0.00124022069224466));
#9758=CARTESIAN_POINT('',(-0.0448434212734326,0.070243421274017,-0.00124022069530298));
#9759=CARTESIAN_POINT('',(-0.044679365228643,0.070243421274017,-0.00255513904243306));
#9760=CARTESIAN_POINT('',(-0.0439917142062345,0.070243421274017,-0.00510107269361882));
#9761=CARTESIAN_POINT('',(-0.0434531919602752,0.070243421274017,-0.00638080015176702));
#9762=CARTESIAN_POINT('',(-0.0420643981186182,0.070243421274017,-0.00870068525210154));
#9763=CARTESIAN_POINT('',(-0.0411851417334991,0.070243421274017,-0.00978849817662381));
#9764=CARTESIAN_POINT('',(-0.0397245974846403,0.070243421274017,-0.0111598257676606));
#9765=CARTESIAN_POINT('',(-0.0392046894162803,0.070243421274017,-0.0115837519456782));
#9766=CARTESIAN_POINT('',(-0.0381268865141102,0.070243421274017,-0.0123496002100005));
#9767=CARTESIAN_POINT('',(-0.0375614037800654,0.070243421274017,-0.0126956406850511));
#9768=CARTESIAN_POINT('',(-0.0367288377611163,0.070243421274017,-0.0131343464411322));
#9769=CARTESIAN_POINT('',(-0.0364467468996155,0.070243421274017,-0.0132705726382274));
#9770=CARTESIAN_POINT('',(-0.0360058327978228,0.070243421274017,-0.0134671784659566));
#9771=CARTESIAN_POINT('',(-0.0358568036515224,0.070243421274017,-0.0135309587403257));
#9772=CARTESIAN_POINT('',(-0.0355555647858151,0.070243421274017,-0.0136548878164294));
#9773=CARTESIAN_POINT('',(-0.0354130468024646,0.070243421274017,-0.0137113510885202));
#9774=CARTESIAN_POINT('',(-0.035087020993595,0.070243421274017,-0.0138353218645363));
#9775=CARTESIAN_POINT('',(-0.0349006801866255,0.070243421274017,-0.0139046465913754));
#9776=CARTESIAN_POINT('',(-0.0345385003782189,0.070243421274017,-0.0140370127797726));
#9777=CARTESIAN_POINT('',(-0.0343529741577203,0.070243421274017,-0.0141037360053328));
#9778=CARTESIAN_POINT('',(-0.0337820248213609,0.070243421274017,-0.0143073037005622));
#9779=CARTESIAN_POINT('',(-0.0333722987226021,0.070243421274017,-0.0144509973288195));
#9780=CARTESIAN_POINT('',(-0.0325509527336085,0.070243421274017,-0.0147437844496143));
#9781=CARTESIAN_POINT('',(-0.0321598479689702,0.070243421274017,-0.0148832043733958));
#9782=CARTESIAN_POINT('',(-0.0313580702098247,0.070243421274017,-0.0151690178575757));
#9783=CARTESIAN_POINT('',(-0.0309571813302602,0.070243421274017,-0.0153119245996645));
#9784=CARTESIAN_POINT('',(-0.0297545146915485,0.070243421274017,-0.0157406448259344));
#9785=CARTESIAN_POINT('',(-0.0289527369324138,0.070243421274017,-0.0160264583101166));
#9786=CARTESIAN_POINT('',(-0.0269913006157018,0.070243421274017,-0.0167256607278407));
#9787=CARTESIAN_POINT('',(-0.0258316420581296,0.070243421274017,-0.01713904966139));
#9788=CARTESIAN_POINT('',(-0.0246719835005585,0.070243421274017,-0.0175524385949413));
#9789=CARTESIAN_POINT('',(-0.0266720726793592,0.0762,0.023163184871388));
#9790=CARTESIAN_POINT('',(-0.0274308423578035,0.0762,0.02289270267829));
#9791=CARTESIAN_POINT('',(-0.0281896120362483,0.0762,0.0226222204851915));
#9792=CARTESIAN_POINT('',(-0.0303514927888807,0.0762,0.0218515646935712));
#9793=CARTESIAN_POINT('',(-0.0317546038630659,0.0762,0.0213513910950508));
#9794=CARTESIAN_POINT('',(-0.0338592704743282,0.0762,0.020601130697271));
#9795=CARTESIAN_POINT('',(-0.034561300965328,0.0762,0.0203496943046366));
#9796=CARTESIAN_POINT('',(-0.0356127079715357,0.0762,0.0199772185503189));
#9797=CARTESIAN_POINT('',(-0.0359627621993898,0.0762,0.0198541082337328));
#9798=CARTESIAN_POINT('',(-0.0364885398491199,0.0762,0.0196657634485902));
#9799=CARTESIAN_POINT('',(-0.0366639151164962,0.0762,0.0196023686372669));
#9800=CARTESIAN_POINT('',(-0.0370151174987765,0.0762,0.0194734772924703));
#9801=CARTESIAN_POINT('',(-0.0371909445108387,0.0762,0.0194079816150581));
#9802=CARTESIAN_POINT('',(-0.0375181043909576,0.0762,0.019283579253385));
#9803=CARTESIAN_POINT('',(-0.0376694328426231,0.0762,0.0192243615904087));
#9804=CARTESIAN_POINT('',(-0.0379723815847214,0.0762,0.0191021789372583));
#9805=CARTESIAN_POINT('',(-0.0381240017887563,0.0762,0.0190392146793609));
#9806=CARTESIAN_POINT('',(-0.0385787421148156,0.0762,0.0188444922712603));
#9807=CARTESIAN_POINT('',(-0.0388817419553384,0.0762,0.018706904488368));
#9808=CARTESIAN_POINT('',(-0.0397857980940719,0.0762,0.0182691358941475));
#9809=CARTESIAN_POINT('',(-0.040380928864193,0.0762,0.0179430790814686));
#9810=CARTESIAN_POINT('',(-0.0421329033395005,0.0762,0.016865780406459));
#9811=CARTESIAN_POINT('',(-0.0432548710990381,0.0762,0.0160158393339585));
#9812=CARTESIAN_POINT('',(-0.0456670566248893,0.0762,0.0137510009100735));
#9813=CARTESIAN_POINT('',(-0.0468861499149502,0.0762,0.01224302266748));
#9814=CARTESIAN_POINT('',(-0.0488529817111277,0.0762,0.00895756473025682));
#9815=CARTESIAN_POINT('',(-0.0495995318221982,0.0762,0.00718258263791364));
#9816=CARTESIAN_POINT('',(-0.050572573385952,0.0762,0.00358003003955797));
#9817=CARTESIAN_POINT('',(-0.0508000000005845,0.0762,0.00175486374092587));
#9818=CARTESIAN_POINT('',(-0.0507999999994155,0.0762,-0.00175486374525327));
#9819=CARTESIAN_POINT('',(-0.0505725733824246,0.0762,-0.0035800300484931));
#9820=CARTESIAN_POINT('',(-0.0495995318112326,0.0762,-0.0071825826551119));
#9821=CARTESIAN_POINT('',(-0.0488529816950681,0.0762,-0.00895756475108455));
#9822=CARTESIAN_POINT('',(-0.0468861498868274,0.0762,-0.0122430226929311));
#9823=CARTESIAN_POINT('',(-0.045667056589797,0.0762,-0.0137510009365266));
#9824=CARTESIAN_POINT('',(-0.0435994689856906,0.0762,-0.0156922910131191));
#9825=CARTESIAN_POINT('',(-0.0428710846144934,0.0762,-0.0162857415214129));
#9826=CARTESIAN_POINT('',(-0.0413609221995587,0.0762,-0.0173588090204145));
#9827=CARTESIAN_POINT('',(-0.0405791448854083,0.0762,-0.0178384263712672));
#9828=CARTESIAN_POINT('',(-0.0393851679477495,0.0762,-0.0184675706392646));
#9829=CARTESIAN_POINT('',(-0.0389824842079856,0.0762,-0.0186618014421123));
#9830=CARTESIAN_POINT('',(-0.0383767081454526,0.0762,-0.018931920052366));
#9831=CARTESIAN_POINT('',(-0.0381744911533339,0.0762,-0.0190184216967719));
#9832=CARTESIAN_POINT('',(-0.0377703553280865,0.0762,-0.0191846823796763));
#9833=CARTESIAN_POINT('',(-0.0375684366101664,0.0762,-0.0192644404418096));
#9834=CARTESIAN_POINT('',(-0.0371657782951341,0.0762,-0.0194175510398134));
#9835=CARTESIAN_POINT('',(-0.0369648879617183,0.0762,-0.0194921602214933));
#9836=CARTESIAN_POINT('',(-0.036563656225959,0.0762,-0.0196387987539901));
#9837=CARTESIAN_POINT('',(-0.0363633149411464,0.0762,-0.0197108271264383));
#9838=CARTESIAN_POINT('',(-0.035762622810828,0.0762,-0.0199249993914991));
#9839=CARTESIAN_POINT('',(-0.0353626033510762,0.0762,-0.0200652314705719));
#9840=CARTESIAN_POINT('',(-0.0345608262728344,0.0762,-0.0203510428601913));
#9841=CARTESIAN_POINT('',(-0.0341599370528188,0.0762,-0.0204939506495605));
#9842=CARTESIAN_POINT('',(-0.0333581592936762,0.0762,-0.0207797641337404));
#9843=CARTESIAN_POINT('',(-0.0329572704141095,0.0762,-0.0209226708758293));
#9844=CARTESIAN_POINT('',(-0.0317546037754,0.0762,-0.0213513911020991));
#9845=CARTESIAN_POINT('',(-0.0309528260162623,0.0762,-0.0216372045862813));
#9846=CARTESIAN_POINT('',(-0.0289913896995539,0.0762,-0.0223364070040054));
#9847=CARTESIAN_POINT('',(-0.0278317311419831,0.0762,-0.0227497959375586));
#9848=CARTESIAN_POINT('',(-0.0266720725844126,0.0762,-0.0231631848711133));
#9849=CARTESIAN_POINT('',(-0.0205297152695893,0.0762,0.0253527798832064));
#9850=CARTESIAN_POINT('',(-0.0233359374179416,0.0762,0.0243524326860957));
#9851=CARTESIAN_POINT('',(-0.0261421595663175,0.0762,0.0233520854891229));
#9852=CARTESIAN_POINT('',(-0.0303514927888807,0.0762,0.0218515646935712));
#9853=CARTESIAN_POINT('',(-0.0317546038630659,0.0762,0.0213513910950508));
#9854=CARTESIAN_POINT('',(-0.0338592704743282,0.0762,0.020601130697271));
#9855=CARTESIAN_POINT('',(-0.034561300965328,0.0762,0.0203496943046366));
#9856=CARTESIAN_POINT('',(-0.0356127079715357,0.0762,0.0199772185503189));
#9857=CARTESIAN_POINT('',(-0.0359627621993898,0.0762,0.0198541082337328));
#9858=CARTESIAN_POINT('',(-0.0364885398491199,0.0762,0.0196657634485902));
#9859=CARTESIAN_POINT('',(-0.0366639151164962,0.0762,0.0196023686372669));
#9860=CARTESIAN_POINT('',(-0.0370151174987765,0.0762,0.0194734772924703));
#9861=CARTESIAN_POINT('',(-0.0371909445108387,0.0762,0.0194079816150581));
#9862=CARTESIAN_POINT('',(-0.0375181043909576,0.0762,0.019283579253385));
#9863=CARTESIAN_POINT('',(-0.0376694328426231,0.0762,0.0192243615904087));
#9864=CARTESIAN_POINT('',(-0.0379723815847214,0.0762,0.0191021789372583));
#9865=CARTESIAN_POINT('',(-0.0381240017887563,0.0762,0.0190392146793609));
#9866=CARTESIAN_POINT('',(-0.0385787421148156,0.0762,0.0188444922712603));
#9867=CARTESIAN_POINT('',(-0.0388817419553384,0.0762,0.018706904488368));
#9868=CARTESIAN_POINT('',(-0.0397857980940719,0.0762,0.0182691358941475));
#9869=CARTESIAN_POINT('',(-0.040380928864193,0.0762,0.0179430790814686));
#9870=CARTESIAN_POINT('',(-0.0421329033395005,0.0762,0.016865780406459));
#9871=CARTESIAN_POINT('',(-0.0432548710990381,0.0762,0.0160158393339585));
#9872=CARTESIAN_POINT('',(-0.0456670566248893,0.0762,0.0137510009100735));
#9873=CARTESIAN_POINT('',(-0.0468861499149502,0.0762,0.01224302266748));
#9874=CARTESIAN_POINT('',(-0.0488529817111277,0.0762,0.00895756473025682));
#9875=CARTESIAN_POINT('',(-0.0495995318221982,0.0762,0.00718258263791364));
#9876=CARTESIAN_POINT('',(-0.050572573385952,0.0762,0.00358003003955797));
#9877=CARTESIAN_POINT('',(-0.0508000000005845,0.0762,0.00175486374092587));
#9878=CARTESIAN_POINT('',(-0.0507999999994155,0.0762,-0.00175486374525327));
#9879=CARTESIAN_POINT('',(-0.0505725733824246,0.0762,-0.0035800300484931));
#9880=CARTESIAN_POINT('',(-0.0495995318112326,0.0762,-0.0071825826551119));
#9881=CARTESIAN_POINT('',(-0.0488529816950681,0.0762,-0.00895756475108455));
#9882=CARTESIAN_POINT('',(-0.0468861498868274,0.0762,-0.0122430226929311));
#9883=CARTESIAN_POINT('',(-0.045667056589797,0.0762,-0.0137510009365266));
#9884=CARTESIAN_POINT('',(-0.0435994689856906,0.0762,-0.0156922910131191));
#9885=CARTESIAN_POINT('',(-0.0428710846144934,0.0762,-0.0162857415214129));
#9886=CARTESIAN_POINT('',(-0.0413609221995587,0.0762,-0.0173588090204145));
#9887=CARTESIAN_POINT('',(-0.0405791448854083,0.0762,-0.0178384263712672));
#9888=CARTESIAN_POINT('',(-0.0393851679477495,0.0762,-0.0184675706392646));
#9889=CARTESIAN_POINT('',(-0.0389824842079856,0.0762,-0.0186618014421123));
#9890=CARTESIAN_POINT('',(-0.0383767081454526,0.0762,-0.018931920052366));
#9891=CARTESIAN_POINT('',(-0.0381744911533339,0.0762,-0.0190184216967719));
#9892=CARTESIAN_POINT('',(-0.0377703553280865,0.0762,-0.0191846823796763));
#9893=CARTESIAN_POINT('',(-0.0375684366101664,0.0762,-0.0192644404418096));
#9894=CARTESIAN_POINT('',(-0.0371657782951341,0.0762,-0.0194175510398134));
#9895=CARTESIAN_POINT('',(-0.0369648879617183,0.0762,-0.0194921602214933));
#9896=CARTESIAN_POINT('',(-0.036563656225959,0.0762,-0.0196387987539901));
#9897=CARTESIAN_POINT('',(-0.0363633149411464,0.0762,-0.0197108271264383));
#9898=CARTESIAN_POINT('',(-0.035762622810828,0.0762,-0.0199249993914991));
#9899=CARTESIAN_POINT('',(-0.0353626033510762,0.0762,-0.0200652314705719));
#9900=CARTESIAN_POINT('',(-0.0345608262728344,0.0762,-0.0203510428601913));
#9901=CARTESIAN_POINT('',(-0.0341599370528188,0.0762,-0.0204939506495605));
#9902=CARTESIAN_POINT('',(-0.0333581592936762,0.0762,-0.0207797641337404));
#9903=CARTESIAN_POINT('',(-0.0329572704141095,0.0762,-0.0209226708758293));
#9904=CARTESIAN_POINT('',(-0.0317546037754,0.0762,-0.0213513911020991));
#9905=CARTESIAN_POINT('',(-0.0309528260162623,0.0762,-0.0216372045862813));
#9906=CARTESIAN_POINT('',(-0.0269439372205716,0.0762,-0.0230662720071587));
#9907=CARTESIAN_POINT('',(-0.0237368261840151,0.0762,-0.0242095259438961));
#9908=CARTESIAN_POINT('',(-0.0205297151474706,0.0762,-0.0253527798806041));
#9909=CARTESIAN_POINT('',(-0.0508,0.0762,0.01905));
#9910=CARTESIAN_POINT('',(-0.0492613137134225,-0.045320603085634,0.00699520935089504));
#9911=CARTESIAN_POINT('',(-0.00812918949004657,0.086995,-2.52147975820705E-33));
#9912=CARTESIAN_POINT('',(-0.00812918949004657,0.086995,-2.52147975820705E-33));
#9913=CARTESIAN_POINT('',(-0.00812918949004657,0.086995,-0.001905));
#9914=CARTESIAN_POINT('',(-0.0114959696404454,0.0855005803893581,-0.0014915484409951));
#9915=CARTESIAN_POINT('',(-0.0115945129491316,0.0869953650733271,-0.00211161255689889));
#9916=CARTESIAN_POINT('',(-0.0114960906288578,0.0884879593173334,-0.00149200133140935));
#9917=CARTESIAN_POINT('',(-0.0113987462041856,0.0891058984511308,-1.7422478751421E-6));
#9918=CARTESIAN_POINT('',(-0.0114960617389307,0.0884884450869635,0.00149257138832773));
#9919=CARTESIAN_POINT('',(-0.0115944306627503,0.0869954638026323,0.00211077406124287));
#9920=CARTESIAN_POINT('',(-0.0114963275625518,0.085504038344119,0.00149433154326198));
#9921=CARTESIAN_POINT('',(-0.0113987100849856,0.0848838464215086,1.81706658661292E-6));
#9922=CARTESIAN_POINT('',(-0.0114959696404454,0.0855005803893581,-0.0014915484409951));
#9923=CARTESIAN_POINT('',(-0.0115945129491316,0.0869953650733271,-0.00211161255689889));
#9924=CARTESIAN_POINT('',(-0.0114960906288578,0.0884879593173334,-0.00149200133140935));
#9925=CARTESIAN_POINT('',(-0.0115616853443049,0.086995,-0.001905));
#9926=CARTESIAN_POINT('',(-0.00812918949004657,0.086995,-2.52147975820705E-33));
#9927=CARTESIAN_POINT('',(-0.0254011894900465,0.09144,3.33066907387546E-17));
#9928=CARTESIAN_POINT('',(-0.0492613137134225,-0.045320603085634,0.00699520935089504));
#9929=CARTESIAN_POINT('',(0.,0.,0.));
#9930=MECHANICAL_DESIGN_GEOMETRIC_PRESENTATION_REPRESENTATION('',(#1229,
#1230,#1231,#1232,#10,#11,#12,#13,#14,#1233),#9931);
#9931=(
GEOMETRIC_REPRESENTATION_CONTEXT(3)
GLOBAL_UNCERTAINTY_ASSIGNED_CONTEXT((#9939))
GLOBAL_UNIT_ASSIGNED_CONTEXT((#9949,#9948,#9947))
REPRESENTATION_CONTEXT('Bottle Assembly','TOP_LEVEL_ASSEMBLY_PART')
);
#9932=(
GEOMETRIC_REPRESENTATION_CONTEXT(3)
GLOBAL_UNCERTAINTY_ASSIGNED_CONTEXT((#9940))
GLOBAL_UNIT_ASSIGNED_CONTEXT((#9949,#9948,#9947))
REPRESENTATION_CONTEXT('Bottle project(cap)-1 (2) <1>','COMPONENT_PART')
);
#9933=(
GEOMETRIC_REPRESENTATION_CONTEXT(3)
GLOBAL_UNCERTAINTY_ASSIGNED_CONTEXT((#9941))
GLOBAL_UNIT_ASSIGNED_CONTEXT((#9949,#9948,#9947))
REPRESENTATION_CONTEXT('Bottle project(cap)-1','COMPONENT_PART')
);
#9934=(
GEOMETRIC_REPRESENTATION_CONTEXT(3)
GLOBAL_UNCERTAINTY_ASSIGNED_CONTEXT((#9942))
GLOBAL_UNIT_ASSIGNED_CONTEXT((#9949,#9948,#9947))
REPRESENTATION_CONTEXT('Bottle project(cap)-1','COMPONENT_PART')
);
#9935=(
GEOMETRIC_REPRESENTATION_CONTEXT(3)
GLOBAL_UNCERTAINTY_ASSIGNED_CONTEXT((#9943))
GLOBAL_UNIT_ASSIGNED_CONTEXT((#9949,#9948,#9947))
REPRESENTATION_CONTEXT('Bottle project(Bottle)-1 (3) <1>',
'COMPONENT_PART')
);
#9936=(
GEOMETRIC_REPRESENTATION_CONTEXT(3)
GLOBAL_UNCERTAINTY_ASSIGNED_CONTEXT((#9944))
GLOBAL_UNIT_ASSIGNED_CONTEXT((#9949,#9948,#9947))
REPRESENTATION_CONTEXT('Bottle project(Bottle)-1','COMPONENT_PART')
);
#9937=(
GEOMETRIC_REPRESENTATION_CONTEXT(3)
GLOBAL_UNCERTAINTY_ASSIGNED_CONTEXT((#9945))
GLOBAL_UNIT_ASSIGNED_CONTEXT((#9949,#9948,#9947))
REPRESENTATION_CONTEXT('Bottle project(Bottle)-1','COMPONENT_PART')
);
#9938=(
GEOMETRIC_REPRESENTATION_CONTEXT(3)
GLOBAL_UNCERTAINTY_ASSIGNED_CONTEXT((#9946))
GLOBAL_UNIT_ASSIGNED_CONTEXT((#9949,#9948,#9947))
REPRESENTATION_CONTEXT('Bottle project(Bottle)-1','COMPONENT_PART')
);
#9939=UNCERTAINTY_MEASURE_WITH_UNIT(LENGTH_MEASURE(1.E-8),#9949,
'DISTANCE_ACCURACY_VALUE','Maximum Tolerance applied to model');
#9940=UNCERTAINTY_MEASURE_WITH_UNIT(LENGTH_MEASURE(1.E-8),#9949,
'DISTANCE_ACCURACY_VALUE','Maximum Tolerance applied to model');
#9941=UNCERTAINTY_MEASURE_WITH_UNIT(LENGTH_MEASURE(2.E-5),#9949,
'DISTANCE_ACCURACY_VALUE','Maximum Tolerance applied to model');
#9942=UNCERTAINTY_MEASURE_WITH_UNIT(LENGTH_MEASURE(2.E-5),#9949,
'DISTANCE_ACCURACY_VALUE','Maximum Tolerance applied to model');
#9943=UNCERTAINTY_MEASURE_WITH_UNIT(LENGTH_MEASURE(1.E-8),#9949,
'DISTANCE_ACCURACY_VALUE','Maximum Tolerance applied to model');
#9944=UNCERTAINTY_MEASURE_WITH_UNIT(LENGTH_MEASURE(2.E-5),#9949,
'DISTANCE_ACCURACY_VALUE','Maximum Tolerance applied to model');
#9945=UNCERTAINTY_MEASURE_WITH_UNIT(LENGTH_MEASURE(2.43228307206309E-5),
#9949,'DISTANCE_ACCURACY_VALUE','Maximum Tolerance applied to model');
#9946=UNCERTAINTY_MEASURE_WITH_UNIT(LENGTH_MEASURE(2.E-5),#9949,
'DISTANCE_ACCURACY_VALUE','Maximum Tolerance applied to model');
#9947=(
NAMED_UNIT(*)
SI_UNIT($,.STERADIAN.)
SOLID_ANGLE_UNIT()
);
#9948=(
NAMED_UNIT(*)
PLANE_ANGLE_UNIT()
SI_UNIT($,.RADIAN.)
);
#9949=(
LENGTH_UNIT()
NAMED_UNIT(*)
SI_UNIT($,.METRE.)
);
#9950=PRODUCT_DEFINITION_SHAPE('','',#9965);
#9951=PRODUCT_DEFINITION_SHAPE('','',#9966);
#9952=PRODUCT_DEFINITION_SHAPE('','',#9967);
#9953=PRODUCT_DEFINITION_SHAPE(' ','NAUO PRDDFN',#27);
#9954=PRODUCT_DEFINITION_SHAPE('','',#9968);
#9955=PRODUCT_DEFINITION_SHAPE(' ','NAUO PRDDFN',#28);
#9956=PRODUCT_DEFINITION_SHAPE(' ','NAUO PRDDFN',#29);
#9957=PRODUCT_DEFINITION_SHAPE('','',#9969);
#9958=PRODUCT_DEFINITION_SHAPE('','',#9970);
#9959=PRODUCT_DEFINITION_SHAPE(' ','NAUO PRDDFN',#30);
#9960=PRODUCT_DEFINITION_SHAPE('','',#9971);
#9961=PRODUCT_DEFINITION_SHAPE(' ','NAUO PRDDFN',#31);
#9962=PRODUCT_DEFINITION_SHAPE('','',#9972);
#9963=PRODUCT_DEFINITION_SHAPE(' ','NAUO PRDDFN',#32);
#9964=PRODUCT_DEFINITION_SHAPE(' ','NAUO PRDDFN',#33);
#9965=PRODUCT_DEFINITION('','',#9981,#9973);
#9966=PRODUCT_DEFINITION('','',#9982,#9974);
#9967=PRODUCT_DEFINITION('','',#9983,#9975);
#9968=PRODUCT_DEFINITION('','',#9984,#9976);
#9969=PRODUCT_DEFINITION('','',#9985,#9977);
#9970=PRODUCT_DEFINITION('','',#9986,#9978);
#9971=PRODUCT_DEFINITION('','',#9987,#9979);
#9972=PRODUCT_DEFINITION('','',#9988,#9980);
#9973=PRODUCT_DEFINITION_CONTEXT('',#10022,'design');
#9974=PRODUCT_DEFINITION_CONTEXT('',#10022,'design');
#9975=PRODUCT_DEFINITION_CONTEXT('',#10022,'design');
#9976=PRODUCT_DEFINITION_CONTEXT('',#10022,'design');
#9977=PRODUCT_DEFINITION_CONTEXT('',#10022,'design');
#9978=PRODUCT_DEFINITION_CONTEXT('',#10022,'design');
#9979=PRODUCT_DEFINITION_CONTEXT('',#10022,'design');
#9980=PRODUCT_DEFINITION_CONTEXT('',#10022,'design');
#9981=PRODUCT_DEFINITION_FORMATION_WITH_SPECIFIED_SOURCE('','',#9997,
 .NOT_KNOWN.);
#9982=PRODUCT_DEFINITION_FORMATION_WITH_SPECIFIED_SOURCE('','',#9998,
 .NOT_KNOWN.);
#9983=PRODUCT_DEFINITION_FORMATION_WITH_SPECIFIED_SOURCE('','',#9999,
 .NOT_KNOWN.);
#9984=PRODUCT_DEFINITION_FORMATION_WITH_SPECIFIED_SOURCE('','',#10000,
 .NOT_KNOWN.);
#9985=PRODUCT_DEFINITION_FORMATION_WITH_SPECIFIED_SOURCE('','',#10001,
 .NOT_KNOWN.);
#9986=PRODUCT_DEFINITION_FORMATION_WITH_SPECIFIED_SOURCE('','',#10002,
 .NOT_KNOWN.);
#9987=PRODUCT_DEFINITION_FORMATION_WITH_SPECIFIED_SOURCE('','',#10003,
 .NOT_KNOWN.);
#9988=PRODUCT_DEFINITION_FORMATION_WITH_SPECIFIED_SOURCE('','',#10004,
 .NOT_KNOWN.);
#9989=PRODUCT_RELATED_PRODUCT_CATEGORY('','',(#9997));
#9990=PRODUCT_RELATED_PRODUCT_CATEGORY('','',(#9998));
#9991=PRODUCT_RELATED_PRODUCT_CATEGORY('','',(#9999));
#9992=PRODUCT_RELATED_PRODUCT_CATEGORY('','',(#10000));
#9993=PRODUCT_RELATED_PRODUCT_CATEGORY('','',(#10001));
#9994=PRODUCT_RELATED_PRODUCT_CATEGORY('','',(#10002));
#9995=PRODUCT_RELATED_PRODUCT_CATEGORY('','',(#10003));
#9996=PRODUCT_RELATED_PRODUCT_CATEGORY('','',(#10004));
#9997=PRODUCT('Bottle Assembly','Bottle Assembly','Bottle Assembly',(#10013));
#9998=PRODUCT('Bottle project(cap)-1 (2) <1>',
'Bottle project(cap)-1 (2) <1>','Bottle project(cap)-1 (2) <1>',(#10014));
#9999=PRODUCT('Bottle project(cap)-1','Bottle project(cap)-1',
'Bottle project(cap)-1',(#10015));
#10000=PRODUCT('Bottle project(cap)-1','Bottle project(cap)-1',
'Bottle project(cap)-1',(#10016));
#10001=PRODUCT('Bottle project(Bottle)-1 (3) <1>',
'Bottle project(Bottle)-1 (3) <1>','Bottle project(Bottle)-1 (3) <1>',(#10017));
#10002=PRODUCT('Bottle project(Bottle)-1','Bottle project(Bottle)-1',
'Bottle project(Bottle)-1',(#10018));
#10003=PRODUCT('Bottle project(Bottle)-1','Bottle project(Bottle)-1',
'Bottle project(Bottle)-1',(#10019));
#10004=PRODUCT('Bottle project(Bottle)-1','Bottle project(Bottle)-1',
'Bottle project(Bottle)-1',(#10020));
#10005=PRODUCT_CATEGORY('','');
#10006=PRODUCT_CATEGORY('','');
#10007=PRODUCT_CATEGORY('','');
#10008=PRODUCT_CATEGORY('','');
#10009=PRODUCT_CATEGORY('','');
#10010=PRODUCT_CATEGORY('','');
#10011=PRODUCT_CATEGORY('','');
#10012=PRODUCT_CATEGORY('','');
#10013=PRODUCT_CONTEXT('',#10022,'mechanical');
#10014=PRODUCT_CONTEXT('',#10022,'mechanical');
#10015=PRODUCT_CONTEXT('',#10022,'mechanical');
#10016=PRODUCT_CONTEXT('',#10022,'mechanical');
#10017=PRODUCT_CONTEXT('',#10022,'mechanical');
#10018=PRODUCT_CONTEXT('',#10022,'mechanical');
#10019=PRODUCT_CONTEXT('',#10022,'mechanical');
#10020=PRODUCT_CONTEXT('',#10022,'mechanical');
#10021=APPLICATION_PROTOCOL_DEFINITION('international standard',
'ap242_managed_model_based_3d_engineering',2020,#10022);
#10022=APPLICATION_CONTEXT('managed model based 3d engineering');
ENDSEC;
END-ISO-10303-21;
