ISO-10303-21;
HEADER;
/* Generated by software containing ST-Developer
 * from STEP Tools, Inc. (www.steptools.com) 
 */
/* OPTION: using custom renumber hook */

FILE_DESCRIPTION(
/* description */ ('STEP AP242 Edition 2',
'CAx-IF Rec.Pracs.---Representation and Presentation of Product Manufa
cturing Information (PMI)---4.0---2014-10-13',
'CAx-IF Rec.Pracs.---3D Tessellated Geometry---0.4---2014-09-14','2;1',
'CAx-IF Rec.Pracs.---User Defined Attributes---1.5---2016-08-15'),
/* implementation_level */ '2;1');

FILE_NAME(
/* name */ 'Phone Holder',
/* time_stamp */ '2026-09-17T17:42:27Z',
/* author */ (''),
/* organization */ (''),
/* preprocessor_version */ 'ST-DEVELOPER v20',
/* originating_system */ 'ONSHAPE BY PTC INC, 1.220',
/* authorisation */ '  ');

FILE_SCHEMA (('AP242_MANAGED_MODEL_BASED_3D_ENGINEERING_MIM_LF { 1 0 10303 442 3 1 4 }'));
ENDSEC;

DATA;
#10=SHAPE_REPRESENTATION_RELATIONSHIP('','',#1408,#11);
#11=ADVANCED_BREP_SHAPE_REPRESENTATION('',(#1406),#2432);
#12=CONICAL_SURFACE('',#1565,0.00508,1.0471975511966);
#13=CONICAL_SURFACE('',#1566,0.00508,1.0471975511966);
#14=DEGENERATE_TOROIDAL_SURFACE('',#1519,0.00254,0.00381,.T.);
#15=TOROIDAL_SURFACE('',#1515,0.0381,0.00381);
#16=TOROIDAL_SURFACE('',#1522,0.0109836321733943,0.00127);
#17=TOROIDAL_SURFACE('',#1530,0.00381,0.00254);
#18=TOROIDAL_SURFACE('',#1536,0.00381,0.00254);
#19=TOROIDAL_SURFACE('',#1542,0.00381,0.00254);
#20=TOROIDAL_SURFACE('',#1548,0.00381,0.00254);
#21=TOROIDAL_SURFACE('',#1556,0.00381,0.00254);
#22=TOROIDAL_SURFACE('',#1558,0.00381,0.00254);
#23=B_SPLINE_CURVE_WITH_KNOTS('',3,(#2029,#2030,#2031,#2032),
 .UNSPECIFIED.,.F.,.F.,(4,4),(0.,0.00229204787463732),.UNSPECIFIED.);
#24=B_SPLINE_CURVE_WITH_KNOTS('',3,(#2049,#2050,#2051,#2052),
 .UNSPECIFIED.,.F.,.F.,(4,4),(0.,0.00229204787463736),.UNSPECIFIED.);
#25=B_SPLINE_CURVE_WITH_KNOTS('',3,(#2083,#2084,#2085,#2086),
 .UNSPECIFIED.,.F.,.F.,(4,4),(0.,0.00229204787463732),.UNSPECIFIED.);
#26=B_SPLINE_CURVE_WITH_KNOTS('',3,(#2091,#2092,#2093,#2094),
 .UNSPECIFIED.,.F.,.F.,(4,4),(0.,0.00229204787463736),.UNSPECIFIED.);
#27=B_SPLINE_CURVE_WITH_KNOTS('',3,(#2295,#2296,#2297,#2298,#2299,#2300),
 .UNSPECIFIED.,.F.,.F.,(4,1,1,4),(9.75781955236954E-19,0.00311945813206828,
0.00467918719810241,0.00623891626413655),.UNSPECIFIED.);
#28=PLANE('',#1414);
#29=PLANE('',#1415);
#30=PLANE('',#1416);
#31=PLANE('',#1417);
#32=PLANE('',#1420);
#33=PLANE('',#1423);
#34=PLANE('',#1426);
#35=PLANE('',#1427);
#36=PLANE('',#1428);
#37=PLANE('',#1432);
#38=PLANE('',#1433);
#39=PLANE('',#1434);
#40=PLANE('',#1435);
#41=PLANE('',#1436);
#42=PLANE('',#1444);
#43=PLANE('',#1445);
#44=PLANE('',#1447);
#45=PLANE('',#1450);
#46=PLANE('',#1452);
#47=PLANE('',#1454);
#48=PLANE('',#1457);
#49=PLANE('',#1459);
#50=PLANE('',#1461);
#51=PLANE('',#1464);
#52=PLANE('',#1467);
#53=PLANE('',#1468);
#54=PLANE('',#1469);
#55=PLANE('',#1471);
#56=PLANE('',#1472);
#57=PLANE('',#1474);
#58=PLANE('',#1475);
#59=PLANE('',#1479);
#60=PLANE('',#1482);
#61=PLANE('',#1483);
#62=PLANE('',#1484);
#63=PLANE('',#1487);
#64=PLANE('',#1490);
#65=PLANE('',#1491);
#66=PLANE('',#1563);
#67=PLANE('',#1564);
#68=CIRCLE('',#1412,0.00971363217339426);
#69=CIRCLE('',#1413,0.00971363217339426);
#70=CIRCLE('',#1418,0.00971363217339426);
#71=CIRCLE('',#1419,0.00508);
#72=CIRCLE('',#1421,0.00508);
#73=CIRCLE('',#1422,0.00971363217339426);
#74=CIRCLE('',#1424,0.00971363217339426);
#75=CIRCLE('',#1425,0.00508);
#76=CIRCLE('',#1429,0.0109836321733943);
#77=CIRCLE('',#1430,0.00254);
#78=CIRCLE('',#1431,0.0381);
#79=CIRCLE('',#1437,0.006985);
#80=CIRCLE('',#1438,0.006985);
#81=CIRCLE('',#1439,0.00971363217339425);
#82=CIRCLE('',#1440,0.00635);
#83=CIRCLE('',#1441,0.00635);
#84=CIRCLE('',#1442,0.00635);
#85=CIRCLE('',#1443,0.04191);
#86=CIRCLE('',#1446,0.00381);
#87=CIRCLE('',#1448,0.00381);
#88=CIRCLE('',#1449,0.00381);
#89=CIRCLE('',#1451,0.00381);
#90=CIRCLE('',#1453,0.00381);
#91=CIRCLE('',#1455,0.00381);
#92=CIRCLE('',#1456,0.00381);
#93=CIRCLE('',#1458,0.00381);
#94=CIRCLE('',#1460,0.00381);
#95=CIRCLE('',#1462,0.00381);
#96=CIRCLE('',#1463,0.00381);
#97=CIRCLE('',#1465,0.00635);
#98=CIRCLE('',#1466,0.00635);
#99=CIRCLE('',#1470,0.00635);
#100=CIRCLE('',#1473,0.00635);
#101=CIRCLE('',#1478,0.00971363217339426);
#102=CIRCLE('',#1480,0.00508);
#103=CIRCLE('',#1481,0.00971363217339426);
#104=CIRCLE('',#1485,0.00508);
#105=CIRCLE('',#1486,0.00971363217339426);
#106=CIRCLE('',#1488,0.00508);
#107=CIRCLE('',#1489,0.00971363217339427);
#108=CIRCLE('',#1494,0.00508);
#109=CIRCLE('',#1497,0.00508);
#110=CIRCLE('',#1499,0.04191);
#111=CIRCLE('',#1501,0.00635);
#112=CIRCLE('',#1503,0.00635);
#113=CIRCLE('',#1505,0.00635);
#114=CIRCLE('',#1507,0.00635);
#115=CIRCLE('',#1508,0.00635);
#116=CIRCLE('',#1510,0.00635);
#117=CIRCLE('',#1512,0.00635);
#118=CIRCLE('',#1514,0.00381);
#119=CIRCLE('',#1516,0.00381);
#120=CIRCLE('',#1518,0.00381);
#121=CIRCLE('',#1523,0.00971363217339426);
#122=CIRCLE('',#1524,0.00971363217339426);
#123=CIRCLE('',#1529,0.00254);
#124=CIRCLE('',#1531,0.00254);
#125=CIRCLE('',#1533,0.00254);
#126=CIRCLE('',#1537,0.00254);
#127=CIRCLE('',#1541,0.00254);
#128=CIRCLE('',#1543,0.00254);
#129=CIRCLE('',#1545,0.00254);
#130=CIRCLE('',#1549,0.00254);
#131=CIRCLE('',#1552,0.00254);
#132=CIRCLE('',#1555,0.00254);
#133=CIRCLE('',#1557,0.00254);
#134=CIRCLE('',#1559,0.00254);
#135=ELLIPSE('',#1411,0.0112163363002363,0.00971363217339426);
#136=ELLIPSE('',#1477,0.0194272643467887,0.00971363217339426);
#137=ELLIPSE('',#1493,0.01016,0.00508);
#138=ELLIPSE('',#1496,0.00586587873496659,0.00508);
#139=ELLIPSE('',#1528,0.00359210244842766,0.00254);
#140=ELLIPSE('',#1535,0.00359210244842767,0.00254);
#141=ELLIPSE('',#1540,0.00359210244842767,0.00254);
#142=ELLIPSE('',#1547,0.00359210244842767,0.00254);
#143=ELLIPSE('',#1553,0.00359210244842767,0.00254);
#144=ELLIPSE('',#1561,0.00359210244842767,0.00254);
#145=ORIENTED_EDGE('',*,*,#551,.T.);
#146=ORIENTED_EDGE('',*,*,#552,.T.);
#147=ORIENTED_EDGE('',*,*,#553,.T.);
#148=ORIENTED_EDGE('',*,*,#554,.F.);
#149=ORIENTED_EDGE('',*,*,#555,.T.);
#150=ORIENTED_EDGE('',*,*,#556,.F.);
#151=ORIENTED_EDGE('',*,*,#557,.T.);
#152=ORIENTED_EDGE('',*,*,#558,.T.);
#153=ORIENTED_EDGE('',*,*,#559,.T.);
#154=ORIENTED_EDGE('',*,*,#560,.T.);
#155=ORIENTED_EDGE('',*,*,#561,.T.);
#156=ORIENTED_EDGE('',*,*,#562,.F.);
#157=ORIENTED_EDGE('',*,*,#563,.T.);
#158=ORIENTED_EDGE('',*,*,#564,.T.);
#159=ORIENTED_EDGE('',*,*,#565,.F.);
#160=ORIENTED_EDGE('',*,*,#566,.T.);
#161=ORIENTED_EDGE('',*,*,#567,.F.);
#162=ORIENTED_EDGE('',*,*,#568,.T.);
#163=ORIENTED_EDGE('',*,*,#569,.T.);
#164=ORIENTED_EDGE('',*,*,#570,.T.);
#165=ORIENTED_EDGE('',*,*,#571,.T.);
#166=ORIENTED_EDGE('',*,*,#572,.T.);
#167=ORIENTED_EDGE('',*,*,#573,.F.);
#168=ORIENTED_EDGE('',*,*,#574,.T.);
#169=ORIENTED_EDGE('',*,*,#564,.F.);
#170=ORIENTED_EDGE('',*,*,#575,.T.);
#171=ORIENTED_EDGE('',*,*,#576,.F.);
#172=ORIENTED_EDGE('',*,*,#577,.T.);
#173=ORIENTED_EDGE('',*,*,#578,.T.);
#174=ORIENTED_EDGE('',*,*,#579,.T.);
#175=ORIENTED_EDGE('',*,*,#580,.F.);
#176=ORIENTED_EDGE('',*,*,#581,.T.);
#177=ORIENTED_EDGE('',*,*,#582,.T.);
#178=ORIENTED_EDGE('',*,*,#551,.F.);
#179=ORIENTED_EDGE('',*,*,#583,.F.);
#180=ORIENTED_EDGE('',*,*,#584,.T.);
#181=ORIENTED_EDGE('',*,*,#585,.F.);
#182=ORIENTED_EDGE('',*,*,#586,.T.);
#183=ORIENTED_EDGE('',*,*,#587,.T.);
#184=ORIENTED_EDGE('',*,*,#554,.T.);
#185=ORIENTED_EDGE('',*,*,#588,.F.);
#186=ORIENTED_EDGE('',*,*,#589,.T.);
#187=ORIENTED_EDGE('',*,*,#590,.F.);
#188=ORIENTED_EDGE('',*,*,#591,.T.);
#189=ORIENTED_EDGE('',*,*,#592,.T.);
#190=ORIENTED_EDGE('',*,*,#593,.T.);
#191=ORIENTED_EDGE('',*,*,#594,.T.);
#192=ORIENTED_EDGE('',*,*,#595,.F.);
#193=ORIENTED_EDGE('',*,*,#596,.F.);
#194=ORIENTED_EDGE('',*,*,#597,.T.);
#195=ORIENTED_EDGE('',*,*,#598,.T.);
#196=ORIENTED_EDGE('',*,*,#599,.T.);
#197=ORIENTED_EDGE('',*,*,#600,.F.);
#198=ORIENTED_EDGE('',*,*,#601,.T.);
#199=ORIENTED_EDGE('',*,*,#602,.T.);
#200=ORIENTED_EDGE('',*,*,#603,.F.);
#201=ORIENTED_EDGE('',*,*,#604,.T.);
#202=ORIENTED_EDGE('',*,*,#605,.T.);
#203=ORIENTED_EDGE('',*,*,#606,.F.);
#204=ORIENTED_EDGE('',*,*,#607,.T.);
#205=ORIENTED_EDGE('',*,*,#608,.T.);
#206=ORIENTED_EDGE('',*,*,#609,.T.);
#207=ORIENTED_EDGE('',*,*,#610,.T.);
#208=ORIENTED_EDGE('',*,*,#611,.T.);
#209=ORIENTED_EDGE('',*,*,#612,.T.);
#210=ORIENTED_EDGE('',*,*,#613,.T.);
#211=ORIENTED_EDGE('',*,*,#614,.F.);
#212=ORIENTED_EDGE('',*,*,#615,.T.);
#213=ORIENTED_EDGE('',*,*,#616,.T.);
#214=ORIENTED_EDGE('',*,*,#617,.T.);
#215=ORIENTED_EDGE('',*,*,#618,.T.);
#216=ORIENTED_EDGE('',*,*,#619,.T.);
#217=ORIENTED_EDGE('',*,*,#620,.T.);
#218=ORIENTED_EDGE('',*,*,#621,.T.);
#219=ORIENTED_EDGE('',*,*,#622,.T.);
#220=ORIENTED_EDGE('',*,*,#623,.T.);
#221=ORIENTED_EDGE('',*,*,#624,.T.);
#222=ORIENTED_EDGE('',*,*,#625,.F.);
#223=ORIENTED_EDGE('',*,*,#626,.T.);
#224=ORIENTED_EDGE('',*,*,#627,.T.);
#225=ORIENTED_EDGE('',*,*,#628,.T.);
#226=ORIENTED_EDGE('',*,*,#629,.T.);
#227=ORIENTED_EDGE('',*,*,#630,.T.);
#228=ORIENTED_EDGE('',*,*,#631,.F.);
#229=ORIENTED_EDGE('',*,*,#562,.T.);
#230=ORIENTED_EDGE('',*,*,#632,.T.);
#231=ORIENTED_EDGE('',*,*,#583,.T.);
#232=ORIENTED_EDGE('',*,*,#555,.F.);
#233=ORIENTED_EDGE('',*,*,#587,.F.);
#234=ORIENTED_EDGE('',*,*,#633,.T.);
#235=ORIENTED_EDGE('',*,*,#568,.F.);
#236=ORIENTED_EDGE('',*,*,#634,.F.);
#237=ORIENTED_EDGE('',*,*,#625,.T.);
#238=ORIENTED_EDGE('',*,*,#635,.T.);
#239=ORIENTED_EDGE('',*,*,#617,.F.);
#240=ORIENTED_EDGE('',*,*,#636,.T.);
#241=ORIENTED_EDGE('',*,*,#609,.F.);
#242=ORIENTED_EDGE('',*,*,#637,.T.);
#243=ORIENTED_EDGE('',*,*,#631,.T.);
#244=ORIENTED_EDGE('',*,*,#638,.T.);
#245=ORIENTED_EDGE('',*,*,#639,.T.);
#246=ORIENTED_EDGE('',*,*,#640,.T.);
#247=ORIENTED_EDGE('',*,*,#556,.T.);
#248=ORIENTED_EDGE('',*,*,#641,.F.);
#249=ORIENTED_EDGE('',*,*,#620,.F.);
#250=ORIENTED_EDGE('',*,*,#642,.T.);
#251=ORIENTED_EDGE('',*,*,#643,.T.);
#252=ORIENTED_EDGE('',*,*,#644,.F.);
#253=ORIENTED_EDGE('',*,*,#645,.F.);
#254=ORIENTED_EDGE('',*,*,#605,.F.);
#255=ORIENTED_EDGE('',*,*,#646,.T.);
#256=ORIENTED_EDGE('',*,*,#647,.T.);
#257=ORIENTED_EDGE('',*,*,#648,.T.);
#258=ORIENTED_EDGE('',*,*,#649,.T.);
#259=ORIENTED_EDGE('',*,*,#650,.T.);
#260=ORIENTED_EDGE('',*,*,#651,.T.);
#261=ORIENTED_EDGE('',*,*,#652,.T.);
#262=ORIENTED_EDGE('',*,*,#653,.T.);
#263=ORIENTED_EDGE('',*,*,#654,.T.);
#264=ORIENTED_EDGE('',*,*,#606,.T.);
#265=ORIENTED_EDGE('',*,*,#655,.T.);
#266=ORIENTED_EDGE('',*,*,#598,.F.);
#267=ORIENTED_EDGE('',*,*,#656,.T.);
#268=ORIENTED_EDGE('',*,*,#657,.T.);
#269=ORIENTED_EDGE('',*,*,#628,.F.);
#270=ORIENTED_EDGE('',*,*,#658,.T.);
#271=ORIENTED_EDGE('',*,*,#659,.T.);
#272=ORIENTED_EDGE('',*,*,#660,.F.);
#273=ORIENTED_EDGE('',*,*,#661,.F.);
#274=ORIENTED_EDGE('',*,*,#595,.T.);
#275=ORIENTED_EDGE('',*,*,#662,.T.);
#276=ORIENTED_EDGE('',*,*,#663,.T.);
#277=ORIENTED_EDGE('',*,*,#664,.T.);
#278=ORIENTED_EDGE('',*,*,#665,.T.);
#279=ORIENTED_EDGE('',*,*,#666,.T.);
#280=ORIENTED_EDGE('',*,*,#667,.T.);
#281=ORIENTED_EDGE('',*,*,#668,.T.);
#282=ORIENTED_EDGE('',*,*,#669,.T.);
#283=ORIENTED_EDGE('',*,*,#670,.T.);
#284=ORIENTED_EDGE('',*,*,#614,.T.);
#285=ORIENTED_EDGE('',*,*,#671,.T.);
#286=ORIENTED_EDGE('',*,*,#603,.T.);
#287=ORIENTED_EDGE('',*,*,#672,.F.);
#288=ORIENTED_EDGE('',*,*,#673,.F.);
#289=ORIENTED_EDGE('',*,*,#612,.F.);
#290=ORIENTED_EDGE('',*,*,#674,.T.);
#291=ORIENTED_EDGE('',*,*,#675,.T.);
#292=ORIENTED_EDGE('',*,*,#676,.F.);
#293=ORIENTED_EDGE('',*,*,#677,.T.);
#294=ORIENTED_EDGE('',*,*,#600,.T.);
#295=ORIENTED_EDGE('',*,*,#678,.T.);
#296=ORIENTED_EDGE('',*,*,#679,.T.);
#297=ORIENTED_EDGE('',*,*,#680,.T.);
#298=ORIENTED_EDGE('',*,*,#681,.T.);
#299=ORIENTED_EDGE('',*,*,#682,.T.);
#300=ORIENTED_EDGE('',*,*,#683,.T.);
#301=ORIENTED_EDGE('',*,*,#684,.T.);
#302=ORIENTED_EDGE('',*,*,#644,.T.);
#303=ORIENTED_EDGE('',*,*,#685,.T.);
#304=ORIENTED_EDGE('',*,*,#641,.T.);
#305=ORIENTED_EDGE('',*,*,#559,.F.);
#306=ORIENTED_EDGE('',*,*,#686,.T.);
#307=ORIENTED_EDGE('',*,*,#687,.T.);
#308=ORIENTED_EDGE('',*,*,#687,.F.);
#309=ORIENTED_EDGE('',*,*,#688,.T.);
#310=ORIENTED_EDGE('',*,*,#689,.T.);
#311=ORIENTED_EDGE('',*,*,#590,.T.);
#312=ORIENTED_EDGE('',*,*,#645,.T.);
#313=ORIENTED_EDGE('',*,*,#690,.T.);
#314=ORIENTED_EDGE('',*,*,#691,.T.);
#315=ORIENTED_EDGE('',*,*,#672,.T.);
#316=ORIENTED_EDGE('',*,*,#602,.F.);
#317=ORIENTED_EDGE('',*,*,#676,.T.);
#318=ORIENTED_EDGE('',*,*,#692,.T.);
#319=ORIENTED_EDGE('',*,*,#673,.T.);
#320=ORIENTED_EDGE('',*,*,#691,.F.);
#321=ORIENTED_EDGE('',*,*,#693,.T.);
#322=ORIENTED_EDGE('',*,*,#677,.F.);
#323=ORIENTED_EDGE('',*,*,#693,.F.);
#324=ORIENTED_EDGE('',*,*,#690,.F.);
#325=ORIENTED_EDGE('',*,*,#601,.F.);
#326=ORIENTED_EDGE('',*,*,#660,.T.);
#327=ORIENTED_EDGE('',*,*,#694,.T.);
#328=ORIENTED_EDGE('',*,*,#657,.F.);
#329=ORIENTED_EDGE('',*,*,#695,.T.);
#330=ORIENTED_EDGE('',*,*,#696,.T.);
#331=ORIENTED_EDGE('',*,*,#697,.T.);
#332=ORIENTED_EDGE('',*,*,#596,.T.);
#333=ORIENTED_EDGE('',*,*,#661,.T.);
#334=ORIENTED_EDGE('',*,*,#696,.F.);
#335=ORIENTED_EDGE('',*,*,#656,.F.);
#336=ORIENTED_EDGE('',*,*,#597,.F.);
#337=ORIENTED_EDGE('',*,*,#697,.F.);
#338=ORIENTED_EDGE('',*,*,#695,.F.);
#339=ORIENTED_EDGE('',*,*,#567,.T.);
#340=ORIENTED_EDGE('',*,*,#698,.T.);
#341=ORIENTED_EDGE('',*,*,#699,.T.);
#342=ORIENTED_EDGE('',*,*,#563,.F.);
#343=ORIENTED_EDGE('',*,*,#634,.T.);
#344=ORIENTED_EDGE('',*,*,#700,.T.);
#345=ORIENTED_EDGE('',*,*,#588,.T.);
#346=ORIENTED_EDGE('',*,*,#701,.T.);
#347=ORIENTED_EDGE('',*,*,#702,.F.);
#348=ORIENTED_EDGE('',*,*,#580,.T.);
#349=ORIENTED_EDGE('',*,*,#703,.F.);
#350=ORIENTED_EDGE('',*,*,#704,.F.);
#351=ORIENTED_EDGE('',*,*,#705,.T.);
#352=ORIENTED_EDGE('',*,*,#706,.F.);
#353=ORIENTED_EDGE('',*,*,#707,.F.);
#354=ORIENTED_EDGE('',*,*,#576,.T.);
#355=ORIENTED_EDGE('',*,*,#708,.F.);
#356=ORIENTED_EDGE('',*,*,#704,.T.);
#357=ORIENTED_EDGE('',*,*,#709,.F.);
#358=ORIENTED_EDGE('',*,*,#706,.T.);
#359=ORIENTED_EDGE('',*,*,#710,.T.);
#360=ORIENTED_EDGE('',*,*,#711,.T.);
#361=ORIENTED_EDGE('',*,*,#712,.F.);
#362=ORIENTED_EDGE('',*,*,#713,.T.);
#363=ORIENTED_EDGE('',*,*,#714,.T.);
#364=ORIENTED_EDGE('',*,*,#573,.T.);
#365=ORIENTED_EDGE('',*,*,#715,.F.);
#366=ORIENTED_EDGE('',*,*,#711,.F.);
#367=ORIENTED_EDGE('',*,*,#716,.T.);
#368=ORIENTED_EDGE('',*,*,#713,.F.);
#369=ORIENTED_EDGE('',*,*,#717,.F.);
#370=ORIENTED_EDGE('',*,*,#702,.T.);
#371=ORIENTED_EDGE('',*,*,#718,.F.);
#372=ORIENTED_EDGE('',*,*,#572,.F.);
#373=ORIENTED_EDGE('',*,*,#719,.T.);
#374=ORIENTED_EDGE('',*,*,#565,.T.);
#375=ORIENTED_EDGE('',*,*,#720,.T.);
#376=ORIENTED_EDGE('',*,*,#585,.T.);
#377=ORIENTED_EDGE('',*,*,#700,.F.);
#378=ORIENTED_EDGE('',*,*,#717,.T.);
#379=ORIENTED_EDGE('',*,*,#712,.T.);
#380=ORIENTED_EDGE('',*,*,#715,.T.);
#381=ORIENTED_EDGE('',*,*,#579,.F.);
#382=ORIENTED_EDGE('',*,*,#721,.T.);
#383=ORIENTED_EDGE('',*,*,#581,.F.);
#384=ORIENTED_EDGE('',*,*,#722,.T.);
#385=ORIENTED_EDGE('',*,*,#560,.F.);
#386=ORIENTED_EDGE('',*,*,#574,.F.);
#387=ORIENTED_EDGE('',*,*,#707,.T.);
#388=ORIENTED_EDGE('',*,*,#709,.T.);
#389=ORIENTED_EDGE('',*,*,#703,.T.);
#390=ORIENTED_EDGE('',*,*,#630,.F.);
#391=ORIENTED_EDGE('',*,*,#723,.T.);
#392=ORIENTED_EDGE('',*,*,#622,.F.);
#393=ORIENTED_EDGE('',*,*,#638,.F.);
#394=ORIENTED_EDGE('',*,*,#643,.F.);
#395=ORIENTED_EDGE('',*,*,#724,.T.);
#396=ORIENTED_EDGE('',*,*,#639,.F.);
#397=ORIENTED_EDGE('',*,*,#685,.F.);
#398=ORIENTED_EDGE('',*,*,#659,.F.);
#399=ORIENTED_EDGE('',*,*,#725,.T.);
#400=ORIENTED_EDGE('',*,*,#653,.F.);
#401=ORIENTED_EDGE('',*,*,#694,.F.);
#402=ORIENTED_EDGE('',*,*,#675,.F.);
#403=ORIENTED_EDGE('',*,*,#726,.T.);
#404=ORIENTED_EDGE('',*,*,#669,.F.);
#405=ORIENTED_EDGE('',*,*,#692,.F.);
#406=ORIENTED_EDGE('',*,*,#558,.F.);
#407=ORIENTED_EDGE('',*,*,#727,.T.);
#408=ORIENTED_EDGE('',*,*,#618,.F.);
#409=ORIENTED_EDGE('',*,*,#635,.F.);
#410=ORIENTED_EDGE('',*,*,#624,.F.);
#411=ORIENTED_EDGE('',*,*,#728,.T.);
#412=ORIENTED_EDGE('',*,*,#688,.F.);
#413=ORIENTED_EDGE('',*,*,#686,.F.);
#414=ORIENTED_EDGE('',*,*,#616,.F.);
#415=ORIENTED_EDGE('',*,*,#729,.T.);
#416=ORIENTED_EDGE('',*,*,#610,.F.);
#417=ORIENTED_EDGE('',*,*,#636,.F.);
#418=ORIENTED_EDGE('',*,*,#608,.F.);
#419=ORIENTED_EDGE('',*,*,#730,.T.);
#420=ORIENTED_EDGE('',*,*,#626,.F.);
#421=ORIENTED_EDGE('',*,*,#637,.F.);
#422=ORIENTED_EDGE('',*,*,#662,.F.);
#423=ORIENTED_EDGE('',*,*,#594,.F.);
#424=ORIENTED_EDGE('',*,*,#731,.F.);
#425=ORIENTED_EDGE('',*,*,#629,.F.);
#426=ORIENTED_EDGE('',*,*,#731,.T.);
#427=ORIENTED_EDGE('',*,*,#593,.F.);
#428=ORIENTED_EDGE('',*,*,#732,.F.);
#429=ORIENTED_EDGE('',*,*,#723,.F.);
#430=ORIENTED_EDGE('',*,*,#732,.T.);
#431=ORIENTED_EDGE('',*,*,#592,.F.);
#432=ORIENTED_EDGE('',*,*,#733,.F.);
#433=ORIENTED_EDGE('',*,*,#623,.F.);
#434=ORIENTED_EDGE('',*,*,#689,.F.);
#435=ORIENTED_EDGE('',*,*,#728,.F.);
#436=ORIENTED_EDGE('',*,*,#733,.T.);
#437=ORIENTED_EDGE('',*,*,#591,.F.);
#438=ORIENTED_EDGE('',*,*,#655,.F.);
#439=ORIENTED_EDGE('',*,*,#613,.F.);
#440=ORIENTED_EDGE('',*,*,#678,.F.);
#441=ORIENTED_EDGE('',*,*,#599,.F.);
#442=ORIENTED_EDGE('',*,*,#671,.F.);
#443=ORIENTED_EDGE('',*,*,#621,.F.);
#444=ORIENTED_EDGE('',*,*,#646,.F.);
#445=ORIENTED_EDGE('',*,*,#604,.F.);
#446=ORIENTED_EDGE('',*,*,#589,.F.);
#447=ORIENTED_EDGE('',*,*,#734,.F.);
#448=ORIENTED_EDGE('',*,*,#575,.F.);
#449=ORIENTED_EDGE('',*,*,#699,.F.);
#450=ORIENTED_EDGE('',*,*,#570,.F.);
#451=ORIENTED_EDGE('',*,*,#735,.F.);
#452=ORIENTED_EDGE('',*,*,#701,.F.);
#453=ORIENTED_EDGE('',*,*,#553,.F.);
#454=ORIENTED_EDGE('',*,*,#577,.F.);
#455=ORIENTED_EDGE('',*,*,#734,.T.);
#456=ORIENTED_EDGE('',*,*,#705,.F.);
#457=ORIENTED_EDGE('',*,*,#710,.F.);
#458=ORIENTED_EDGE('',*,*,#708,.T.);
#459=ORIENTED_EDGE('',*,*,#735,.T.);
#460=ORIENTED_EDGE('',*,*,#716,.F.);
#461=ORIENTED_EDGE('',*,*,#714,.F.);
#462=ORIENTED_EDGE('',*,*,#718,.T.);
#463=ORIENTED_EDGE('',*,*,#736,.F.);
#464=ORIENTED_EDGE('',*,*,#667,.F.);
#465=ORIENTED_EDGE('',*,*,#737,.F.);
#466=ORIENTED_EDGE('',*,*,#658,.F.);
#467=ORIENTED_EDGE('',*,*,#737,.T.);
#468=ORIENTED_EDGE('',*,*,#666,.F.);
#469=ORIENTED_EDGE('',*,*,#738,.F.);
#470=ORIENTED_EDGE('',*,*,#725,.F.);
#471=ORIENTED_EDGE('',*,*,#736,.T.);
#472=ORIENTED_EDGE('',*,*,#627,.F.);
#473=ORIENTED_EDGE('',*,*,#739,.F.);
#474=ORIENTED_EDGE('',*,*,#668,.F.);
#475=ORIENTED_EDGE('',*,*,#738,.T.);
#476=ORIENTED_EDGE('',*,*,#665,.F.);
#477=ORIENTED_EDGE('',*,*,#740,.F.);
#478=ORIENTED_EDGE('',*,*,#654,.F.);
#479=ORIENTED_EDGE('',*,*,#739,.T.);
#480=ORIENTED_EDGE('',*,*,#730,.F.);
#481=ORIENTED_EDGE('',*,*,#741,.F.);
#482=ORIENTED_EDGE('',*,*,#663,.F.);
#483=ORIENTED_EDGE('',*,*,#740,.T.);
#484=ORIENTED_EDGE('',*,*,#664,.F.);
#485=ORIENTED_EDGE('',*,*,#741,.T.);
#486=ORIENTED_EDGE('',*,*,#607,.F.);
#487=ORIENTED_EDGE('',*,*,#742,.F.);
#488=ORIENTED_EDGE('',*,*,#683,.F.);
#489=ORIENTED_EDGE('',*,*,#743,.F.);
#490=ORIENTED_EDGE('',*,*,#674,.F.);
#491=ORIENTED_EDGE('',*,*,#743,.T.);
#492=ORIENTED_EDGE('',*,*,#682,.F.);
#493=ORIENTED_EDGE('',*,*,#744,.F.);
#494=ORIENTED_EDGE('',*,*,#726,.F.);
#495=ORIENTED_EDGE('',*,*,#742,.T.);
#496=ORIENTED_EDGE('',*,*,#611,.F.);
#497=ORIENTED_EDGE('',*,*,#745,.F.);
#498=ORIENTED_EDGE('',*,*,#684,.F.);
#499=ORIENTED_EDGE('',*,*,#744,.T.);
#500=ORIENTED_EDGE('',*,*,#681,.F.);
#501=ORIENTED_EDGE('',*,*,#746,.F.);
#502=ORIENTED_EDGE('',*,*,#670,.F.);
#503=ORIENTED_EDGE('',*,*,#745,.T.);
#504=ORIENTED_EDGE('',*,*,#729,.F.);
#505=ORIENTED_EDGE('',*,*,#747,.F.);
#506=ORIENTED_EDGE('',*,*,#679,.F.);
#507=ORIENTED_EDGE('',*,*,#746,.T.);
#508=ORIENTED_EDGE('',*,*,#680,.F.);
#509=ORIENTED_EDGE('',*,*,#747,.T.);
#510=ORIENTED_EDGE('',*,*,#615,.F.);
#511=ORIENTED_EDGE('',*,*,#748,.F.);
#512=ORIENTED_EDGE('',*,*,#642,.F.);
#513=ORIENTED_EDGE('',*,*,#749,.F.);
#514=ORIENTED_EDGE('',*,*,#651,.F.);
#515=ORIENTED_EDGE('',*,*,#749,.T.);
#516=ORIENTED_EDGE('',*,*,#619,.F.);
#517=ORIENTED_EDGE('',*,*,#750,.F.);
#518=ORIENTED_EDGE('',*,*,#652,.F.);
#519=ORIENTED_EDGE('',*,*,#748,.T.);
#520=ORIENTED_EDGE('',*,*,#650,.F.);
#521=ORIENTED_EDGE('',*,*,#751,.F.);
#522=ORIENTED_EDGE('',*,*,#724,.F.);
#523=ORIENTED_EDGE('',*,*,#750,.T.);
#524=ORIENTED_EDGE('',*,*,#727,.F.);
#525=ORIENTED_EDGE('',*,*,#752,.F.);
#526=ORIENTED_EDGE('',*,*,#647,.F.);
#527=ORIENTED_EDGE('',*,*,#751,.T.);
#528=ORIENTED_EDGE('',*,*,#649,.F.);
#529=ORIENTED_EDGE('',*,*,#753,.F.);
#530=ORIENTED_EDGE('',*,*,#640,.F.);
#531=ORIENTED_EDGE('',*,*,#752,.T.);
#532=ORIENTED_EDGE('',*,*,#557,.F.);
#533=ORIENTED_EDGE('',*,*,#753,.T.);
#534=ORIENTED_EDGE('',*,*,#648,.F.);
#535=ORIENTED_EDGE('',*,*,#698,.F.);
#536=ORIENTED_EDGE('',*,*,#566,.F.);
#537=ORIENTED_EDGE('',*,*,#719,.F.);
#538=ORIENTED_EDGE('',*,*,#571,.F.);
#539=ORIENTED_EDGE('',*,*,#721,.F.);
#540=ORIENTED_EDGE('',*,*,#578,.F.);
#541=ORIENTED_EDGE('',*,*,#552,.F.);
#542=ORIENTED_EDGE('',*,*,#582,.F.);
#543=ORIENTED_EDGE('',*,*,#584,.F.);
#544=ORIENTED_EDGE('',*,*,#632,.F.);
#545=ORIENTED_EDGE('',*,*,#561,.F.);
#546=ORIENTED_EDGE('',*,*,#722,.F.);
#547=ORIENTED_EDGE('',*,*,#569,.F.);
#548=ORIENTED_EDGE('',*,*,#633,.F.);
#549=ORIENTED_EDGE('',*,*,#586,.F.);
#550=ORIENTED_EDGE('',*,*,#720,.F.);
#551=EDGE_CURVE('',#754,#755,#880,.T.);
#552=EDGE_CURVE('',#755,#756,#135,.T.);
#553=EDGE_CURVE('',#756,#757,#68,.T.);
#554=EDGE_CURVE('',#758,#757,#881,.T.);
#555=EDGE_CURVE('',#758,#754,#69,.F.);
#556=EDGE_CURVE('',#759,#760,#882,.T.);
#557=EDGE_CURVE('',#759,#761,#883,.F.);
#558=EDGE_CURVE('',#761,#762,#884,.T.);
#559=EDGE_CURVE('',#762,#760,#885,.T.);
#560=EDGE_CURVE('',#763,#764,#886,.F.);
#561=EDGE_CURVE('',#764,#765,#23,.T.);
#562=EDGE_CURVE('',#766,#765,#887,.T.);
#563=EDGE_CURVE('',#766,#767,#888,.T.);
#564=EDGE_CURVE('',#767,#763,#889,.T.);
#565=EDGE_CURVE('',#768,#769,#890,.F.);
#566=EDGE_CURVE('',#768,#770,#891,.T.);
#567=EDGE_CURVE('',#771,#770,#892,.T.);
#568=EDGE_CURVE('',#771,#772,#893,.T.);
#569=EDGE_CURVE('',#772,#769,#24,.T.);
#570=EDGE_CURVE('',#773,#774,#70,.T.);
#571=EDGE_CURVE('',#774,#775,#894,.T.);
#572=EDGE_CURVE('',#775,#776,#71,.F.);
#573=EDGE_CURVE('',#773,#776,#895,.T.);
#574=EDGE_CURVE('',#777,#763,#72,.F.);
#575=EDGE_CURVE('',#767,#778,#73,.T.);
#576=EDGE_CURVE('',#777,#778,#896,.T.);
#577=EDGE_CURVE('',#779,#756,#74,.T.);
#578=EDGE_CURVE('',#756,#780,#897,.T.);
#579=EDGE_CURVE('',#780,#781,#75,.F.);
#580=EDGE_CURVE('',#779,#781,#898,.T.);
#581=EDGE_CURVE('',#782,#783,#899,.T.);
#582=EDGE_CURVE('',#783,#755,#900,.T.);
#583=EDGE_CURVE('',#784,#754,#901,.T.);
#584=EDGE_CURVE('',#784,#782,#25,.T.);
#585=EDGE_CURVE('',#785,#786,#902,.T.);
#586=EDGE_CURVE('',#785,#787,#26,.T.);
#587=EDGE_CURVE('',#787,#758,#903,.T.);
#588=EDGE_CURVE('',#786,#757,#904,.T.);
#589=EDGE_CURVE('',#788,#788,#76,.F.);
#590=EDGE_CURVE('',#789,#790,#905,.T.);
#591=EDGE_CURVE('',#789,#791,#77,.T.);
#592=EDGE_CURVE('',#791,#792,#906,.F.);
#593=EDGE_CURVE('',#792,#793,#78,.T.);
#594=EDGE_CURVE('',#793,#794,#907,.F.);
#595=EDGE_CURVE('',#795,#794,#908,.T.);
#596=EDGE_CURVE('',#796,#795,#909,.T.);
#597=EDGE_CURVE('',#796,#797,#910,.T.);
#598=EDGE_CURVE('',#797,#798,#911,.T.);
#599=EDGE_CURVE('',#798,#799,#912,.T.);
#600=EDGE_CURVE('',#800,#799,#913,.T.);
#601=EDGE_CURVE('',#800,#801,#914,.T.);
#602=EDGE_CURVE('',#801,#802,#915,.T.);
#603=EDGE_CURVE('',#803,#802,#916,.T.);
#604=EDGE_CURVE('',#803,#804,#917,.T.);
#605=EDGE_CURVE('',#804,#790,#918,.T.);
#606=EDGE_CURVE('',#805,#806,#919,.T.);
#607=EDGE_CURVE('',#805,#807,#920,.T.);
#608=EDGE_CURVE('',#807,#808,#921,.T.);
#609=EDGE_CURVE('',#808,#809,#922,.T.);
#610=EDGE_CURVE('',#809,#810,#923,.F.);
#611=EDGE_CURVE('',#810,#811,#924,.T.);
#612=EDGE_CURVE('',#811,#812,#925,.T.);
#613=EDGE_CURVE('',#812,#806,#926,.F.);
#614=EDGE_CURVE('',#813,#814,#927,.T.);
#615=EDGE_CURVE('',#813,#815,#928,.T.);
#616=EDGE_CURVE('',#815,#816,#929,.T.);
#617=EDGE_CURVE('',#816,#817,#930,.T.);
#618=EDGE_CURVE('',#817,#818,#931,.F.);
#619=EDGE_CURVE('',#818,#819,#932,.F.);
#620=EDGE_CURVE('',#819,#820,#933,.T.);
#621=EDGE_CURVE('',#820,#814,#934,.F.);
#622=EDGE_CURVE('',#821,#822,#935,.F.);
#623=EDGE_CURVE('',#822,#823,#936,.T.);
#624=EDGE_CURVE('',#823,#824,#937,.T.);
#625=EDGE_CURVE('',#821,#824,#938,.T.);
#626=EDGE_CURVE('',#825,#826,#939,.F.);
#627=EDGE_CURVE('',#826,#827,#940,.F.);
#628=EDGE_CURVE('',#827,#828,#941,.T.);
#629=EDGE_CURVE('',#828,#829,#942,.T.);
#630=EDGE_CURVE('',#829,#830,#943,.T.);
#631=EDGE_CURVE('',#825,#830,#944,.T.);
#632=EDGE_CURVE('',#765,#784,#79,.T.);
#633=EDGE_CURVE('',#787,#772,#80,.T.);
#634=EDGE_CURVE('',#766,#771,#81,.F.);
#635=EDGE_CURVE('',#824,#817,#82,.F.);
#636=EDGE_CURVE('',#816,#809,#83,.F.);
#637=EDGE_CURVE('',#808,#825,#84,.F.);
#638=EDGE_CURVE('',#830,#821,#85,.F.);
#639=EDGE_CURVE('',#831,#832,#945,.F.);
#640=EDGE_CURVE('',#832,#759,#946,.F.);
#641=EDGE_CURVE('',#831,#760,#947,.T.);
#642=EDGE_CURVE('',#819,#833,#948,.T.);
#643=EDGE_CURVE('',#833,#834,#949,.T.);
#644=EDGE_CURVE('',#835,#834,#950,.T.);
#645=EDGE_CURVE('',#790,#835,#951,.T.);
#646=EDGE_CURVE('',#804,#820,#86,.F.);
#647=EDGE_CURVE('',#836,#837,#87,.T.);
#648=EDGE_CURVE('',#837,#838,#952,.T.);
#649=EDGE_CURVE('',#838,#839,#953,.T.);
#650=EDGE_CURVE('',#839,#840,#88,.T.);
#651=EDGE_CURVE('',#840,#841,#954,.F.);
#652=EDGE_CURVE('',#841,#836,#955,.T.);
#653=EDGE_CURVE('',#842,#843,#956,.F.);
#654=EDGE_CURVE('',#843,#805,#957,.T.);
#655=EDGE_CURVE('',#806,#798,#89,.F.);
#656=EDGE_CURVE('',#797,#844,#958,.T.);
#657=EDGE_CURVE('',#844,#842,#959,.T.);
#658=EDGE_CURVE('',#827,#845,#960,.F.);
#659=EDGE_CURVE('',#845,#846,#961,.T.);
#660=EDGE_CURVE('',#847,#846,#962,.T.);
#661=EDGE_CURVE('',#795,#847,#963,.T.);
#662=EDGE_CURVE('',#794,#828,#90,.T.);
#663=EDGE_CURVE('',#848,#849,#91,.F.);
#664=EDGE_CURVE('',#849,#850,#964,.F.);
#665=EDGE_CURVE('',#850,#851,#965,.F.);
#666=EDGE_CURVE('',#851,#852,#92,.F.);
#667=EDGE_CURVE('',#852,#853,#966,.T.);
#668=EDGE_CURVE('',#853,#848,#967,.T.);
#669=EDGE_CURVE('',#854,#855,#968,.F.);
#670=EDGE_CURVE('',#855,#813,#969,.F.);
#671=EDGE_CURVE('',#814,#803,#93,.T.);
#672=EDGE_CURVE('',#856,#802,#970,.T.);
#673=EDGE_CURVE('',#854,#856,#971,.T.);
#674=EDGE_CURVE('',#811,#857,#972,.F.);
#675=EDGE_CURVE('',#857,#858,#973,.T.);
#676=EDGE_CURVE('',#859,#858,#974,.T.);
#677=EDGE_CURVE('',#859,#800,#975,.T.);
#678=EDGE_CURVE('',#799,#812,#94,.T.);
#679=EDGE_CURVE('',#860,#861,#95,.F.);
#680=EDGE_CURVE('',#861,#862,#976,.F.);
#681=EDGE_CURVE('',#862,#863,#977,.T.);
#682=EDGE_CURVE('',#863,#864,#96,.F.);
#683=EDGE_CURVE('',#864,#865,#978,.T.);
#684=EDGE_CURVE('',#865,#860,#979,.F.);
#685=EDGE_CURVE('',#834,#831,#97,.F.);
#686=EDGE_CURVE('',#762,#866,#98,.F.);
#687=EDGE_CURVE('',#866,#835,#980,.T.);
#688=EDGE_CURVE('',#866,#867,#981,.F.);
#689=EDGE_CURVE('',#867,#789,#27,.T.);
#690=EDGE_CURVE('',#801,#868,#982,.T.);
#691=EDGE_CURVE('',#868,#856,#983,.T.);
#692=EDGE_CURVE('',#858,#854,#99,.F.);
#693=EDGE_CURVE('',#868,#859,#984,.T.);
#694=EDGE_CURVE('',#846,#842,#100,.F.);
#695=EDGE_CURVE('',#844,#869,#985,.T.);
#696=EDGE_CURVE('',#869,#847,#986,.T.);
#697=EDGE_CURVE('',#869,#796,#987,.T.);
#698=EDGE_CURVE('',#770,#774,#136,.F.);
#699=EDGE_CURVE('',#774,#767,#101,.T.);
#700=EDGE_CURVE('',#870,#786,#102,.F.);
#701=EDGE_CURVE('',#757,#871,#103,.T.);
#702=EDGE_CURVE('',#870,#871,#988,.T.);
#703=EDGE_CURVE('',#872,#781,#989,.T.);
#704=EDGE_CURVE('',#873,#872,#990,.T.);
#705=EDGE_CURVE('',#873,#779,#991,.T.);
#706=EDGE_CURVE('',#874,#875,#992,.T.);
#707=EDGE_CURVE('',#777,#874,#993,.F.);
#708=EDGE_CURVE('',#875,#778,#994,.T.);
#709=EDGE_CURVE('',#874,#872,#104,.F.);
#710=EDGE_CURVE('',#875,#873,#105,.T.);
#711=EDGE_CURVE('',#876,#877,#995,.T.);
#712=EDGE_CURVE('',#878,#877,#106,.F.);
#713=EDGE_CURVE('',#878,#879,#996,.T.);
#714=EDGE_CURVE('',#879,#876,#107,.T.);
#715=EDGE_CURVE('',#877,#776,#997,.T.);
#716=EDGE_CURVE('',#876,#773,#998,.T.);
#717=EDGE_CURVE('',#870,#878,#999,.F.);
#718=EDGE_CURVE('',#879,#871,#1000,.T.);
#719=EDGE_CURVE('',#775,#768,#137,.T.);
#720=EDGE_CURVE('',#769,#785,#108,.F.);
#721=EDGE_CURVE('',#780,#783,#138,.F.);
#722=EDGE_CURVE('',#782,#764,#109,.F.);
#723=EDGE_CURVE('',#829,#822,#110,.F.);
#724=EDGE_CURVE('',#833,#832,#111,.F.);
#725=EDGE_CURVE('',#845,#843,#112,.T.);
#726=EDGE_CURVE('',#857,#855,#113,.T.);
#727=EDGE_CURVE('',#761,#818,#114,.F.);
#728=EDGE_CURVE('',#823,#867,#115,.F.);
#729=EDGE_CURVE('',#815,#810,#116,.T.);
#730=EDGE_CURVE('',#807,#826,#117,.T.);
#731=EDGE_CURVE('',#829,#793,#118,.T.);
#732=EDGE_CURVE('',#822,#792,#119,.T.);
#733=EDGE_CURVE('',#823,#791,#120,.T.);
#734=EDGE_CURVE('',#778,#779,#121,.T.);
#735=EDGE_CURVE('',#871,#773,#122,.T.);
#736=EDGE_CURVE('',#853,#827,#139,.T.);
#737=EDGE_CURVE('',#845,#852,#123,.T.);
#738=EDGE_CURVE('',#843,#851,#124,.T.);
#739=EDGE_CURVE('',#848,#826,#125,.T.);
#740=EDGE_CURVE('',#805,#850,#140,.F.);
#741=EDGE_CURVE('',#849,#807,#126,.T.);
#742=EDGE_CURVE('',#865,#811,#141,.T.);
#743=EDGE_CURVE('',#857,#864,#127,.T.);
#744=EDGE_CURVE('',#855,#863,#128,.T.);
#745=EDGE_CURVE('',#860,#810,#129,.T.);
#746=EDGE_CURVE('',#813,#862,#142,.F.);
#747=EDGE_CURVE('',#861,#815,#130,.T.);
#748=EDGE_CURVE('',#833,#840,#131,.T.);
#749=EDGE_CURVE('',#841,#819,#143,.F.);
#750=EDGE_CURVE('',#836,#818,#132,.T.);
#751=EDGE_CURVE('',#832,#839,#133,.T.);
#752=EDGE_CURVE('',#837,#761,#134,.T.);
#753=EDGE_CURVE('',#759,#838,#144,.T.);
#754=VERTEX_POINT('',#2007);
#755=VERTEX_POINT('',#2008);
#756=VERTEX_POINT('',#2010);
#757=VERTEX_POINT('',#2012);
#758=VERTEX_POINT('',#2014);
#759=VERTEX_POINT('',#2018);
#760=VERTEX_POINT('',#2019);
#761=VERTEX_POINT('',#2021);
#762=VERTEX_POINT('',#2023);
#763=VERTEX_POINT('',#2027);
#764=VERTEX_POINT('',#2028);
#765=VERTEX_POINT('',#2033);
#766=VERTEX_POINT('',#2035);
#767=VERTEX_POINT('',#2037);
#768=VERTEX_POINT('',#2041);
#769=VERTEX_POINT('',#2042);
#770=VERTEX_POINT('',#2044);
#771=VERTEX_POINT('',#2046);
#772=VERTEX_POINT('',#2048);
#773=VERTEX_POINT('',#2055);
#774=VERTEX_POINT('',#2056);
#775=VERTEX_POINT('',#2058);
#776=VERTEX_POINT('',#2060);
#777=VERTEX_POINT('',#2064);
#778=VERTEX_POINT('',#2066);
#779=VERTEX_POINT('',#2070);
#780=VERTEX_POINT('',#2072);
#781=VERTEX_POINT('',#2074);
#782=VERTEX_POINT('',#2078);
#783=VERTEX_POINT('',#2079);
#784=VERTEX_POINT('',#2082);
#785=VERTEX_POINT('',#2089);
#786=VERTEX_POINT('',#2090);
#787=VERTEX_POINT('',#2095);
#788=VERTEX_POINT('',#2100);
#789=VERTEX_POINT('',#2102);
#790=VERTEX_POINT('',#2103);
#791=VERTEX_POINT('',#2105);
#792=VERTEX_POINT('',#2107);
#793=VERTEX_POINT('',#2109);
#794=VERTEX_POINT('',#2111);
#795=VERTEX_POINT('',#2113);
#796=VERTEX_POINT('',#2115);
#797=VERTEX_POINT('',#2117);
#798=VERTEX_POINT('',#2119);
#799=VERTEX_POINT('',#2121);
#800=VERTEX_POINT('',#2123);
#801=VERTEX_POINT('',#2125);
#802=VERTEX_POINT('',#2127);
#803=VERTEX_POINT('',#2129);
#804=VERTEX_POINT('',#2131);
#805=VERTEX_POINT('',#2135);
#806=VERTEX_POINT('',#2136);
#807=VERTEX_POINT('',#2138);
#808=VERTEX_POINT('',#2140);
#809=VERTEX_POINT('',#2142);
#810=VERTEX_POINT('',#2144);
#811=VERTEX_POINT('',#2146);
#812=VERTEX_POINT('',#2148);
#813=VERTEX_POINT('',#2152);
#814=VERTEX_POINT('',#2153);
#815=VERTEX_POINT('',#2155);
#816=VERTEX_POINT('',#2157);
#817=VERTEX_POINT('',#2159);
#818=VERTEX_POINT('',#2161);
#819=VERTEX_POINT('',#2163);
#820=VERTEX_POINT('',#2165);
#821=VERTEX_POINT('',#2169);
#822=VERTEX_POINT('',#2170);
#823=VERTEX_POINT('',#2172);
#824=VERTEX_POINT('',#2174);
#825=VERTEX_POINT('',#2178);
#826=VERTEX_POINT('',#2179);
#827=VERTEX_POINT('',#2181);
#828=VERTEX_POINT('',#2183);
#829=VERTEX_POINT('',#2185);
#830=VERTEX_POINT('',#2187);
#831=VERTEX_POINT('',#2199);
#832=VERTEX_POINT('',#2200);
#833=VERTEX_POINT('',#2205);
#834=VERTEX_POINT('',#2207);
#835=VERTEX_POINT('',#2209);
#836=VERTEX_POINT('',#2214);
#837=VERTEX_POINT('',#2215);
#838=VERTEX_POINT('',#2217);
#839=VERTEX_POINT('',#2219);
#840=VERTEX_POINT('',#2221);
#841=VERTEX_POINT('',#2223);
#842=VERTEX_POINT('',#2227);
#843=VERTEX_POINT('',#2228);
#844=VERTEX_POINT('',#2232);
#845=VERTEX_POINT('',#2236);
#846=VERTEX_POINT('',#2238);
#847=VERTEX_POINT('',#2240);
#848=VERTEX_POINT('',#2245);
#849=VERTEX_POINT('',#2246);
#850=VERTEX_POINT('',#2248);
#851=VERTEX_POINT('',#2250);
#852=VERTEX_POINT('',#2252);
#853=VERTEX_POINT('',#2254);
#854=VERTEX_POINT('',#2258);
#855=VERTEX_POINT('',#2259);
#856=VERTEX_POINT('',#2263);
#857=VERTEX_POINT('',#2267);
#858=VERTEX_POINT('',#2269);
#859=VERTEX_POINT('',#2271);
#860=VERTEX_POINT('',#2276);
#861=VERTEX_POINT('',#2277);
#862=VERTEX_POINT('',#2279);
#863=VERTEX_POINT('',#2281);
#864=VERTEX_POINT('',#2283);
#865=VERTEX_POINT('',#2285);
#866=VERTEX_POINT('',#2290);
#867=VERTEX_POINT('',#2294);
#868=VERTEX_POINT('',#2303);
#869=VERTEX_POINT('',#2312);
#870=VERTEX_POINT('',#2322);
#871=VERTEX_POINT('',#2324);
#872=VERTEX_POINT('',#2328);
#873=VERTEX_POINT('',#2330);
#874=VERTEX_POINT('',#2334);
#875=VERTEX_POINT('',#2335);
#876=VERTEX_POINT('',#2343);
#877=VERTEX_POINT('',#2344);
#878=VERTEX_POINT('',#2346);
#879=VERTEX_POINT('',#2348);
#880=LINE('',#2006,#1001);
#881=LINE('',#2013,#1002);
#882=LINE('',#2017,#1003);
#883=LINE('',#2020,#1004);
#884=LINE('',#2022,#1005);
#885=LINE('',#2024,#1006);
#886=LINE('',#2026,#1007);
#887=LINE('',#2034,#1008);
#888=LINE('',#2036,#1009);
#889=LINE('',#2038,#1010);
#890=LINE('',#2040,#1011);
#891=LINE('',#2043,#1012);
#892=LINE('',#2045,#1013);
#893=LINE('',#2047,#1014);
#894=LINE('',#2057,#1015);
#895=LINE('',#2061,#1016);
#896=LINE('',#2067,#1017);
#897=LINE('',#2071,#1018);
#898=LINE('',#2075,#1019);
#899=LINE('',#2077,#1020);
#900=LINE('',#2080,#1021);
#901=LINE('',#2081,#1022);
#902=LINE('',#2088,#1023);
#903=LINE('',#2096,#1024);
#904=LINE('',#2097,#1025);
#905=LINE('',#2101,#1026);
#906=LINE('',#2106,#1027);
#907=LINE('',#2110,#1028);
#908=LINE('',#2112,#1029);
#909=LINE('',#2114,#1030);
#910=LINE('',#2116,#1031);
#911=LINE('',#2118,#1032);
#912=LINE('',#2120,#1033);
#913=LINE('',#2122,#1034);
#914=LINE('',#2124,#1035);
#915=LINE('',#2126,#1036);
#916=LINE('',#2128,#1037);
#917=LINE('',#2130,#1038);
#918=LINE('',#2132,#1039);
#919=LINE('',#2134,#1040);
#920=LINE('',#2137,#1041);
#921=LINE('',#2139,#1042);
#922=LINE('',#2141,#1043);
#923=LINE('',#2143,#1044);
#924=LINE('',#2145,#1045);
#925=LINE('',#2147,#1046);
#926=LINE('',#2149,#1047);
#927=LINE('',#2151,#1048);
#928=LINE('',#2154,#1049);
#929=LINE('',#2156,#1050);
#930=LINE('',#2158,#1051);
#931=LINE('',#2160,#1052);
#932=LINE('',#2162,#1053);
#933=LINE('',#2164,#1054);
#934=LINE('',#2166,#1055);
#935=LINE('',#2168,#1056);
#936=LINE('',#2171,#1057);
#937=LINE('',#2173,#1058);
#938=LINE('',#2175,#1059);
#939=LINE('',#2177,#1060);
#940=LINE('',#2180,#1061);
#941=LINE('',#2182,#1062);
#942=LINE('',#2184,#1063);
#943=LINE('',#2186,#1064);
#944=LINE('',#2188,#1065);
#945=LINE('',#2198,#1066);
#946=LINE('',#2201,#1067);
#947=LINE('',#2202,#1068);
#948=LINE('',#2204,#1069);
#949=LINE('',#2206,#1070);
#950=LINE('',#2208,#1071);
#951=LINE('',#2210,#1072);
#952=LINE('',#2216,#1073);
#953=LINE('',#2218,#1074);
#954=LINE('',#2222,#1075);
#955=LINE('',#2224,#1076);
#956=LINE('',#2226,#1077);
#957=LINE('',#2229,#1078);
#958=LINE('',#2231,#1079);
#959=LINE('',#2233,#1080);
#960=LINE('',#2235,#1081);
#961=LINE('',#2237,#1082);
#962=LINE('',#2239,#1083);
#963=LINE('',#2241,#1084);
#964=LINE('',#2247,#1085);
#965=LINE('',#2249,#1086);
#966=LINE('',#2253,#1087);
#967=LINE('',#2255,#1088);
#968=LINE('',#2257,#1089);
#969=LINE('',#2260,#1090);
#970=LINE('',#2262,#1091);
#971=LINE('',#2264,#1092);
#972=LINE('',#2266,#1093);
#973=LINE('',#2268,#1094);
#974=LINE('',#2270,#1095);
#975=LINE('',#2272,#1096);
#976=LINE('',#2278,#1097);
#977=LINE('',#2280,#1098);
#978=LINE('',#2284,#1099);
#979=LINE('',#2286,#1100);
#980=LINE('',#2291,#1101);
#981=LINE('',#2293,#1102);
#982=LINE('',#2302,#1103);
#983=LINE('',#2304,#1104);
#984=LINE('',#2307,#1105);
#985=LINE('',#2311,#1106);
#986=LINE('',#2313,#1107);
#987=LINE('',#2315,#1108);
#988=LINE('',#2325,#1109);
#989=LINE('',#2327,#1110);
#990=LINE('',#2329,#1111);
#991=LINE('',#2331,#1112);
#992=LINE('',#2333,#1113);
#993=LINE('',#2336,#1114);
#994=LINE('',#2337,#1115);
#995=LINE('',#2342,#1116);
#996=LINE('',#2347,#1117);
#997=LINE('',#2351,#1118);
#998=LINE('',#2352,#1119);
#999=LINE('',#2354,#1120);
#1000=LINE('',#2355,#1121);
#1001=VECTOR('',#1571,1.);
#1002=VECTOR('',#1576,1.);
#1003=VECTOR('',#1581,1.);
#1004=VECTOR('',#1582,1.);
#1005=VECTOR('',#1583,1.);
#1006=VECTOR('',#1584,1.);
#1007=VECTOR('',#1587,1.);
#1008=VECTOR('',#1588,1.);
#1009=VECTOR('',#1589,1.);
#1010=VECTOR('',#1590,1.);
#1011=VECTOR('',#1593,1.);
#1012=VECTOR('',#1594,1.);
#1013=VECTOR('',#1595,1.);
#1014=VECTOR('',#1596,1.);
#1015=VECTOR('',#1601,1.);
#1016=VECTOR('',#1604,1.);
#1017=VECTOR('',#1611,1.);
#1018=VECTOR('',#1616,1.);
#1019=VECTOR('',#1619,1.);
#1020=VECTOR('',#1622,1.);
#1021=VECTOR('',#1623,1.);
#1022=VECTOR('',#1624,1.);
#1023=VECTOR('',#1627,1.);
#1024=VECTOR('',#1628,1.);
#1025=VECTOR('',#1629,1.);
#1026=VECTOR('',#1634,1.);
#1027=VECTOR('',#1637,1.);
#1028=VECTOR('',#1640,1.);
#1029=VECTOR('',#1641,1.);
#1030=VECTOR('',#1642,1.);
#1031=VECTOR('',#1643,1.);
#1032=VECTOR('',#1644,1.);
#1033=VECTOR('',#1645,1.);
#1034=VECTOR('',#1646,1.);
#1035=VECTOR('',#1647,1.);
#1036=VECTOR('',#1648,1.);
#1037=VECTOR('',#1649,1.);
#1038=VECTOR('',#1650,1.);
#1039=VECTOR('',#1651,1.);
#1040=VECTOR('',#1654,1.);
#1041=VECTOR('',#1655,1.);
#1042=VECTOR('',#1656,1.);
#1043=VECTOR('',#1657,1.);
#1044=VECTOR('',#1658,1.);
#1045=VECTOR('',#1659,1.);
#1046=VECTOR('',#1660,1.);
#1047=VECTOR('',#1661,1.);
#1048=VECTOR('',#1664,1.);
#1049=VECTOR('',#1665,1.);
#1050=VECTOR('',#1666,1.);
#1051=VECTOR('',#1667,1.);
#1052=VECTOR('',#1668,1.);
#1053=VECTOR('',#1669,1.);
#1054=VECTOR('',#1670,1.);
#1055=VECTOR('',#1671,1.);
#1056=VECTOR('',#1674,1.);
#1057=VECTOR('',#1675,1.);
#1058=VECTOR('',#1676,1.);
#1059=VECTOR('',#1677,1.);
#1060=VECTOR('',#1680,1.);
#1061=VECTOR('',#1681,1.);
#1062=VECTOR('',#1682,1.);
#1063=VECTOR('',#1683,1.);
#1064=VECTOR('',#1684,1.);
#1065=VECTOR('',#1685,1.);
#1066=VECTOR('',#1704,1.);
#1067=VECTOR('',#1705,1.);
#1068=VECTOR('',#1706,1.);
#1069=VECTOR('',#1709,1.);
#1070=VECTOR('',#1710,1.);
#1071=VECTOR('',#1711,1.);
#1072=VECTOR('',#1712,1.);
#1073=VECTOR('',#1719,1.);
#1074=VECTOR('',#1720,1.);
#1075=VECTOR('',#1723,1.);
#1076=VECTOR('',#1724,1.);
#1077=VECTOR('',#1727,1.);
#1078=VECTOR('',#1728,1.);
#1079=VECTOR('',#1731,1.);
#1080=VECTOR('',#1732,1.);
#1081=VECTOR('',#1735,1.);
#1082=VECTOR('',#1736,1.);
#1083=VECTOR('',#1737,1.);
#1084=VECTOR('',#1738,1.);
#1085=VECTOR('',#1745,1.);
#1086=VECTOR('',#1746,1.);
#1087=VECTOR('',#1749,1.);
#1088=VECTOR('',#1750,1.);
#1089=VECTOR('',#1753,1.);
#1090=VECTOR('',#1754,1.);
#1091=VECTOR('',#1757,1.);
#1092=VECTOR('',#1758,1.);
#1093=VECTOR('',#1761,1.);
#1094=VECTOR('',#1762,1.);
#1095=VECTOR('',#1763,1.);
#1096=VECTOR('',#1764,1.);
#1097=VECTOR('',#1771,1.);
#1098=VECTOR('',#1772,1.);
#1099=VECTOR('',#1775,1.);
#1100=VECTOR('',#1776,1.);
#1101=VECTOR('',#1783,1.);
#1102=VECTOR('',#1786,1.);
#1103=VECTOR('',#1789,1.);
#1104=VECTOR('',#1790,1.);
#1105=VECTOR('',#1795,1.);
#1106=VECTOR('',#1802,1.);
#1107=VECTOR('',#1803,1.);
#1108=VECTOR('',#1806,1.);
#1109=VECTOR('',#1821,1.);
#1110=VECTOR('',#1824,1.);
#1111=VECTOR('',#1825,1.);
#1112=VECTOR('',#1826,1.);
#1113=VECTOR('',#1829,1.);
#1114=VECTOR('',#1830,1.);
#1115=VECTOR('',#1831,1.);
#1116=VECTOR('',#1840,1.);
#1117=VECTOR('',#1843,1.);
#1118=VECTOR('',#1848,1.);
#1119=VECTOR('',#1849,1.);
#1120=VECTOR('',#1852,1.);
#1121=VECTOR('',#1853,1.);
#1122=EDGE_LOOP('',(#145,#146,#147,#148,#149));
#1123=EDGE_LOOP('',(#150,#151,#152,#153));
#1124=EDGE_LOOP('',(#154,#155,#156,#157,#158));
#1125=EDGE_LOOP('',(#159,#160,#161,#162,#163));
#1126=EDGE_LOOP('',(#164,#165,#166,#167));
#1127=EDGE_LOOP('',(#168,#169,#170,#171));
#1128=EDGE_LOOP('',(#172,#173,#174,#175));
#1129=EDGE_LOOP('',(#176,#177,#178,#179,#180));
#1130=EDGE_LOOP('',(#181,#182,#183,#184,#185));
#1131=EDGE_LOOP('',(#186));
#1132=EDGE_LOOP('',(#187,#188,#189,#190,#191,#192,#193,#194,#195,#196,#197,
#198,#199,#200,#201,#202));
#1133=EDGE_LOOP('',(#203,#204,#205,#206,#207,#208,#209,#210));
#1134=EDGE_LOOP('',(#211,#212,#213,#214,#215,#216,#217,#218));
#1135=EDGE_LOOP('',(#219,#220,#221,#222));
#1136=EDGE_LOOP('',(#223,#224,#225,#226,#227,#228));
#1137=EDGE_LOOP('',(#229,#230,#231,#232,#233,#234,#235,#236));
#1138=EDGE_LOOP('',(#237,#238,#239,#240,#241,#242,#243,#244));
#1139=EDGE_LOOP('',(#245,#246,#247,#248));
#1140=EDGE_LOOP('',(#249,#250,#251,#252,#253,#254,#255));
#1141=EDGE_LOOP('',(#256,#257,#258,#259,#260,#261));
#1142=EDGE_LOOP('',(#262,#263,#264,#265,#266,#267,#268));
#1143=EDGE_LOOP('',(#269,#270,#271,#272,#273,#274,#275));
#1144=EDGE_LOOP('',(#276,#277,#278,#279,#280,#281));
#1145=EDGE_LOOP('',(#282,#283,#284,#285,#286,#287,#288));
#1146=EDGE_LOOP('',(#289,#290,#291,#292,#293,#294,#295));
#1147=EDGE_LOOP('',(#296,#297,#298,#299,#300,#301));
#1148=EDGE_LOOP('',(#302,#303,#304,#305,#306,#307));
#1149=EDGE_LOOP('',(#308,#309,#310,#311,#312));
#1150=EDGE_LOOP('',(#313,#314,#315,#316));
#1151=EDGE_LOOP('',(#317,#318,#319,#320,#321));
#1152=EDGE_LOOP('',(#322,#323,#324,#325));
#1153=EDGE_LOOP('',(#326,#327,#328,#329,#330));
#1154=EDGE_LOOP('',(#331,#332,#333,#334));
#1155=EDGE_LOOP('',(#335,#336,#337,#338));
#1156=EDGE_LOOP('',(#339,#340,#341,#342,#343));
#1157=EDGE_LOOP('',(#344,#345,#346,#347));
#1158=EDGE_LOOP('',(#348,#349,#350,#351));
#1159=EDGE_LOOP('',(#352,#353,#354,#355));
#1160=EDGE_LOOP('',(#356,#357,#358,#359));
#1161=EDGE_LOOP('',(#360,#361,#362,#363));
#1162=EDGE_LOOP('',(#364,#365,#366,#367));
#1163=EDGE_LOOP('',(#368,#369,#370,#371));
#1164=EDGE_LOOP('',(#372,#373,#374,#375,#376,#377,#378,#379,#380));
#1165=EDGE_LOOP('',(#381,#382,#383,#384,#385,#386,#387,#388,#389));
#1166=EDGE_LOOP('',(#390,#391,#392,#393));
#1167=EDGE_LOOP('',(#394,#395,#396,#397));
#1168=EDGE_LOOP('',(#398,#399,#400,#401));
#1169=EDGE_LOOP('',(#402,#403,#404,#405));
#1170=EDGE_LOOP('',(#406,#407,#408,#409,#410,#411,#412,#413));
#1171=EDGE_LOOP('',(#414,#415,#416,#417));
#1172=EDGE_LOOP('',(#418,#419,#420,#421));
#1173=EDGE_LOOP('',(#422,#423,#424,#425));
#1174=EDGE_LOOP('',(#426,#427,#428,#429));
#1175=EDGE_LOOP('',(#430,#431,#432,#433));
#1176=EDGE_LOOP('',(#434,#435,#436,#437));
#1177=EDGE_LOOP('',(#438,#439,#440,#441));
#1178=EDGE_LOOP('',(#442,#443,#444,#445));
#1179=EDGE_LOOP('',(#446));
#1180=EDGE_LOOP('',(#447,#448,#449,#450,#451,#452,#453,#454));
#1181=EDGE_LOOP('',(#455,#456,#457,#458));
#1182=EDGE_LOOP('',(#459,#460,#461,#462));
#1183=EDGE_LOOP('',(#463,#464,#465,#466));
#1184=EDGE_LOOP('',(#467,#468,#469,#470));
#1185=EDGE_LOOP('',(#471,#472,#473,#474));
#1186=EDGE_LOOP('',(#475,#476,#477,#478));
#1187=EDGE_LOOP('',(#479,#480,#481,#482));
#1188=EDGE_LOOP('',(#483,#484,#485,#486));
#1189=EDGE_LOOP('',(#487,#488,#489,#490));
#1190=EDGE_LOOP('',(#491,#492,#493,#494));
#1191=EDGE_LOOP('',(#495,#496,#497,#498));
#1192=EDGE_LOOP('',(#499,#500,#501,#502));
#1193=EDGE_LOOP('',(#503,#504,#505,#506));
#1194=EDGE_LOOP('',(#507,#508,#509,#510));
#1195=EDGE_LOOP('',(#511,#512,#513,#514));
#1196=EDGE_LOOP('',(#515,#516,#517,#518));
#1197=EDGE_LOOP('',(#519,#520,#521,#522));
#1198=EDGE_LOOP('',(#523,#524,#525,#526));
#1199=EDGE_LOOP('',(#527,#528,#529,#530));
#1200=EDGE_LOOP('',(#531,#532,#533,#534));
#1201=EDGE_LOOP('',(#535,#536,#537,#538));
#1202=EDGE_LOOP('',(#539,#540,#541,#542));
#1203=EDGE_LOOP('',(#543,#544,#545,#546));
#1204=EDGE_LOOP('',(#547,#548,#549,#550));
#1205=FACE_BOUND('',#1122,.T.);
#1206=FACE_BOUND('',#1123,.T.);
#1207=FACE_BOUND('',#1124,.T.);
#1208=FACE_BOUND('',#1125,.T.);
#1209=FACE_BOUND('',#1126,.T.);
#1210=FACE_BOUND('',#1127,.T.);
#1211=FACE_BOUND('',#1128,.T.);
#1212=FACE_BOUND('',#1129,.T.);
#1213=FACE_BOUND('',#1130,.T.);
#1214=FACE_BOUND('',#1131,.T.);
#1215=FACE_BOUND('',#1132,.T.);
#1216=FACE_BOUND('',#1133,.T.);
#1217=FACE_BOUND('',#1134,.T.);
#1218=FACE_BOUND('',#1135,.T.);
#1219=FACE_BOUND('',#1136,.T.);
#1220=FACE_BOUND('',#1137,.T.);
#1221=FACE_BOUND('',#1138,.T.);
#1222=FACE_BOUND('',#1139,.T.);
#1223=FACE_BOUND('',#1140,.T.);
#1224=FACE_BOUND('',#1141,.T.);
#1225=FACE_BOUND('',#1142,.T.);
#1226=FACE_BOUND('',#1143,.T.);
#1227=FACE_BOUND('',#1144,.T.);
#1228=FACE_BOUND('',#1145,.T.);
#1229=FACE_BOUND('',#1146,.T.);
#1230=FACE_BOUND('',#1147,.T.);
#1231=FACE_BOUND('',#1148,.T.);
#1232=FACE_BOUND('',#1149,.T.);
#1233=FACE_BOUND('',#1150,.T.);
#1234=FACE_BOUND('',#1151,.T.);
#1235=FACE_BOUND('',#1152,.T.);
#1236=FACE_BOUND('',#1153,.T.);
#1237=FACE_BOUND('',#1154,.T.);
#1238=FACE_BOUND('',#1155,.T.);
#1239=FACE_BOUND('',#1156,.T.);
#1240=FACE_BOUND('',#1157,.T.);
#1241=FACE_BOUND('',#1158,.T.);
#1242=FACE_BOUND('',#1159,.T.);
#1243=FACE_BOUND('',#1160,.T.);
#1244=FACE_BOUND('',#1161,.T.);
#1245=FACE_BOUND('',#1162,.T.);
#1246=FACE_BOUND('',#1163,.T.);
#1247=FACE_BOUND('',#1164,.T.);
#1248=FACE_BOUND('',#1165,.T.);
#1249=FACE_BOUND('',#1166,.T.);
#1250=FACE_BOUND('',#1167,.T.);
#1251=FACE_BOUND('',#1168,.T.);
#1252=FACE_BOUND('',#1169,.T.);
#1253=FACE_BOUND('',#1170,.T.);
#1254=FACE_BOUND('',#1171,.T.);
#1255=FACE_BOUND('',#1172,.T.);
#1256=FACE_BOUND('',#1173,.T.);
#1257=FACE_BOUND('',#1174,.T.);
#1258=FACE_BOUND('',#1175,.T.);
#1259=FACE_BOUND('',#1176,.T.);
#1260=FACE_BOUND('',#1177,.T.);
#1261=FACE_BOUND('',#1178,.T.);
#1262=FACE_BOUND('',#1179,.T.);
#1263=FACE_BOUND('',#1180,.T.);
#1264=FACE_BOUND('',#1181,.T.);
#1265=FACE_BOUND('',#1182,.T.);
#1266=FACE_BOUND('',#1183,.T.);
#1267=FACE_BOUND('',#1184,.T.);
#1268=FACE_BOUND('',#1185,.T.);
#1269=FACE_BOUND('',#1186,.T.);
#1270=FACE_BOUND('',#1187,.T.);
#1271=FACE_BOUND('',#1188,.T.);
#1272=FACE_BOUND('',#1189,.T.);
#1273=FACE_BOUND('',#1190,.T.);
#1274=FACE_BOUND('',#1191,.T.);
#1275=FACE_BOUND('',#1192,.T.);
#1276=FACE_BOUND('',#1193,.T.);
#1277=FACE_BOUND('',#1194,.T.);
#1278=FACE_BOUND('',#1195,.T.);
#1279=FACE_BOUND('',#1196,.T.);
#1280=FACE_BOUND('',#1197,.T.);
#1281=FACE_BOUND('',#1198,.T.);
#1282=FACE_BOUND('',#1199,.T.);
#1283=FACE_BOUND('',#1200,.T.);
#1284=FACE_BOUND('',#1201,.T.);
#1285=FACE_BOUND('',#1202,.T.);
#1286=FACE_BOUND('',#1203,.T.);
#1287=FACE_BOUND('',#1204,.T.);
#1288=CYLINDRICAL_SURFACE('',#1410,0.00971363217339426);
#1289=CYLINDRICAL_SURFACE('',#1476,0.00971363217339426);
#1290=CYLINDRICAL_SURFACE('',#1492,0.00508);
#1291=CYLINDRICAL_SURFACE('',#1495,0.00508);
#1292=CYLINDRICAL_SURFACE('',#1498,0.04191);
#1293=CYLINDRICAL_SURFACE('',#1500,0.00635);
#1294=CYLINDRICAL_SURFACE('',#1502,0.00635);
#1295=CYLINDRICAL_SURFACE('',#1504,0.00635);
#1296=CYLINDRICAL_SURFACE('',#1506,0.00635);
#1297=CYLINDRICAL_SURFACE('',#1509,0.00635);
#1298=CYLINDRICAL_SURFACE('',#1511,0.00635);
#1299=CYLINDRICAL_SURFACE('',#1513,0.00381);
#1300=CYLINDRICAL_SURFACE('',#1517,0.00381);
#1301=CYLINDRICAL_SURFACE('',#1520,0.00381);
#1302=CYLINDRICAL_SURFACE('',#1521,0.00381);
#1303=CYLINDRICAL_SURFACE('',#1525,0.00971363217339426);
#1304=CYLINDRICAL_SURFACE('',#1526,0.00971363217339427);
#1305=CYLINDRICAL_SURFACE('',#1527,0.00254);
#1306=CYLINDRICAL_SURFACE('',#1532,0.00254);
#1307=CYLINDRICAL_SURFACE('',#1534,0.00254);
#1308=CYLINDRICAL_SURFACE('',#1538,0.00254);
#1309=CYLINDRICAL_SURFACE('',#1539,0.00254);
#1310=CYLINDRICAL_SURFACE('',#1544,0.00254);
#1311=CYLINDRICAL_SURFACE('',#1546,0.00254);
#1312=CYLINDRICAL_SURFACE('',#1550,0.00254);
#1313=CYLINDRICAL_SURFACE('',#1551,0.00254);
#1314=CYLINDRICAL_SURFACE('',#1554,0.00254);
#1315=CYLINDRICAL_SURFACE('',#1560,0.00254);
#1316=CYLINDRICAL_SURFACE('',#1562,0.00254);
#1317=ADVANCED_FACE('',(#1205),#1288,.F.);
#1318=ADVANCED_FACE('',(#1206),#28,.T.);
#1319=ADVANCED_FACE('',(#1207),#29,.T.);
#1320=ADVANCED_FACE('',(#1208),#30,.F.);
#1321=ADVANCED_FACE('',(#1209),#31,.T.);
#1322=ADVANCED_FACE('',(#1210),#32,.T.);
#1323=ADVANCED_FACE('',(#1211),#33,.T.);
#1324=ADVANCED_FACE('',(#1212),#34,.T.);
#1325=ADVANCED_FACE('',(#1213),#35,.F.);
#1326=ADVANCED_FACE('',(#1214,#1215),#36,.T.);
#1327=ADVANCED_FACE('',(#1216),#37,.F.);
#1328=ADVANCED_FACE('',(#1217),#38,.F.);
#1329=ADVANCED_FACE('',(#1218),#39,.T.);
#1330=ADVANCED_FACE('',(#1219),#40,.T.);
#1331=ADVANCED_FACE('',(#1220,#1221),#41,.F.);
#1332=ADVANCED_FACE('',(#1222),#42,.F.);
#1333=ADVANCED_FACE('',(#1223),#43,.T.);
#1334=ADVANCED_FACE('',(#1224),#44,.T.);
#1335=ADVANCED_FACE('',(#1225),#45,.T.);
#1336=ADVANCED_FACE('',(#1226),#46,.F.);
#1337=ADVANCED_FACE('',(#1227),#47,.F.);
#1338=ADVANCED_FACE('',(#1228),#48,.F.);
#1339=ADVANCED_FACE('',(#1229),#49,.F.);
#1340=ADVANCED_FACE('',(#1230),#50,.F.);
#1341=ADVANCED_FACE('',(#1231),#51,.F.);
#1342=ADVANCED_FACE('',(#1232),#52,.F.);
#1343=ADVANCED_FACE('',(#1233),#53,.F.);
#1344=ADVANCED_FACE('',(#1234),#54,.F.);
#1345=ADVANCED_FACE('',(#1235),#55,.T.);
#1346=ADVANCED_FACE('',(#1236),#56,.F.);
#1347=ADVANCED_FACE('',(#1237),#57,.F.);
#1348=ADVANCED_FACE('',(#1238),#58,.T.);
#1349=ADVANCED_FACE('',(#1239),#1289,.F.);
#1350=ADVANCED_FACE('',(#1240),#59,.T.);
#1351=ADVANCED_FACE('',(#1241),#60,.F.);
#1352=ADVANCED_FACE('',(#1242),#61,.F.);
#1353=ADVANCED_FACE('',(#1243),#62,.F.);
#1354=ADVANCED_FACE('',(#1244),#63,.F.);
#1355=ADVANCED_FACE('',(#1245),#64,.F.);
#1356=ADVANCED_FACE('',(#1246),#65,.F.);
#1357=ADVANCED_FACE('',(#1247),#1290,.F.);
#1358=ADVANCED_FACE('',(#1248),#1291,.F.);
#1359=ADVANCED_FACE('',(#1249),#1292,.T.);
#1360=ADVANCED_FACE('',(#1250),#1293,.T.);
#1361=ADVANCED_FACE('',(#1251),#1294,.T.);
#1362=ADVANCED_FACE('',(#1252),#1295,.T.);
#1363=ADVANCED_FACE('',(#1253),#1296,.T.);
#1364=ADVANCED_FACE('',(#1254),#1297,.T.);
#1365=ADVANCED_FACE('',(#1255),#1298,.T.);
#1366=ADVANCED_FACE('',(#1256),#1299,.T.);
#1367=ADVANCED_FACE('',(#1257),#15,.T.);
#1368=ADVANCED_FACE('',(#1258),#1300,.T.);
#1369=ADVANCED_FACE('',(#1259),#14,.T.);
#1370=ADVANCED_FACE('',(#1260),#1301,.T.);
#1371=ADVANCED_FACE('',(#1261),#1302,.T.);
#1372=ADVANCED_FACE('',(#1262,#1263),#16,.T.);
#1373=ADVANCED_FACE('',(#1264),#1303,.F.);
#1374=ADVANCED_FACE('',(#1265),#1304,.F.);
#1375=ADVANCED_FACE('',(#1266),#1305,.T.);
#1376=ADVANCED_FACE('',(#1267),#17,.T.);
#1377=ADVANCED_FACE('',(#1268),#1306,.T.);
#1378=ADVANCED_FACE('',(#1269),#1307,.T.);
#1379=ADVANCED_FACE('',(#1270),#18,.T.);
#1380=ADVANCED_FACE('',(#1271),#1308,.T.);
#1381=ADVANCED_FACE('',(#1272),#1309,.T.);
#1382=ADVANCED_FACE('',(#1273),#19,.T.);
#1383=ADVANCED_FACE('',(#1274),#1310,.T.);
#1384=ADVANCED_FACE('',(#1275),#1311,.T.);
#1385=ADVANCED_FACE('',(#1276),#20,.T.);
#1386=ADVANCED_FACE('',(#1277),#1312,.T.);
#1387=ADVANCED_FACE('',(#1278),#1313,.T.);
#1388=ADVANCED_FACE('',(#1279),#1314,.T.);
#1389=ADVANCED_FACE('',(#1280),#21,.T.);
#1390=ADVANCED_FACE('',(#1281),#22,.T.);
#1391=ADVANCED_FACE('',(#1282),#1315,.T.);
#1392=ADVANCED_FACE('',(#1283),#1316,.T.);
#1393=ADVANCED_FACE('',(#1284),#66,.T.);
#1394=ADVANCED_FACE('',(#1285),#67,.F.);
#1395=ADVANCED_FACE('',(#1286),#12,.F.);
#1396=ADVANCED_FACE('',(#1287),#13,.F.);
#1397=CLOSED_SHELL('',(#1317,#1318,#1319,#1320,#1321,#1322,#1323,#1324,
#1325,#1326,#1327,#1328,#1329,#1330,#1331,#1332,#1333,#1334,#1335,#1336,
#1337,#1338,#1339,#1340,#1341,#1342,#1343,#1344,#1345,#1346,#1347,#1348,
#1349,#1350,#1351,#1352,#1353,#1354,#1355,#1356,#1357,#1358,#1359,#1360,
#1361,#1362,#1363,#1364,#1365,#1366,#1367,#1368,#1369,#1370,#1371,#1372,
#1373,#1374,#1375,#1376,#1377,#1378,#1379,#1380,#1381,#1382,#1383,#1384,
#1385,#1386,#1387,#1388,#1389,#1390,#1391,#1392,#1393,#1394,#1395,#1396));
#1398=STYLED_ITEM('',(#1399),#1406);
#1399=PRESENTATION_STYLE_ASSIGNMENT((#1400));
#1400=SURFACE_STYLE_USAGE(.BOTH.,#1401);
#1401=SURFACE_SIDE_STYLE('',(#1402));
#1402=SURFACE_STYLE_FILL_AREA(#1403);
#1403=FILL_AREA_STYLE('',(#1404));
#1404=FILL_AREA_STYLE_COLOUR('',#1405);
#1405=COLOUR_RGB('',0.792156862745098,0.819607843137255,0.933333333333333);
#1406=MANIFOLD_SOLID_BREP('Part 1',#1397);
#1407=SHAPE_DEFINITION_REPRESENTATION(#2437,#1408);
#1408=SHAPE_REPRESENTATION('Part 1',(#1409),#2432);
#1409=AXIS2_PLACEMENT_3D('',#2004,#1567,#1568);
#1410=AXIS2_PLACEMENT_3D('',#2005,#1569,#1570);
#1411=AXIS2_PLACEMENT_3D('',#2009,#1572,#1573);
#1412=AXIS2_PLACEMENT_3D('',#2011,#1574,#1575);
#1413=AXIS2_PLACEMENT_3D('',#2015,#1577,#1578);
#1414=AXIS2_PLACEMENT_3D('',#2016,#1579,#1580);
#1415=AXIS2_PLACEMENT_3D('',#2025,#1585,#1586);
#1416=AXIS2_PLACEMENT_3D('',#2039,#1591,#1592);
#1417=AXIS2_PLACEMENT_3D('',#2053,#1597,#1598);
#1418=AXIS2_PLACEMENT_3D('',#2054,#1599,#1600);
#1419=AXIS2_PLACEMENT_3D('',#2059,#1602,#1603);
#1420=AXIS2_PLACEMENT_3D('',#2062,#1605,#1606);
#1421=AXIS2_PLACEMENT_3D('',#2063,#1607,#1608);
#1422=AXIS2_PLACEMENT_3D('',#2065,#1609,#1610);
#1423=AXIS2_PLACEMENT_3D('',#2068,#1612,#1613);
#1424=AXIS2_PLACEMENT_3D('',#2069,#1614,#1615);
#1425=AXIS2_PLACEMENT_3D('',#2073,#1617,#1618);
#1426=AXIS2_PLACEMENT_3D('',#2076,#1620,#1621);
#1427=AXIS2_PLACEMENT_3D('',#2087,#1625,#1626);
#1428=AXIS2_PLACEMENT_3D('',#2098,#1630,#1631);
#1429=AXIS2_PLACEMENT_3D('',#2099,#1632,#1633);
#1430=AXIS2_PLACEMENT_3D('',#2104,#1635,#1636);
#1431=AXIS2_PLACEMENT_3D('',#2108,#1638,#1639);
#1432=AXIS2_PLACEMENT_3D('',#2133,#1652,#1653);
#1433=AXIS2_PLACEMENT_3D('',#2150,#1662,#1663);
#1434=AXIS2_PLACEMENT_3D('',#2167,#1672,#1673);
#1435=AXIS2_PLACEMENT_3D('',#2176,#1678,#1679);
#1436=AXIS2_PLACEMENT_3D('',#2189,#1686,#1687);
#1437=AXIS2_PLACEMENT_3D('',#2190,#1688,#1689);
#1438=AXIS2_PLACEMENT_3D('',#2191,#1690,#1691);
#1439=AXIS2_PLACEMENT_3D('',#2192,#1692,#1693);
#1440=AXIS2_PLACEMENT_3D('',#2193,#1694,#1695);
#1441=AXIS2_PLACEMENT_3D('',#2194,#1696,#1697);
#1442=AXIS2_PLACEMENT_3D('',#2195,#1698,#1699);
#1443=AXIS2_PLACEMENT_3D('',#2196,#1700,#1701);
#1444=AXIS2_PLACEMENT_3D('',#2197,#1702,#1703);
#1445=AXIS2_PLACEMENT_3D('',#2203,#1707,#1708);
#1446=AXIS2_PLACEMENT_3D('',#2211,#1713,#1714);
#1447=AXIS2_PLACEMENT_3D('',#2212,#1715,#1716);
#1448=AXIS2_PLACEMENT_3D('',#2213,#1717,#1718);
#1449=AXIS2_PLACEMENT_3D('',#2220,#1721,#1722);
#1450=AXIS2_PLACEMENT_3D('',#2225,#1725,#1726);
#1451=AXIS2_PLACEMENT_3D('',#2230,#1729,#1730);
#1452=AXIS2_PLACEMENT_3D('',#2234,#1733,#1734);
#1453=AXIS2_PLACEMENT_3D('',#2242,#1739,#1740);
#1454=AXIS2_PLACEMENT_3D('',#2243,#1741,#1742);
#1455=AXIS2_PLACEMENT_3D('',#2244,#1743,#1744);
#1456=AXIS2_PLACEMENT_3D('',#2251,#1747,#1748);
#1457=AXIS2_PLACEMENT_3D('',#2256,#1751,#1752);
#1458=AXIS2_PLACEMENT_3D('',#2261,#1755,#1756);
#1459=AXIS2_PLACEMENT_3D('',#2265,#1759,#1760);
#1460=AXIS2_PLACEMENT_3D('',#2273,#1765,#1766);
#1461=AXIS2_PLACEMENT_3D('',#2274,#1767,#1768);
#1462=AXIS2_PLACEMENT_3D('',#2275,#1769,#1770);
#1463=AXIS2_PLACEMENT_3D('',#2282,#1773,#1774);
#1464=AXIS2_PLACEMENT_3D('',#2287,#1777,#1778);
#1465=AXIS2_PLACEMENT_3D('',#2288,#1779,#1780);
#1466=AXIS2_PLACEMENT_3D('',#2289,#1781,#1782);
#1467=AXIS2_PLACEMENT_3D('',#2292,#1784,#1785);
#1468=AXIS2_PLACEMENT_3D('',#2301,#1787,#1788);
#1469=AXIS2_PLACEMENT_3D('',#2305,#1791,#1792);
#1470=AXIS2_PLACEMENT_3D('',#2306,#1793,#1794);
#1471=AXIS2_PLACEMENT_3D('',#2308,#1796,#1797);
#1472=AXIS2_PLACEMENT_3D('',#2309,#1798,#1799);
#1473=AXIS2_PLACEMENT_3D('',#2310,#1800,#1801);
#1474=AXIS2_PLACEMENT_3D('',#2314,#1804,#1805);
#1475=AXIS2_PLACEMENT_3D('',#2316,#1807,#1808);
#1476=AXIS2_PLACEMENT_3D('',#2317,#1809,#1810);
#1477=AXIS2_PLACEMENT_3D('',#2318,#1811,#1812);
#1478=AXIS2_PLACEMENT_3D('',#2319,#1813,#1814);
#1479=AXIS2_PLACEMENT_3D('',#2320,#1815,#1816);
#1480=AXIS2_PLACEMENT_3D('',#2321,#1817,#1818);
#1481=AXIS2_PLACEMENT_3D('',#2323,#1819,#1820);
#1482=AXIS2_PLACEMENT_3D('',#2326,#1822,#1823);
#1483=AXIS2_PLACEMENT_3D('',#2332,#1827,#1828);
#1484=AXIS2_PLACEMENT_3D('',#2338,#1832,#1833);
#1485=AXIS2_PLACEMENT_3D('',#2339,#1834,#1835);
#1486=AXIS2_PLACEMENT_3D('',#2340,#1836,#1837);
#1487=AXIS2_PLACEMENT_3D('',#2341,#1838,#1839);
#1488=AXIS2_PLACEMENT_3D('',#2345,#1841,#1842);
#1489=AXIS2_PLACEMENT_3D('',#2349,#1844,#1845);
#1490=AXIS2_PLACEMENT_3D('',#2350,#1846,#1847);
#1491=AXIS2_PLACEMENT_3D('',#2353,#1850,#1851);
#1492=AXIS2_PLACEMENT_3D('',#2356,#1854,#1855);
#1493=AXIS2_PLACEMENT_3D('',#2357,#1856,#1857);
#1494=AXIS2_PLACEMENT_3D('',#2358,#1858,#1859);
#1495=AXIS2_PLACEMENT_3D('',#2359,#1860,#1861);
#1496=AXIS2_PLACEMENT_3D('',#2360,#1862,#1863);
#1497=AXIS2_PLACEMENT_3D('',#2361,#1864,#1865);
#1498=AXIS2_PLACEMENT_3D('',#2362,#1866,#1867);
#1499=AXIS2_PLACEMENT_3D('',#2363,#1868,#1869);
#1500=AXIS2_PLACEMENT_3D('',#2364,#1870,#1871);
#1501=AXIS2_PLACEMENT_3D('',#2365,#1872,#1873);
#1502=AXIS2_PLACEMENT_3D('',#2366,#1874,#1875);
#1503=AXIS2_PLACEMENT_3D('',#2367,#1876,#1877);
#1504=AXIS2_PLACEMENT_3D('',#2368,#1878,#1879);
#1505=AXIS2_PLACEMENT_3D('',#2369,#1880,#1881);
#1506=AXIS2_PLACEMENT_3D('',#2370,#1882,#1883);
#1507=AXIS2_PLACEMENT_3D('',#2371,#1884,#1885);
#1508=AXIS2_PLACEMENT_3D('',#2372,#1886,#1887);
#1509=AXIS2_PLACEMENT_3D('',#2373,#1888,#1889);
#1510=AXIS2_PLACEMENT_3D('',#2374,#1890,#1891);
#1511=AXIS2_PLACEMENT_3D('',#2375,#1892,#1893);
#1512=AXIS2_PLACEMENT_3D('',#2376,#1894,#1895);
#1513=AXIS2_PLACEMENT_3D('',#2377,#1896,#1897);
#1514=AXIS2_PLACEMENT_3D('',#2378,#1898,#1899);
#1515=AXIS2_PLACEMENT_3D('',#2379,#1900,#1901);
#1516=AXIS2_PLACEMENT_3D('',#2380,#1902,#1903);
#1517=AXIS2_PLACEMENT_3D('',#2381,#1904,#1905);
#1518=AXIS2_PLACEMENT_3D('',#2382,#1906,#1907);
#1519=AXIS2_PLACEMENT_3D('',#2383,#1908,#1909);
#1520=AXIS2_PLACEMENT_3D('',#2384,#1910,#1911);
#1521=AXIS2_PLACEMENT_3D('',#2385,#1912,#1913);
#1522=AXIS2_PLACEMENT_3D('',#2386,#1914,#1915);
#1523=AXIS2_PLACEMENT_3D('',#2387,#1916,#1917);
#1524=AXIS2_PLACEMENT_3D('',#2388,#1918,#1919);
#1525=AXIS2_PLACEMENT_3D('',#2389,#1920,#1921);
#1526=AXIS2_PLACEMENT_3D('',#2390,#1922,#1923);
#1527=AXIS2_PLACEMENT_3D('',#2391,#1924,#1925);
#1528=AXIS2_PLACEMENT_3D('',#2392,#1926,#1927);
#1529=AXIS2_PLACEMENT_3D('',#2393,#1928,#1929);
#1530=AXIS2_PLACEMENT_3D('',#2394,#1930,#1931);
#1531=AXIS2_PLACEMENT_3D('',#2395,#1932,#1933);
#1532=AXIS2_PLACEMENT_3D('',#2396,#1934,#1935);
#1533=AXIS2_PLACEMENT_3D('',#2397,#1936,#1937);
#1534=AXIS2_PLACEMENT_3D('',#2398,#1938,#1939);
#1535=AXIS2_PLACEMENT_3D('',#2399,#1940,#1941);
#1536=AXIS2_PLACEMENT_3D('',#2400,#1942,#1943);
#1537=AXIS2_PLACEMENT_3D('',#2401,#1944,#1945);
#1538=AXIS2_PLACEMENT_3D('',#2402,#1946,#1947);
#1539=AXIS2_PLACEMENT_3D('',#2403,#1948,#1949);
#1540=AXIS2_PLACEMENT_3D('',#2404,#1950,#1951);
#1541=AXIS2_PLACEMENT_3D('',#2405,#1952,#1953);
#1542=AXIS2_PLACEMENT_3D('',#2406,#1954,#1955);
#1543=AXIS2_PLACEMENT_3D('',#2407,#1956,#1957);
#1544=AXIS2_PLACEMENT_3D('',#2408,#1958,#1959);
#1545=AXIS2_PLACEMENT_3D('',#2409,#1960,#1961);
#1546=AXIS2_PLACEMENT_3D('',#2410,#1962,#1963);
#1547=AXIS2_PLACEMENT_3D('',#2411,#1964,#1965);
#1548=AXIS2_PLACEMENT_3D('',#2412,#1966,#1967);
#1549=AXIS2_PLACEMENT_3D('',#2413,#1968,#1969);
#1550=AXIS2_PLACEMENT_3D('',#2414,#1970,#1971);
#1551=AXIS2_PLACEMENT_3D('',#2415,#1972,#1973);
#1552=AXIS2_PLACEMENT_3D('',#2416,#1974,#1975);
#1553=AXIS2_PLACEMENT_3D('',#2417,#1976,#1977);
#1554=AXIS2_PLACEMENT_3D('',#2418,#1978,#1979);
#1555=AXIS2_PLACEMENT_3D('',#2419,#1980,#1981);
#1556=AXIS2_PLACEMENT_3D('',#2420,#1982,#1983);
#1557=AXIS2_PLACEMENT_3D('',#2421,#1984,#1985);
#1558=AXIS2_PLACEMENT_3D('',#2422,#1986,#1987);
#1559=AXIS2_PLACEMENT_3D('',#2423,#1988,#1989);
#1560=AXIS2_PLACEMENT_3D('',#2424,#1990,#1991);
#1561=AXIS2_PLACEMENT_3D('',#2425,#1992,#1993);
#1562=AXIS2_PLACEMENT_3D('',#2426,#1994,#1995);
#1563=AXIS2_PLACEMENT_3D('',#2427,#1996,#1997);
#1564=AXIS2_PLACEMENT_3D('',#2428,#1998,#1999);
#1565=AXIS2_PLACEMENT_3D('',#2429,#2000,#2001);
#1566=AXIS2_PLACEMENT_3D('',#2430,#2002,#2003);
#1567=DIRECTION('',(0.,0.,1.));
#1568=DIRECTION('',(1.,0.,0.));
#1569=DIRECTION('',(0.,0.,1.));
#1570=DIRECTION('',(1.,0.,0.));
#1571=DIRECTION('',(0.,0.,1.));
#1572=DIRECTION('',(-1.82123199577616E-16,0.5,-0.866025403784441));
#1573=DIRECTION('',(-3.15446634905441E-16,0.866025403784441,0.5));
#1574=DIRECTION('',(0.,0.,1.));
#1575=DIRECTION('',(1.,0.,0.));
#1576=DIRECTION('',(0.,0.,1.));
#1577=DIRECTION('',(0.,0.,1.));
#1578=DIRECTION('',(1.,0.,0.));
#1579=DIRECTION('',(0.,1.,0.));
#1580=DIRECTION('',(0.,0.,1.));
#1581=DIRECTION('',(0.,0.,-1.));
#1582=DIRECTION('',(-1.,0.,0.));
#1583=DIRECTION('',(0.,0.,-1.));
#1584=DIRECTION('',(-1.,0.,0.));
#1585=DIRECTION('',(3.64246399155235E-16,-1.,0.));
#1586=DIRECTION('',(1.,3.64246399155235E-16,0.));
#1587=DIRECTION('',(0.,0.,1.));
#1588=DIRECTION('',(-1.,-3.64246399155235E-16,0.));
#1589=DIRECTION('',(0.,0.,1.));
#1590=DIRECTION('',(-1.,-3.64246399155235E-16,0.));
#1591=DIRECTION('',(0.,-1.,0.));
#1592=DIRECTION('',(0.,0.,-1.));
#1593=DIRECTION('',(0.,0.,1.));
#1594=DIRECTION('',(1.,0.,0.));
#1595=DIRECTION('',(0.,0.,1.));
#1596=DIRECTION('',(-1.,0.,0.));
#1597=DIRECTION('',(0.,0.,1.));
#1598=DIRECTION('',(1.,0.,0.));
#1599=DIRECTION('',(0.,0.,1.));
#1600=DIRECTION('',(1.,0.,0.));
#1601=DIRECTION('',(-1.,0.,0.));
#1602=DIRECTION('',(0.,0.,1.));
#1603=DIRECTION('',(1.,0.,0.));
#1604=DIRECTION('',(0.,1.,0.));
#1605=DIRECTION('',(0.,0.,1.));
#1606=DIRECTION('',(1.,0.,0.));
#1607=DIRECTION('',(0.,0.,1.));
#1608=DIRECTION('',(1.,0.,0.));
#1609=DIRECTION('',(0.,0.,1.));
#1610=DIRECTION('',(1.,0.,0.));
#1611=DIRECTION('',(0.,1.,0.));
#1612=DIRECTION('',(0.,0.,1.));
#1613=DIRECTION('',(1.,0.,0.));
#1614=DIRECTION('',(0.,0.,1.));
#1615=DIRECTION('',(1.,0.,0.));
#1616=DIRECTION('',(1.,3.64246399155235E-16,0.));
#1617=DIRECTION('',(0.,0.,1.));
#1618=DIRECTION('',(1.,0.,0.));
#1619=DIRECTION('',(0.,-1.,0.));
#1620=DIRECTION('',(3.64246399155235E-16,-1.,0.));
#1621=DIRECTION('',(1.,3.64246399155235E-16,0.));
#1622=DIRECTION('',(0.,0.,1.));
#1623=DIRECTION('',(-1.,-3.64246399155235E-16,0.));
#1624=DIRECTION('',(-1.,-3.64246399155235E-16,0.));
#1625=DIRECTION('',(0.,-1.,0.));
#1626=DIRECTION('',(0.,0.,-1.));
#1627=DIRECTION('',(0.,0.,1.));
#1628=DIRECTION('',(-1.,0.,0.));
#1629=DIRECTION('',(-1.,0.,0.));
#1630=DIRECTION('',(0.,0.,1.));
#1631=DIRECTION('',(1.,0.,0.));
#1632=DIRECTION('',(0.,0.,1.));
#1633=DIRECTION('',(1.,0.,0.));
#1634=DIRECTION('',(0.,-1.,0.));
#1635=DIRECTION('',(0.,0.,1.));
#1636=DIRECTION('',(1.,0.,0.));
#1637=DIRECTION('',(1.,0.,0.));
#1638=DIRECTION('',(0.,0.,1.));
#1639=DIRECTION('',(1.,0.,0.));
#1640=DIRECTION('',(0.,1.,0.));
#1641=DIRECTION('',(-1.,-4.46015998965594E-16,0.));
#1642=DIRECTION('',(0.,1.,0.));
#1643=DIRECTION('',(1.,0.,-8.08239051379959E-17));
#1644=DIRECTION('',(1.8212319957762E-16,-1.,0.));
#1645=DIRECTION('',(1.,0.,0.));
#1646=DIRECTION('',(1.82123199577617E-16,-1.,0.));
#1647=DIRECTION('',(1.,0.,0.));
#1648=DIRECTION('',(0.,1.,0.));
#1649=DIRECTION('',(-1.,-4.46015998965594E-16,0.));
#1650=DIRECTION('',(0.,1.,0.));
#1651=DIRECTION('',(-1.,0.,0.));
#1652=DIRECTION('',(0.,1.,0.));
#1653=DIRECTION('',(0.,0.,1.));
#1654=DIRECTION('',(0.,0.,-1.));
#1655=DIRECTION('',(-1.,0.,0.));
#1656=DIRECTION('',(0.,0.,-1.));
#1657=DIRECTION('',(1.,0.,0.));
#1658=DIRECTION('',(0.,0.,-1.));
#1659=DIRECTION('',(-1.,0.,0.));
#1660=DIRECTION('',(0.,0.,-1.));
#1661=DIRECTION('',(1.,0.,0.));
#1662=DIRECTION('',(-1.,0.,0.));
#1663=DIRECTION('',(0.,0.,1.));
#1664=DIRECTION('',(0.,0.,-1.));
#1665=DIRECTION('',(0.,-1.,0.));
#1666=DIRECTION('',(0.,0.,-1.));
#1667=DIRECTION('',(0.,1.,0.));
#1668=DIRECTION('',(0.,0.,-1.));
#1669=DIRECTION('',(0.,1.,0.));
#1670=DIRECTION('',(0.,0.,-1.));
#1671=DIRECTION('',(0.,1.,0.));
#1672=DIRECTION('',(0.,1.,0.));
#1673=DIRECTION('',(0.,0.,1.));
#1674=DIRECTION('',(0.,0.,-1.));
#1675=DIRECTION('',(1.,0.,0.));
#1676=DIRECTION('',(0.,0.,-1.));
#1677=DIRECTION('',(1.,0.,0.));
#1678=DIRECTION('',(-1.,0.,0.));
#1679=DIRECTION('',(0.,0.,1.));
#1680=DIRECTION('',(0.,0.,-1.));
#1681=DIRECTION('',(0.,-1.,0.));
#1682=DIRECTION('',(0.,0.,-1.));
#1683=DIRECTION('',(0.,1.,0.));
#1684=DIRECTION('',(0.,0.,-1.));
#1685=DIRECTION('',(0.,1.,0.));
#1686=DIRECTION('',(0.,0.,1.));
#1687=DIRECTION('',(1.,0.,0.));
#1688=DIRECTION('',(0.,0.,1.));
#1689=DIRECTION('',(1.,0.,0.));
#1690=DIRECTION('',(0.,0.,1.));
#1691=DIRECTION('',(1.,0.,0.));
#1692=DIRECTION('',(0.,0.,1.));
#1693=DIRECTION('',(1.,0.,0.));
#1694=DIRECTION('',(0.,0.,1.));
#1695=DIRECTION('',(1.,0.,0.));
#1696=DIRECTION('',(0.,0.,1.));
#1697=DIRECTION('',(1.,0.,0.));
#1698=DIRECTION('',(0.,0.,1.));
#1699=DIRECTION('',(1.,0.,0.));
#1700=DIRECTION('',(0.,0.,1.));
#1701=DIRECTION('',(1.,0.,0.));
#1702=DIRECTION('',(1.,1.82123199577617E-16,0.));
#1703=DIRECTION('',(-1.82123199577617E-16,1.,0.));
#1704=DIRECTION('',(0.,0.,-1.));
#1705=DIRECTION('',(1.82123199577617E-16,-1.,0.));
#1706=DIRECTION('',(-1.82123199577617E-16,1.,0.));
#1707=DIRECTION('',(0.,-1.,0.));
#1708=DIRECTION('',(0.,0.,-1.));
#1709=DIRECTION('',(-1.,0.,0.));
#1710=DIRECTION('',(0.,0.,-1.));
#1711=DIRECTION('',(-1.,0.,0.));
#1712=DIRECTION('',(0.,0.,1.));
#1713=DIRECTION('',(0.,-1.,0.));
#1714=DIRECTION('',(0.,0.,-1.));
#1715=DIRECTION('',(0.,0.,1.));
#1716=DIRECTION('',(1.,0.,0.));
#1717=DIRECTION('',(0.,0.,1.));
#1718=DIRECTION('',(1.,0.,0.));
#1719=DIRECTION('',(-1.,0.,0.));
#1720=DIRECTION('',(1.82123199577617E-16,-1.,0.));
#1721=DIRECTION('',(0.,0.,1.));
#1722=DIRECTION('',(1.,0.,0.));
#1723=DIRECTION('',(-1.,0.,0.));
#1724=DIRECTION('',(0.,1.,0.));
#1725=DIRECTION('',(1.,1.8212319957762E-16,0.));
#1726=DIRECTION('',(-1.8212319957762E-16,1.,0.));
#1727=DIRECTION('',(0.,0.,-1.));
#1728=DIRECTION('',(1.8212319957762E-16,-1.,0.));
#1729=DIRECTION('',(1.,1.8212319957762E-16,0.));
#1730=DIRECTION('',(-1.8212319957762E-16,1.,0.));
#1731=DIRECTION('',(0.,0.,1.));
#1732=DIRECTION('',(0.,1.,0.));
#1733=DIRECTION('',(4.46015998965594E-16,-1.,0.));
#1734=DIRECTION('',(1.,4.46015998965594E-16,0.));
#1735=DIRECTION('',(-1.,-4.46015998965594E-16,0.));
#1736=DIRECTION('',(0.,0.,-1.));
#1737=DIRECTION('',(1.,0.,-1.61647810275992E-16));
#1738=DIRECTION('',(0.,0.,1.));
#1739=DIRECTION('',(4.46015998965594E-16,-1.,0.));
#1740=DIRECTION('',(1.,4.46015998965594E-16,0.));
#1741=DIRECTION('',(0.,0.,-1.));
#1742=DIRECTION('',(-1.,0.,0.));
#1743=DIRECTION('',(0.,0.,-1.));
#1744=DIRECTION('',(-1.,0.,0.));
#1745=DIRECTION('',(-1.,0.,0.));
#1746=DIRECTION('',(1.8212319957762E-16,-1.,0.));
#1747=DIRECTION('',(0.,0.,-1.));
#1748=DIRECTION('',(-1.,0.,0.));
#1749=DIRECTION('',(-1.,-4.46015998965594E-16,0.));
#1750=DIRECTION('',(0.,-1.,0.));
#1751=DIRECTION('',(4.46015998965594E-16,-1.,0.));
#1752=DIRECTION('',(1.,4.46015998965594E-16,0.));
#1753=DIRECTION('',(0.,0.,-1.));
#1754=DIRECTION('',(-1.,-4.46015998965594E-16,0.));
#1755=DIRECTION('',(4.46015998965594E-16,-1.,0.));
#1756=DIRECTION('',(1.,4.46015998965594E-16,0.));
#1757=DIRECTION('',(0.,0.,-1.));
#1758=DIRECTION('',(1.,0.,0.));
#1759=DIRECTION('',(1.,1.82123199577617E-16,0.));
#1760=DIRECTION('',(-1.82123199577617E-16,1.,0.));
#1761=DIRECTION('',(1.82123199577617E-16,-1.,0.));
#1762=DIRECTION('',(0.,0.,-1.));
#1763=DIRECTION('',(0.,1.,0.));
#1764=DIRECTION('',(0.,0.,-1.));
#1765=DIRECTION('',(1.,1.82123199577617E-16,0.));
#1766=DIRECTION('',(-1.82123199577617E-16,1.,0.));
#1767=DIRECTION('',(0.,0.,-1.));
#1768=DIRECTION('',(-1.,0.,0.));
#1769=DIRECTION('',(0.,0.,-1.));
#1770=DIRECTION('',(-1.,0.,0.));
#1771=DIRECTION('',(0.,-1.,0.));
#1772=DIRECTION('',(-1.,-4.46015998965594E-16,0.));
#1773=DIRECTION('',(0.,0.,-1.));
#1774=DIRECTION('',(-1.,0.,0.));
#1775=DIRECTION('',(1.82123199577617E-16,-1.,0.));
#1776=DIRECTION('',(-1.,0.,0.));
#1777=DIRECTION('',(0.,0.,1.));
#1778=DIRECTION('',(1.,0.,0.));
#1779=DIRECTION('',(0.,0.,1.));
#1780=DIRECTION('',(1.,0.,0.));
#1781=DIRECTION('',(0.,0.,1.));
#1782=DIRECTION('',(1.,0.,0.));
#1783=DIRECTION('',(0.,-1.,0.));
#1784=DIRECTION('',(1.,0.,0.));
#1785=DIRECTION('',(0.,0.,-1.));
#1786=DIRECTION('',(0.,0.,1.));
#1787=DIRECTION('',(1.,0.,0.));
#1788=DIRECTION('',(0.,0.,-1.));
#1789=DIRECTION('',(0.,0.,1.));
#1790=DIRECTION('',(0.,1.,0.));
#1791=DIRECTION('',(0.,0.,1.));
#1792=DIRECTION('',(1.,0.,0.));
#1793=DIRECTION('',(0.,0.,1.));
#1794=DIRECTION('',(1.,0.,0.));
#1795=DIRECTION('',(-1.,0.,0.));
#1796=DIRECTION('',(0.,1.,0.));
#1797=DIRECTION('',(0.,0.,1.));
#1798=DIRECTION('',(1.61647810275992E-16,0.,1.));
#1799=DIRECTION('',(1.,0.,-1.61647810275992E-16));
#1800=DIRECTION('',(1.61647810275992E-16,0.,1.));
#1801=DIRECTION('',(1.,0.,-1.61647810275992E-16));
#1802=DIRECTION('',(-1.,0.,1.61647810275992E-16));
#1803=DIRECTION('',(0.,1.,0.));
#1804=DIRECTION('',(-1.,0.,0.));
#1805=DIRECTION('',(0.,0.,1.));
#1806=DIRECTION('',(0.,0.,-1.));
#1807=DIRECTION('',(0.,1.,0.));
#1808=DIRECTION('',(0.,0.,1.));
#1809=DIRECTION('',(0.,0.,1.));
#1810=DIRECTION('',(1.,0.,0.));
#1811=DIRECTION('',(0.,0.866025403784441,0.5));
#1812=DIRECTION('',(0.,-0.5,0.866025403784441));
#1813=DIRECTION('',(0.,0.,1.));
#1814=DIRECTION('',(1.,0.,0.));
#1815=DIRECTION('',(0.,0.,1.));
#1816=DIRECTION('',(1.,0.,0.));
#1817=DIRECTION('',(0.,0.,1.));
#1818=DIRECTION('',(1.,0.,0.));
#1819=DIRECTION('',(0.,0.,1.));
#1820=DIRECTION('',(1.,0.,0.));
#1821=DIRECTION('',(0.,-1.,0.));
#1822=DIRECTION('',(-1.,0.,0.));
#1823=DIRECTION('',(0.,0.,1.));
#1824=DIRECTION('',(0.,0.,1.));
#1825=DIRECTION('',(0.,-1.,0.));
#1826=DIRECTION('',(0.,0.,1.));
#1827=DIRECTION('',(1.,0.,0.));
#1828=DIRECTION('',(0.,0.,-1.));
#1829=DIRECTION('',(0.,1.,0.));
#1830=DIRECTION('',(0.,0.,1.));
#1831=DIRECTION('',(0.,0.,1.));
#1832=DIRECTION('',(0.,0.,-1.));
#1833=DIRECTION('',(-1.,0.,0.));
#1834=DIRECTION('',(0.,0.,-1.));
#1835=DIRECTION('',(-1.,0.,0.));
#1836=DIRECTION('',(0.,0.,1.));
#1837=DIRECTION('',(1.,0.,0.));
#1838=DIRECTION('',(0.,0.,-1.));
#1839=DIRECTION('',(-1.,0.,0.));
#1840=DIRECTION('',(0.,1.,0.));
#1841=DIRECTION('',(0.,0.,-1.));
#1842=DIRECTION('',(-1.,0.,0.));
#1843=DIRECTION('',(0.,-1.,0.));
#1844=DIRECTION('',(0.,0.,1.));
#1845=DIRECTION('',(1.,0.,0.));
#1846=DIRECTION('',(1.,0.,0.));
#1847=DIRECTION('',(0.,0.,-1.));
#1848=DIRECTION('',(0.,0.,1.));
#1849=DIRECTION('',(0.,0.,1.));
#1850=DIRECTION('',(-1.,0.,0.));
#1851=DIRECTION('',(0.,0.,1.));
#1852=DIRECTION('',(0.,0.,1.));
#1853=DIRECTION('',(0.,0.,1.));
#1854=DIRECTION('',(0.,0.,1.));
#1855=DIRECTION('',(1.,0.,0.));
#1856=DIRECTION('',(0.,0.866025403784441,0.5));
#1857=DIRECTION('',(0.,-0.5,0.866025403784441));
#1858=DIRECTION('',(0.,0.,1.));
#1859=DIRECTION('',(1.,0.,0.));
#1860=DIRECTION('',(0.,0.,1.));
#1861=DIRECTION('',(1.,0.,0.));
#1862=DIRECTION('',(-1.82123199577616E-16,0.5,-0.866025403784441));
#1863=DIRECTION('',(-3.15446634905441E-16,0.866025403784441,0.5));
#1864=DIRECTION('',(0.,0.,1.));
#1865=DIRECTION('',(1.,0.,0.));
#1866=DIRECTION('',(0.,0.,-1.));
#1867=DIRECTION('',(-1.,0.,0.));
#1868=DIRECTION('',(0.,0.,1.));
#1869=DIRECTION('',(1.,0.,0.));
#1870=DIRECTION('',(0.,0.,1.));
#1871=DIRECTION('',(1.,0.,0.));
#1872=DIRECTION('',(0.,0.,1.));
#1873=DIRECTION('',(1.,0.,0.));
#1874=DIRECTION('',(0.,0.,1.));
#1875=DIRECTION('',(1.,0.,0.));
#1876=DIRECTION('',(0.,0.,-1.));
#1877=DIRECTION('',(-1.,0.,0.));
#1878=DIRECTION('',(0.,0.,-1.));
#1879=DIRECTION('',(-1.,0.,0.));
#1880=DIRECTION('',(0.,0.,-1.));
#1881=DIRECTION('',(-1.,0.,0.));
#1882=DIRECTION('',(0.,0.,1.));
#1883=DIRECTION('',(1.,0.,0.));
#1884=DIRECTION('',(0.,0.,1.));
#1885=DIRECTION('',(1.,0.,0.));
#1886=DIRECTION('',(0.,0.,1.));
#1887=DIRECTION('',(1.,0.,0.));
#1888=DIRECTION('',(0.,0.,-1.));
#1889=DIRECTION('',(-1.,0.,0.));
#1890=DIRECTION('',(0.,0.,-1.));
#1891=DIRECTION('',(-1.,0.,0.));
#1892=DIRECTION('',(0.,0.,1.));
#1893=DIRECTION('',(1.,0.,0.));
#1894=DIRECTION('',(0.,0.,-1.));
#1895=DIRECTION('',(-1.,0.,0.));
#1896=DIRECTION('',(0.,1.,0.));
#1897=DIRECTION('',(0.,0.,1.));
#1898=DIRECTION('',(0.,1.,0.));
#1899=DIRECTION('',(0.,0.,1.));
#1900=DIRECTION('',(0.,0.,1.));
#1901=DIRECTION('',(1.,0.,0.));
#1902=DIRECTION('',(1.,0.,0.));
#1903=DIRECTION('',(0.,0.,-1.));
#1904=DIRECTION('',(1.,0.,0.));
#1905=DIRECTION('',(0.,0.,-1.));
#1906=DIRECTION('',(1.,0.,0.));
#1907=DIRECTION('',(0.,0.,-1.));
#1908=DIRECTION('',(0.,0.,1.));
#1909=DIRECTION('',(1.,0.,0.));
#1910=DIRECTION('',(-1.,0.,0.));
#1911=DIRECTION('',(0.,0.,1.));
#1912=DIRECTION('',(0.,-1.,0.));
#1913=DIRECTION('',(0.,0.,-1.));
#1914=DIRECTION('',(0.,0.,1.));
#1915=DIRECTION('',(1.,0.,0.));
#1916=DIRECTION('',(0.,0.,1.));
#1917=DIRECTION('',(1.,0.,0.));
#1918=DIRECTION('',(0.,0.,1.));
#1919=DIRECTION('',(1.,0.,0.));
#1920=DIRECTION('',(0.,0.,-1.));
#1921=DIRECTION('',(-1.,0.,0.));
#1922=DIRECTION('',(0.,0.,-1.));
#1923=DIRECTION('',(-1.,0.,0.));
#1924=DIRECTION('',(-1.,-4.46015998965594E-16,0.));
#1925=DIRECTION('',(4.46015998965594E-16,-1.,0.));
#1926=DIRECTION('',(-0.707106781186548,-0.707106781186548,0.));
#1927=DIRECTION('',(-0.707106781186548,0.707106781186548,0.));
#1928=DIRECTION('',(1.,0.,0.));
#1929=DIRECTION('',(0.,0.,-1.));
#1930=DIRECTION('',(0.,0.,-1.));
#1931=DIRECTION('',(-1.,0.,0.));
#1932=DIRECTION('',(0.,-1.,0.));
#1933=DIRECTION('',(0.,0.,-1.));
#1934=DIRECTION('',(0.,1.,0.));
#1935=DIRECTION('',(0.,0.,1.));
#1936=DIRECTION('',(0.,-1.,0.));
#1937=DIRECTION('',(0.,0.,-1.));
#1938=DIRECTION('',(-1.8212319957762E-16,1.,0.));
#1939=DIRECTION('',(-1.,-1.8212319957762E-16,0.));
#1940=DIRECTION('',(0.707106781186548,0.707106781186548,0.));
#1941=DIRECTION('',(-0.707106781186548,0.707106781186548,0.));
#1942=DIRECTION('',(0.,0.,-1.));
#1943=DIRECTION('',(-1.,0.,0.));
#1944=DIRECTION('',(1.,0.,0.));
#1945=DIRECTION('',(0.,0.,-1.));
#1946=DIRECTION('',(-1.,0.,0.));
#1947=DIRECTION('',(0.,0.,1.));
#1948=DIRECTION('',(1.82123199577617E-16,-1.,0.));
#1949=DIRECTION('',(1.,1.82123199577617E-16,0.));
#1950=DIRECTION('',(0.707106781186548,-0.707106781186548,0.));
#1951=DIRECTION('',(-0.707106781186548,-0.707106781186548,0.));
#1952=DIRECTION('',(0.,1.,0.));
#1953=DIRECTION('',(0.,0.,1.));
#1954=DIRECTION('',(0.,0.,-1.));
#1955=DIRECTION('',(-1.,0.,0.));
#1956=DIRECTION('',(1.,0.,0.));
#1957=DIRECTION('',(0.,0.,-1.));
#1958=DIRECTION('',(-1.,0.,0.));
#1959=DIRECTION('',(0.,0.,1.));
#1960=DIRECTION('',(1.,0.,0.));
#1961=DIRECTION('',(0.,0.,-1.));
#1962=DIRECTION('',(-1.,-4.46015998965594E-16,0.));
#1963=DIRECTION('',(4.46015998965594E-16,-1.,0.));
#1964=DIRECTION('',(-0.707106781186548,0.707106781186548,0.));
#1965=DIRECTION('',(-0.707106781186548,-0.707106781186548,0.));
#1966=DIRECTION('',(0.,0.,-1.));
#1967=DIRECTION('',(-1.,0.,0.));
#1968=DIRECTION('',(0.,1.,0.));
#1969=DIRECTION('',(0.,0.,1.));
#1970=DIRECTION('',(0.,-1.,0.));
#1971=DIRECTION('',(0.,0.,-1.));
#1972=DIRECTION('',(-1.,0.,0.));
#1973=DIRECTION('',(0.,0.,1.));
#1974=DIRECTION('',(-1.,0.,0.));
#1975=DIRECTION('',(0.,0.,1.));
#1976=DIRECTION('',(-0.707106781186548,-0.707106781186548,0.));
#1977=DIRECTION('',(-0.707106781186548,0.707106781186548,0.));
#1978=DIRECTION('',(0.,-1.,0.));
#1979=DIRECTION('',(0.,0.,-1.));
#1980=DIRECTION('',(0.,1.,0.));
#1981=DIRECTION('',(0.,0.,1.));
#1982=DIRECTION('',(0.,0.,1.));
#1983=DIRECTION('',(1.,0.,0.));
#1984=DIRECTION('',(0.,1.,0.));
#1985=DIRECTION('',(0.,0.,1.));
#1986=DIRECTION('',(0.,0.,1.));
#1987=DIRECTION('',(1.,0.,0.));
#1988=DIRECTION('',(-1.,0.,0.));
#1989=DIRECTION('',(0.,0.,1.));
#1990=DIRECTION('',(-1.82123199577617E-16,1.,0.));
#1991=DIRECTION('',(-1.,-1.82123199577617E-16,0.));
#1992=DIRECTION('',(0.707106781186548,0.707106781186548,0.));
#1993=DIRECTION('',(-0.707106781186548,0.707106781186548,0.));
#1994=DIRECTION('',(-1.,0.,0.));
#1995=DIRECTION('',(0.,0.,1.));
#1996=DIRECTION('',(0.,0.866025403784441,0.5));
#1997=DIRECTION('',(1.,0.,0.));
#1998=DIRECTION('',(-1.82123199577616E-16,0.5,-0.866025403784441));
#1999=DIRECTION('',(-1.,-3.64246399155235E-16,0.));
#2000=DIRECTION('',(0.,0.,-1.));
#2001=DIRECTION('',(-1.,0.,0.));
#2002=DIRECTION('',(0.,0.,-1.));
#2003=DIRECTION('',(-1.,0.,0.));
#2004=CARTESIAN_POINT('',(0.,0.,0.));
#2005=CARTESIAN_POINT('',(6.93889390390723E-18,0.03429,-1.00000000000013E-6));
#2006=CARTESIAN_POINT('',(-0.009525,0.036195,-1.00000000000013E-6));
#2007=CARTESIAN_POINT('',(-0.009525,0.036195,0.));
#2008=CARTESIAN_POINT('',(-0.009525,0.036195,0.00239264773719378));
#2009=CARTESIAN_POINT('',(6.93889390390723E-18,0.03429,0.00129279547438755));
#2010=CARTESIAN_POINT('',(-0.00893524202246366,0.0381,0.0034925));
#2011=CARTESIAN_POINT('',(6.93889390390723E-18,0.03429,0.0034925));
#2012=CARTESIAN_POINT('',(-0.009525,0.032385,0.0034925));
#2013=CARTESIAN_POINT('',(-0.009525,0.032385,-1.00000000000013E-6));
#2014=CARTESIAN_POINT('',(-0.009525,0.032385,0.));
#2015=CARTESIAN_POINT('',(6.93889390390723E-18,0.03429,0.));
#2016=CARTESIAN_POINT('',(0.,0.079375,0.0047625));
#2017=CARTESIAN_POINT('',(0.02921,0.079375,0.01905));
#2018=CARTESIAN_POINT('',(0.02921,0.079375,0.01651));
#2019=CARTESIAN_POINT('',(0.02921,0.079375,0.015748));
#2020=CARTESIAN_POINT('',(0.,0.079375,0.01651));
#2021=CARTESIAN_POINT('',(0.03556,0.079375,0.01651));
#2022=CARTESIAN_POINT('',(0.03556,0.079375,0.));
#2023=CARTESIAN_POINT('',(0.03556,0.079375,0.015748));
#2024=CARTESIAN_POINT('',(0.0263525,0.079375,0.015748));
#2025=CARTESIAN_POINT('',(-0.009525,0.036195,-1.00000000000013E-6));
#2026=CARTESIAN_POINT('',(0.00470928603930576,0.036195,-1.00000000000013E-6));
#2027=CARTESIAN_POINT('',(0.00470928603930576,0.036195,0.0034925));
#2028=CARTESIAN_POINT('',(0.00470928603930576,0.036195,0.00109985226280622));
#2029=CARTESIAN_POINT('',(0.00470928603930576,0.036195,0.00109985226280622));
#2030=CARTESIAN_POINT('',(0.00538291758806458,0.036195,0.000739312516300662));
#2031=CARTESIAN_POINT('',(0.0060522979084785,0.036195,0.00037100000782412));
#2032=CARTESIAN_POINT('',(0.00672020833010406,0.036195,-7.90692383263606E-19));
#2033=CARTESIAN_POINT('',(0.00672020833010406,0.036195,0.));
#2034=CARTESIAN_POINT('',(-0.009525,0.036195,0.));
#2035=CARTESIAN_POINT('',(0.009525,0.036195,0.));
#2036=CARTESIAN_POINT('',(0.009525,0.036195,-1.00000000000013E-6));
#2037=CARTESIAN_POINT('',(0.009525,0.036195,0.0034925));
#2038=CARTESIAN_POINT('',(-0.009525,0.036195,0.0034925));
#2039=CARTESIAN_POINT('',(-0.009525,0.032385,-1.00000000000013E-6));
#2040=CARTESIAN_POINT('',(0.00470928603930574,0.032385,-1.00000000000013E-6));
#2041=CARTESIAN_POINT('',(0.00470928603930574,0.032385,0.0015875));
#2042=CARTESIAN_POINT('',(0.00470928603930574,0.032385,0.00109985226280625));
#2043=CARTESIAN_POINT('',(0.009525,0.032385,0.0015875));
#2044=CARTESIAN_POINT('',(0.009525,0.032385,0.0015875));
#2045=CARTESIAN_POINT('',(0.009525,0.032385,-1.00000000000013E-6));
#2046=CARTESIAN_POINT('',(0.009525,0.032385,0.));
#2047=CARTESIAN_POINT('',(-0.009525,0.032385,0.));
#2048=CARTESIAN_POINT('',(0.00672020833010407,0.032385,0.));
#2049=CARTESIAN_POINT('',(0.00672020833010407,0.032385,0.));
#2050=CARTESIAN_POINT('',(0.0060522979084785,0.032385,0.000371000007824128));
#2051=CARTESIAN_POINT('',(0.00538291758806457,0.032385,0.000739312516300683));
#2052=CARTESIAN_POINT('',(0.00470928603930574,0.032385,0.00109985226280625));
#2053=CARTESIAN_POINT('',(0.,0.03429,0.0034925));
#2054=CARTESIAN_POINT('',(0.,0.03429,0.0034925));
#2055=CARTESIAN_POINT('',(0.00190500000000005,0.024765,0.0034925));
#2056=CARTESIAN_POINT('',(0.00923718100281185,0.0312851477371937,0.0034925));
#2057=CARTESIAN_POINT('',(0.00470928603930574,0.0312851477371937,0.0034925));
#2058=CARTESIAN_POINT('',(0.00409600572249455,0.0312851477371937,0.0034925));
#2059=CARTESIAN_POINT('',(0.,0.03429,0.0034925));
#2060=CARTESIAN_POINT('',(0.00190500000000005,0.0295807139606943,0.0034925));
#2061=CARTESIAN_POINT('',(0.00190500000000005,0.024765,0.0034925));
#2062=CARTESIAN_POINT('',(0.,0.03429,0.0034925));
#2063=CARTESIAN_POINT('',(0.,0.03429,0.0034925));
#2064=CARTESIAN_POINT('',(0.00190500000000005,0.0389992860393058,0.0034925));
#2065=CARTESIAN_POINT('',(0.,0.03429,0.0034925));
#2066=CARTESIAN_POINT('',(0.00190500000000004,0.043815,0.0034925));
#2067=CARTESIAN_POINT('',(0.00190500000000005,0.03429,0.0034925));
#2068=CARTESIAN_POINT('',(0.,0.03429,0.0034925));
#2069=CARTESIAN_POINT('',(0.,0.03429,0.0034925));
#2070=CARTESIAN_POINT('',(-0.00190500000000005,0.043815,0.0034925));
#2071=CARTESIAN_POINT('',(-1.38777878078143E-18,0.0381,0.0034925));
#2072=CARTESIAN_POINT('',(-0.00336010416505208,0.0381,0.0034925));
#2073=CARTESIAN_POINT('',(0.,0.03429,0.0034925));
#2074=CARTESIAN_POINT('',(-0.00190500000000005,0.0389992860393058,0.0034925));
#2075=CARTESIAN_POINT('',(-0.00190500000000005,0.024765,0.0034925));
#2076=CARTESIAN_POINT('',(-0.009525,0.036195,-1.00000000000013E-6));
#2077=CARTESIAN_POINT('',(-0.00470928603930576,0.036195,-1.00000000000013E-6));
#2078=CARTESIAN_POINT('',(-0.00470928603930576,0.036195,0.00109985226280622));
#2079=CARTESIAN_POINT('',(-0.00470928603930576,0.036195,0.00239264773719378));
#2080=CARTESIAN_POINT('',(-0.009525,0.036195,0.00239264773719378));
#2081=CARTESIAN_POINT('',(-0.009525,0.036195,0.));
#2082=CARTESIAN_POINT('',(-0.00672020833010406,0.036195,0.));
#2083=CARTESIAN_POINT('',(-0.00672020833010406,0.036195,0.));
#2084=CARTESIAN_POINT('',(-0.0060522979084785,0.036195,0.000371000007824121));
#2085=CARTESIAN_POINT('',(-0.00538291758806458,0.036195,0.000739312516300662));
#2086=CARTESIAN_POINT('',(-0.00470928603930576,0.036195,0.00109985226280622));
#2087=CARTESIAN_POINT('',(-0.009525,0.032385,-1.00000000000013E-6));
#2088=CARTESIAN_POINT('',(-0.00470928603930574,0.032385,-1.00000000000013E-6));
#2089=CARTESIAN_POINT('',(-0.00470928603930574,0.032385,0.00109985226280625));
#2090=CARTESIAN_POINT('',(-0.00470928603930574,0.032385,0.0034925));
#2091=CARTESIAN_POINT('',(-0.00470928603930574,0.032385,0.00109985226280625));
#2092=CARTESIAN_POINT('',(-0.00538291758806457,0.032385,0.000739312516300683));
#2093=CARTESIAN_POINT('',(-0.0060522979084785,0.032385,0.000371000007824129));
#2094=CARTESIAN_POINT('',(-0.00672020833010407,0.032385,3.13445720863826E-19));
#2095=CARTESIAN_POINT('',(-0.00672020833010407,0.032385,0.));
#2096=CARTESIAN_POINT('',(-0.009525,0.032385,0.));
#2097=CARTESIAN_POINT('',(-0.009525,0.032385,0.0034925));
#2098=CARTESIAN_POINT('',(0.,0.,0.0047625));
#2099=CARTESIAN_POINT('',(6.93889390390723E-18,0.03429,0.0047625));
#2100=CARTESIAN_POINT('',(0.0109836321733943,0.03429,0.0047625));
#2101=CARTESIAN_POINT('',(0.037084,0.079376,0.0047625));
#2102=CARTESIAN_POINT('',(0.037084,0.075057,0.0047625));
#2103=CARTESIAN_POINT('',(0.037084,0.060325,0.0047625));
#2104=CARTESIAN_POINT('',(0.03556,0.073025,0.0047625));
#2105=CARTESIAN_POINT('',(0.03556,0.075565,0.0047625));
#2106=CARTESIAN_POINT('',(0.,0.075565,0.0047625));
#2107=CARTESIAN_POINT('',(-6.93889390390723E-18,0.075565,0.0047625));
#2108=CARTESIAN_POINT('',(-6.93889390390723E-18,0.037465,0.0047625));
#2109=CARTESIAN_POINT('',(-0.0381,0.037465,0.0047625));
#2110=CARTESIAN_POINT('',(-0.0381,0.,0.0047625));
#2111=CARTESIAN_POINT('',(-0.0381,-0.060325,0.0047625));
#2112=CARTESIAN_POINT('',(-0.0263525,-0.060325,0.0047625));
#2113=CARTESIAN_POINT('',(-0.037084,-0.060325,0.0047625));
#2114=CARTESIAN_POINT('',(-0.037084,-0.0936818191608058,0.0047625));
#2115=CARTESIAN_POINT('',(-0.037084,-0.074549,0.0047625));
#2116=CARTESIAN_POINT('',(-0.0263525,-0.074549,0.0047625));
#2117=CARTESIAN_POINT('',(-0.0263525,-0.074549,0.0047625));
#2118=CARTESIAN_POINT('',(-0.0263525,-0.060325,0.0047625));
#2119=CARTESIAN_POINT('',(-0.0263525,-0.075565,0.0047625));
#2120=CARTESIAN_POINT('',(0.0263525,-0.075565,0.0047625));
#2121=CARTESIAN_POINT('',(0.0263525,-0.075565,0.0047625));
#2122=CARTESIAN_POINT('',(0.0263525,-0.060325,0.0047625));
#2123=CARTESIAN_POINT('',(0.0263525,-0.074549,0.0047625));
#2124=CARTESIAN_POINT('',(0.0263525,-0.074549,0.0047625));
#2125=CARTESIAN_POINT('',(0.037084,-0.074549,0.0047625));
#2126=CARTESIAN_POINT('',(0.037084,-0.0936818191608058,0.0047625));
#2127=CARTESIAN_POINT('',(0.037084,-0.060325,0.0047625));
#2128=CARTESIAN_POINT('',(0.04191,-0.060325,0.0047625));
#2129=CARTESIAN_POINT('',(0.0381,-0.060325,0.0047625));
#2130=CARTESIAN_POINT('',(0.0381,0.060325,0.0047625));
#2131=CARTESIAN_POINT('',(0.0381,0.060325,0.0047625));
#2132=CARTESIAN_POINT('',(0.,0.060325,0.0047625));
#2133=CARTESIAN_POINT('',(0.,-0.079375,0.0047625));
#2134=CARTESIAN_POINT('',(-0.0263525,-0.079375,0.01905));
#2135=CARTESIAN_POINT('',(-0.0263525,-0.079375,0.01651));
#2136=CARTESIAN_POINT('',(-0.0263525,-0.079375,0.000952500000000012));
#2137=CARTESIAN_POINT('',(0.,-0.079375,0.01651));
#2138=CARTESIAN_POINT('',(-0.03556,-0.079375,0.01651));
#2139=CARTESIAN_POINT('',(-0.03556,-0.079375,0.));
#2140=CARTESIAN_POINT('',(-0.03556,-0.079375,0.));
#2141=CARTESIAN_POINT('',(0.,-0.079375,0.));
#2142=CARTESIAN_POINT('',(0.03556,-0.079375,0.));
#2143=CARTESIAN_POINT('',(0.03556,-0.079375,0.0047625));
#2144=CARTESIAN_POINT('',(0.03556,-0.079375,0.01651));
#2145=CARTESIAN_POINT('',(0.,-0.079375,0.01651));
#2146=CARTESIAN_POINT('',(0.0263525,-0.079375,0.01651));
#2147=CARTESIAN_POINT('',(0.0263525,-0.079375,0.01905));
#2148=CARTESIAN_POINT('',(0.0263525,-0.079375,0.000952500000000013));
#2149=CARTESIAN_POINT('',(-0.0263525,-0.079375,0.000952500000000013));
#2150=CARTESIAN_POINT('',(0.04191,0.,0.0047625));
#2151=CARTESIAN_POINT('',(0.04191,-0.060325,0.01905));
#2152=CARTESIAN_POINT('',(0.04191,-0.060325,0.01651));
#2153=CARTESIAN_POINT('',(0.04191,-0.060325,0.000952500000000012));
#2154=CARTESIAN_POINT('',(0.04191,0.,0.01651));
#2155=CARTESIAN_POINT('',(0.04191,-0.073025,0.01651));
#2156=CARTESIAN_POINT('',(0.04191,-0.073025,0.0047625));
#2157=CARTESIAN_POINT('',(0.04191,-0.073025,0.));
#2158=CARTESIAN_POINT('',(0.04191,0.,0.));
#2159=CARTESIAN_POINT('',(0.04191,0.073025,0.));
#2160=CARTESIAN_POINT('',(0.04191,0.073025,0.01905));
#2161=CARTESIAN_POINT('',(0.04191,0.073025,0.01651));
#2162=CARTESIAN_POINT('',(0.04191,0.060325,0.01651));
#2163=CARTESIAN_POINT('',(0.04191,0.060325,0.01651));
#2164=CARTESIAN_POINT('',(0.04191,0.060325,0.01905));
#2165=CARTESIAN_POINT('',(0.04191,0.060325,0.000952500000000013));
#2166=CARTESIAN_POINT('',(0.04191,-0.060325,0.000952500000000013));
#2167=CARTESIAN_POINT('',(0.,0.079375,0.0047625));
#2168=CARTESIAN_POINT('',(-6.93889390390723E-18,0.079375,0.0047625));
#2169=CARTESIAN_POINT('',(-6.93889390390723E-18,0.079375,0.));
#2170=CARTESIAN_POINT('',(-6.93889390390723E-18,0.079375,0.000952500000000013));
#2171=CARTESIAN_POINT('',(0.,0.079375,0.000952500000000013));
#2172=CARTESIAN_POINT('',(0.03556,0.079375,0.000952500000000013));
#2173=CARTESIAN_POINT('',(0.03556,0.079375,0.));
#2174=CARTESIAN_POINT('',(0.03556,0.079375,0.));
#2175=CARTESIAN_POINT('',(0.,0.079375,0.));
#2176=CARTESIAN_POINT('',(-0.04191,0.,0.0047625));
#2177=CARTESIAN_POINT('',(-0.04191,-0.073025,0.01905));
#2178=CARTESIAN_POINT('',(-0.04191,-0.073025,0.));
#2179=CARTESIAN_POINT('',(-0.04191,-0.073025,0.01651));
#2180=CARTESIAN_POINT('',(-0.04191,-0.060325,0.01651));
#2181=CARTESIAN_POINT('',(-0.04191,-0.060325,0.01651));
#2182=CARTESIAN_POINT('',(-0.04191,-0.060325,0.01905));
#2183=CARTESIAN_POINT('',(-0.04191,-0.060325,0.000952500000000012));
#2184=CARTESIAN_POINT('',(-0.04191,0.,0.000952500000000013));
#2185=CARTESIAN_POINT('',(-0.04191,0.037465,0.000952500000000013));
#2186=CARTESIAN_POINT('',(-0.04191,0.037465,0.0047625));
#2187=CARTESIAN_POINT('',(-0.04191,0.037465,0.));
#2188=CARTESIAN_POINT('',(-0.04191,0.,0.));
#2189=CARTESIAN_POINT('',(0.,0.,0.));
#2190=CARTESIAN_POINT('',(0.,0.03429,0.));
#2191=CARTESIAN_POINT('',(0.,0.03429,0.));
#2192=CARTESIAN_POINT('',(6.93889390390723E-18,0.03429,0.));
#2193=CARTESIAN_POINT('',(0.03556,0.073025,0.));
#2194=CARTESIAN_POINT('',(0.03556,-0.073025,0.));
#2195=CARTESIAN_POINT('',(-0.03556,-0.073025,0.));
#2196=CARTESIAN_POINT('',(-6.93889390390723E-18,0.037465,0.));
#2197=CARTESIAN_POINT('',(0.02921,5.31981865966221E-18,0.01905));
#2198=CARTESIAN_POINT('',(0.02921,0.066675,0.01905));
#2199=CARTESIAN_POINT('',(0.02921,0.066675,0.015748));
#2200=CARTESIAN_POINT('',(0.02921,0.066675,0.01651));
#2201=CARTESIAN_POINT('',(0.02921,0.079375,0.01651));
#2202=CARTESIAN_POINT('',(0.02921,0.079376,0.015748));
#2203=CARTESIAN_POINT('',(0.,0.060325,0.01905));
#2204=CARTESIAN_POINT('',(0.,0.060325,0.01651));
#2205=CARTESIAN_POINT('',(0.03556,0.060325,0.01651));
#2206=CARTESIAN_POINT('',(0.03556,0.060325,0.015748));
#2207=CARTESIAN_POINT('',(0.03556,0.060325,0.015748));
#2208=CARTESIAN_POINT('',(0.0263525,0.060325,0.015748));
#2209=CARTESIAN_POINT('',(0.037084,0.060325,0.015748));
#2210=CARTESIAN_POINT('',(0.037084,0.060325,0.0047625));
#2211=CARTESIAN_POINT('',(0.0381,0.060325,0.000952500000000013));
#2212=CARTESIAN_POINT('',(0.,0.,0.01905));
#2213=CARTESIAN_POINT('',(0.03556,0.073025,0.01905));
#2214=CARTESIAN_POINT('',(0.03937,0.073025,0.01905));
#2215=CARTESIAN_POINT('',(0.03556,0.076835,0.01905));
#2216=CARTESIAN_POINT('',(0.,0.076835,0.01905));
#2217=CARTESIAN_POINT('',(0.03175,0.076835,0.01905));
#2218=CARTESIAN_POINT('',(0.03175,0.066675,0.01905));
#2219=CARTESIAN_POINT('',(0.03175,0.066675,0.01905));
#2220=CARTESIAN_POINT('',(0.03556,0.066675,0.01905));
#2221=CARTESIAN_POINT('',(0.03556,0.062865,0.01905));
#2222=CARTESIAN_POINT('',(0.,0.062865,0.01905));
#2223=CARTESIAN_POINT('',(0.03937,0.062865,0.01905));
#2224=CARTESIAN_POINT('',(0.03937,0.073025,0.01905));
#2225=CARTESIAN_POINT('',(-0.0263525,-0.060325,0.01905));
#2226=CARTESIAN_POINT('',(-0.0263525,-0.066675,0.01905));
#2227=CARTESIAN_POINT('',(-0.0263525,-0.066675,0.014224));
#2228=CARTESIAN_POINT('',(-0.0263525,-0.066675,0.01651));
#2229=CARTESIAN_POINT('',(-0.0263525,-0.079375,0.01651));
#2230=CARTESIAN_POINT('',(-0.0263525,-0.075565,0.000952500000000013));
#2231=CARTESIAN_POINT('',(-0.0263525,-0.074549,0.0047625));
#2232=CARTESIAN_POINT('',(-0.0263525,-0.074549,0.014224));
#2233=CARTESIAN_POINT('',(-0.0263525,-0.0936818191608058,0.014224));
#2234=CARTESIAN_POINT('',(-0.0263525,-0.060325,0.01905));
#2235=CARTESIAN_POINT('',(-0.0263525,-0.060325,0.01651));
#2236=CARTESIAN_POINT('',(-0.0327025,-0.060325,0.01651));
#2237=CARTESIAN_POINT('',(-0.0327025,-0.060325,0.014224));
#2238=CARTESIAN_POINT('',(-0.0327025,-0.060325,0.014224));
#2239=CARTESIAN_POINT('',(-0.0263525,-0.060325,0.014224));
#2240=CARTESIAN_POINT('',(-0.037084,-0.060325,0.014224));
#2241=CARTESIAN_POINT('',(-0.037084,-0.060325,0.0047625));
#2242=CARTESIAN_POINT('',(-0.0381,-0.060325,0.000952500000000013));
#2243=CARTESIAN_POINT('',(0.,0.,0.01905));
#2244=CARTESIAN_POINT('',(-0.03556,-0.073025,0.01905));
#2245=CARTESIAN_POINT('',(-0.03937,-0.073025,0.01905));
#2246=CARTESIAN_POINT('',(-0.03556,-0.076835,0.01905));
#2247=CARTESIAN_POINT('',(0.,-0.076835,0.01905));
#2248=CARTESIAN_POINT('',(-0.0288925,-0.076835,0.01905));
#2249=CARTESIAN_POINT('',(-0.0288925,-0.066675,0.01905));
#2250=CARTESIAN_POINT('',(-0.0288925,-0.066675,0.01905));
#2251=CARTESIAN_POINT('',(-0.0327025,-0.066675,0.01905));
#2252=CARTESIAN_POINT('',(-0.0327025,-0.062865,0.01905));
#2253=CARTESIAN_POINT('',(2.80387957749721E-17,-0.062865,0.01905));
#2254=CARTESIAN_POINT('',(-0.03937,-0.062865,0.01905));
#2255=CARTESIAN_POINT('',(-0.03937,-0.073025,0.01905));
#2256=CARTESIAN_POINT('',(0.04191,-0.060325,0.01905));
#2257=CARTESIAN_POINT('',(0.0327025,-0.060325,0.01905));
#2258=CARTESIAN_POINT('',(0.0327025,-0.060325,0.014224));
#2259=CARTESIAN_POINT('',(0.0327025,-0.060325,0.01651));
#2260=CARTESIAN_POINT('',(0.04191,-0.060325,0.01651));
#2261=CARTESIAN_POINT('',(0.0381,-0.060325,0.000952500000000013));
#2262=CARTESIAN_POINT('',(0.037084,-0.060325,0.0047625));
#2263=CARTESIAN_POINT('',(0.037084,-0.060325,0.014224));
#2264=CARTESIAN_POINT('',(0.0263525,-0.060325,0.014224));
#2265=CARTESIAN_POINT('',(0.0263525,-0.060325,0.01905));
#2266=CARTESIAN_POINT('',(0.0263525,-0.060325,0.01651));
#2267=CARTESIAN_POINT('',(0.0263525,-0.066675,0.01651));
#2268=CARTESIAN_POINT('',(0.0263525,-0.066675,0.01905));
#2269=CARTESIAN_POINT('',(0.0263525,-0.066675,0.014224));
#2270=CARTESIAN_POINT('',(0.0263525,-0.0936818191608058,0.014224));
#2271=CARTESIAN_POINT('',(0.0263525,-0.074549,0.014224));
#2272=CARTESIAN_POINT('',(0.0263525,-0.074549,0.0047625));
#2273=CARTESIAN_POINT('',(0.0263525,-0.075565,0.000952500000000013));
#2274=CARTESIAN_POINT('',(0.,0.,0.01905));
#2275=CARTESIAN_POINT('',(0.03556,-0.073025,0.01905));
#2276=CARTESIAN_POINT('',(0.03556,-0.076835,0.01905));
#2277=CARTESIAN_POINT('',(0.03937,-0.073025,0.01905));
#2278=CARTESIAN_POINT('',(0.03937,0.,0.01905));
#2279=CARTESIAN_POINT('',(0.03937,-0.062865,0.01905));
#2280=CARTESIAN_POINT('',(2.80387957749721E-17,-0.062865,0.01905));
#2281=CARTESIAN_POINT('',(0.0327025,-0.062865,0.01905));
#2282=CARTESIAN_POINT('',(0.0327025,-0.066675,0.01905));
#2283=CARTESIAN_POINT('',(0.0288925,-0.066675,0.01905));
#2284=CARTESIAN_POINT('',(0.0288925,5.26199454379631E-18,0.01905));
#2285=CARTESIAN_POINT('',(0.0288925,-0.076835,0.01905));
#2286=CARTESIAN_POINT('',(0.,-0.076835,0.01905));
#2287=CARTESIAN_POINT('',(0.0263525,0.079376,0.015748));
#2288=CARTESIAN_POINT('',(0.03556,0.066675,0.015748));
#2289=CARTESIAN_POINT('',(0.03556,0.073025,0.015748));
#2290=CARTESIAN_POINT('',(0.037084,0.0791894078385519,0.015748));
#2291=CARTESIAN_POINT('',(0.037084,0.079376,0.015748));
#2292=CARTESIAN_POINT('',(0.037084,0.079376,0.0047625));
#2293=CARTESIAN_POINT('',(0.037084,0.0791894078385519,0.015748));
#2294=CARTESIAN_POINT('',(0.037084,0.0791894078385519,0.000952500000000012));
#2295=CARTESIAN_POINT('',(0.037084,0.0791894078385519,0.000952500000000013));
#2296=CARTESIAN_POINT('',(0.037084,0.0791894078385519,0.00200737815314691));
#2297=CARTESIAN_POINT('',(0.037084,0.0784809512521469,0.00354303858468486));
#2298=CARTESIAN_POINT('',(0.037084,0.0766322488840456,0.0046125778375403));
#2299=CARTESIAN_POINT('',(0.037084,0.0755829049674228,0.0047625));
#2300=CARTESIAN_POINT('',(0.037084,0.075057,0.0047625));
#2301=CARTESIAN_POINT('',(0.037084,-0.0936818191608058,0.0047625));
#2302=CARTESIAN_POINT('',(0.037084,-0.074549,0.0047625));
#2303=CARTESIAN_POINT('',(0.037084,-0.074549,0.014224));
#2304=CARTESIAN_POINT('',(0.037084,-0.0936818191608058,0.014224));
#2305=CARTESIAN_POINT('',(0.0263525,-0.0936818191608058,0.014224));
#2306=CARTESIAN_POINT('',(0.0327025,-0.066675,0.014224));
#2307=CARTESIAN_POINT('',(0.0263525,-0.074549,0.014224));
#2308=CARTESIAN_POINT('',(0.,-0.074549,0.0047625));
#2309=CARTESIAN_POINT('',(-0.0263525,-0.0936818191608058,0.014224));
#2310=CARTESIAN_POINT('',(-0.0327025,-0.066675,0.014224));
#2311=CARTESIAN_POINT('',(-0.0263525,-0.074549,0.014224));
#2312=CARTESIAN_POINT('',(-0.037084,-0.074549,0.014224));
#2313=CARTESIAN_POINT('',(-0.037084,-0.0936818191608058,0.014224));
#2314=CARTESIAN_POINT('',(-0.037084,-0.0936818191608058,0.0047625));
#2315=CARTESIAN_POINT('',(-0.037084,-0.074549,0.0047625));
#2316=CARTESIAN_POINT('',(0.,-0.074549,0.0047625));
#2317=CARTESIAN_POINT('',(6.93889390390723E-18,0.03429,-1.00000000000013E-6));
#2318=CARTESIAN_POINT('',(6.93889390390723E-18,0.03429,-0.00171205678841878));
#2319=CARTESIAN_POINT('',(6.93889390390723E-18,0.03429,0.0034925));
#2320=CARTESIAN_POINT('',(0.,0.03429,0.0034925));
#2321=CARTESIAN_POINT('',(0.,0.03429,0.0034925));
#2322=CARTESIAN_POINT('',(-0.00190500000000005,0.0295807139606943,0.0034925));
#2323=CARTESIAN_POINT('',(0.,0.03429,0.0034925));
#2324=CARTESIAN_POINT('',(-0.00190500000000005,0.024765,0.0034925));
#2325=CARTESIAN_POINT('',(-0.00190500000000005,0.024765,0.0034925));
#2326=CARTESIAN_POINT('',(-0.00190500000000005,0.024765,0.0022225));
#2327=CARTESIAN_POINT('',(-0.00190500000000005,0.0389992860393058,-1.00000000000013E-6));
#2328=CARTESIAN_POINT('',(-0.00190500000000005,0.0389992860393058,0.0022225));
#2329=CARTESIAN_POINT('',(-0.00190500000000005,0.024765,0.0022225));
#2330=CARTESIAN_POINT('',(-0.00190500000000005,0.043815,0.0022225));
#2331=CARTESIAN_POINT('',(-0.00190500000000005,0.043815,0.0022225));
#2332=CARTESIAN_POINT('',(0.00190500000000005,0.024765,0.0022225));
#2333=CARTESIAN_POINT('',(0.00190500000000005,0.024765,0.0022225));
#2334=CARTESIAN_POINT('',(0.00190500000000005,0.0389992860393058,0.0022225));
#2335=CARTESIAN_POINT('',(0.00190500000000005,0.043815,0.0022225));
#2336=CARTESIAN_POINT('',(0.00190500000000005,0.0389992860393058,-1.00000000000013E-6));
#2337=CARTESIAN_POINT('',(0.00190500000000005,0.043815,0.0022225));
#2338=CARTESIAN_POINT('',(0.,0.,0.0022225));
#2339=CARTESIAN_POINT('',(0.,0.03429,0.0022225));
#2340=CARTESIAN_POINT('',(0.,0.03429,0.0022225));
#2341=CARTESIAN_POINT('',(0.,0.,0.0022225));
#2342=CARTESIAN_POINT('',(0.00190500000000005,0.024765,0.0022225));
#2343=CARTESIAN_POINT('',(0.00190500000000005,0.024765,0.0022225));
#2344=CARTESIAN_POINT('',(0.00190500000000005,0.0295807139606943,0.0022225));
#2345=CARTESIAN_POINT('',(0.,0.03429,0.0022225));
#2346=CARTESIAN_POINT('',(-0.00190500000000005,0.0295807139606943,0.0022225));
#2347=CARTESIAN_POINT('',(-0.00190500000000005,0.024765,0.0022225));
#2348=CARTESIAN_POINT('',(-0.00190500000000005,0.024765,0.0022225));
#2349=CARTESIAN_POINT('',(0.,0.03429,0.0022225));
#2350=CARTESIAN_POINT('',(0.00190500000000005,0.024765,0.0022225));
#2351=CARTESIAN_POINT('',(0.00190500000000005,0.0295807139606943,-1.00000000000013E-6));
#2352=CARTESIAN_POINT('',(0.00190500000000005,0.024765,0.0022225));
#2353=CARTESIAN_POINT('',(-0.00190500000000005,0.024765,0.0022225));
#2354=CARTESIAN_POINT('',(-0.00190500000000005,0.0295807139606943,-1.00000000000013E-6));
#2355=CARTESIAN_POINT('',(-0.00190500000000005,0.024765,0.0022225));
#2356=CARTESIAN_POINT('',(0.,0.03429,-1.00000000000013E-6));
#2357=CARTESIAN_POINT('',(0.,0.03429,-0.00171205678841883));
#2358=CARTESIAN_POINT('',(0.,0.03429,0.00109985226280625));
#2359=CARTESIAN_POINT('',(0.,0.03429,-1.00000000000013E-6));
#2360=CARTESIAN_POINT('',(0.,0.03429,0.00129279547438757));
#2361=CARTESIAN_POINT('',(0.,0.03429,0.00109985226280622));
#2362=CARTESIAN_POINT('',(-6.93889390390723E-18,0.037465,0.0047625));
#2363=CARTESIAN_POINT('',(-6.93889390390723E-18,0.037465,0.000952500000000013));
#2364=CARTESIAN_POINT('',(0.03556,0.066675,0.01905));
#2365=CARTESIAN_POINT('',(0.03556,0.066675,0.01651));
#2366=CARTESIAN_POINT('',(-0.0327025,-0.066675,0.01905));
#2367=CARTESIAN_POINT('',(-0.0327025,-0.066675,0.01651));
#2368=CARTESIAN_POINT('',(0.0327025,-0.066675,0.01905));
#2369=CARTESIAN_POINT('',(0.0327025,-0.066675,0.01651));
#2370=CARTESIAN_POINT('',(0.03556,0.073025,0.0047625));
#2371=CARTESIAN_POINT('',(0.03556,0.073025,0.01651));
#2372=CARTESIAN_POINT('',(0.03556,0.073025,0.000952500000000013));
#2373=CARTESIAN_POINT('',(0.03556,-0.073025,0.0047625));
#2374=CARTESIAN_POINT('',(0.03556,-0.073025,0.01651));
#2375=CARTESIAN_POINT('',(-0.03556,-0.073025,0.0047625));
#2376=CARTESIAN_POINT('',(-0.03556,-0.073025,0.01651));
#2377=CARTESIAN_POINT('',(-0.0381,0.,0.000952500000000013));
#2378=CARTESIAN_POINT('',(-0.0381,0.037465,0.000952500000000013));
#2379=CARTESIAN_POINT('',(-6.93889390390723E-18,0.037465,0.000952500000000013));
#2380=CARTESIAN_POINT('',(-6.93889390390723E-18,0.075565,0.000952500000000013));
#2381=CARTESIAN_POINT('',(0.,0.075565,0.000952500000000013));
#2382=CARTESIAN_POINT('',(0.03556,0.075565,0.000952500000000013));
#2383=CARTESIAN_POINT('',(0.03556,0.073025,0.000952500000000013));
#2384=CARTESIAN_POINT('',(0.,-0.075565,0.000952500000000013));
#2385=CARTESIAN_POINT('',(0.0381,0.,0.000952500000000013));
#2386=CARTESIAN_POINT('',(6.93889390390723E-18,0.03429,0.0034925));
#2387=CARTESIAN_POINT('',(0.,0.03429,0.0034925));
#2388=CARTESIAN_POINT('',(0.,0.03429,0.0034925));
#2389=CARTESIAN_POINT('',(0.,0.03429,0.019051));
#2390=CARTESIAN_POINT('',(0.,0.03429,0.019051));
#2391=CARTESIAN_POINT('',(2.80387957749721E-17,-0.062865,0.01651));
#2392=CARTESIAN_POINT('',(-0.03937,-0.062865,0.01651));
#2393=CARTESIAN_POINT('',(-0.0327025,-0.062865,0.01651));
#2394=CARTESIAN_POINT('',(-0.0327025,-0.066675,0.01651));
#2395=CARTESIAN_POINT('',(-0.0288925,-0.066675,0.01651));
#2396=CARTESIAN_POINT('',(-0.03937,0.,0.01651));
#2397=CARTESIAN_POINT('',(-0.03937,-0.073025,0.01651));
#2398=CARTESIAN_POINT('',(-0.0288925,-0.060325,0.01651));
#2399=CARTESIAN_POINT('',(-0.0288925,-0.076835,0.01651));
#2400=CARTESIAN_POINT('',(-0.03556,-0.073025,0.01651));
#2401=CARTESIAN_POINT('',(-0.03556,-0.076835,0.01651));
#2402=CARTESIAN_POINT('',(0.,-0.076835,0.01651));
#2403=CARTESIAN_POINT('',(0.0288925,5.26199454379631E-18,0.01651));
#2404=CARTESIAN_POINT('',(0.0288925,-0.076835,0.01651));
#2405=CARTESIAN_POINT('',(0.0288925,-0.066675,0.01651));
#2406=CARTESIAN_POINT('',(0.0327025,-0.066675,0.01651));
#2407=CARTESIAN_POINT('',(0.0327025,-0.062865,0.01651));
#2408=CARTESIAN_POINT('',(0.,-0.076835,0.01651));
#2409=CARTESIAN_POINT('',(0.03556,-0.076835,0.01651));
#2410=CARTESIAN_POINT('',(2.80387957749721E-17,-0.062865,0.01651));
#2411=CARTESIAN_POINT('',(0.03937,-0.062865,0.01651));
#2412=CARTESIAN_POINT('',(0.03556,-0.073025,0.01651));
#2413=CARTESIAN_POINT('',(0.03937,-0.073025,0.01651));
#2414=CARTESIAN_POINT('',(0.03937,0.,0.01651));
#2415=CARTESIAN_POINT('',(0.,0.062865,0.01651));
#2416=CARTESIAN_POINT('',(0.03556,0.062865,0.01651));
#2417=CARTESIAN_POINT('',(0.03937,0.062865,0.01651));
#2418=CARTESIAN_POINT('',(0.03937,0.,0.01651));
#2419=CARTESIAN_POINT('',(0.03937,0.073025,0.01651));
#2420=CARTESIAN_POINT('',(0.03556,0.066675,0.01651));
#2421=CARTESIAN_POINT('',(0.03175,0.066675,0.01651));
#2422=CARTESIAN_POINT('',(0.03556,0.073025,0.01651));
#2423=CARTESIAN_POINT('',(0.03556,0.076835,0.01651));
#2424=CARTESIAN_POINT('',(0.03175,5.78241158658936E-18,0.01651));
#2425=CARTESIAN_POINT('',(0.03175,0.076835,0.01651));
#2426=CARTESIAN_POINT('',(0.,0.076835,0.01651));
#2427=CARTESIAN_POINT('',(0.,0.0312851477371937,0.0034925));
#2428=CARTESIAN_POINT('',(-0.009525,0.036195,0.00239264773719378));
#2429=CARTESIAN_POINT('',(0.,0.03429,0.00109985226280622));
#2430=CARTESIAN_POINT('',(0.,0.03429,0.00109985226280625));
#2431=MECHANICAL_DESIGN_GEOMETRIC_PRESENTATION_REPRESENTATION('',(#1398),
#2432);
#2432=(
GEOMETRIC_REPRESENTATION_CONTEXT(3)
GLOBAL_UNCERTAINTY_ASSIGNED_CONTEXT((#2433))
GLOBAL_UNIT_ASSIGNED_CONTEXT((#2436,#2435,#2434))
REPRESENTATION_CONTEXT('Part 1','TOP_LEVEL_ASSEMBLY_PART')
);
#2433=UNCERTAINTY_MEASURE_WITH_UNIT(LENGTH_MEASURE(2.E-5),#2436,
'DISTANCE_ACCURACY_VALUE','Maximum Tolerance applied to model');
#2434=(
NAMED_UNIT(*)
SI_UNIT($,.STERADIAN.)
SOLID_ANGLE_UNIT()
);
#2435=(
NAMED_UNIT(*)
PLANE_ANGLE_UNIT()
SI_UNIT($,.RADIAN.)
);
#2436=(
LENGTH_UNIT()
NAMED_UNIT(*)
SI_UNIT($,.METRE.)
);
#2437=PRODUCT_DEFINITION_SHAPE('','',#2438);
#2438=PRODUCT_DEFINITION('','',#2440,#2439);
#2439=PRODUCT_DEFINITION_CONTEXT('',#2446,'design');
#2440=PRODUCT_DEFINITION_FORMATION_WITH_SPECIFIED_SOURCE('','',#2442,
 .NOT_KNOWN.);
#2441=PRODUCT_RELATED_PRODUCT_CATEGORY('','',(#2442));
#2442=PRODUCT('Part 1','Part 1','Part 1',(#2444));
#2443=PRODUCT_CATEGORY('','');
#2444=PRODUCT_CONTEXT('',#2446,'mechanical');
#2445=APPLICATION_PROTOCOL_DEFINITION('international standard',
'ap242_managed_model_based_3d_engineering',2020,#2446);
#2446=APPLICATION_CONTEXT('managed model based 3d engineering');
ENDSEC;
END-ISO-10303-21;
